Symbol,Company,CurrentPrice,TotalScore,DividendYield,AvgYield2Y,MaxYield2Y,MarketCap,SizeCategory,SectorJP,SplitFlag,BuySignal,Problem,AvgGrowthRate,CumulativeDividend
1904.T,"Taisei Oncho Co., Ltd.",1230.0,86,0.0991869918699187,0.07976382352621166,0.11707409872152859,31325732864.0,超小型,資本財・サービス,Split,〇,,0.2352338570124017,
9733.T,Nagase Brothers Inc.,2216.0,87,0.09476534296028881,0.07683069392764136,0.09857686075055755,54132756480.0,小型,生活必需品,,◎,配当性向100%以上,0.1153846204733729,
6927.T,"Helios Techno Holding Co., Ltd.",993.0,81,0.09164149043303121,0.07491507735907865,0.10282485875706214,18024605696.0,超小型,情報技術,,〇,配当性向100%以上,0.4321428571428571,
8174.T,"Nippon Gas Co., Ltd.",932.0999755859375,81,0.07742374196999043,0.06415841933054214,0.08541172556481003,301986283520.0,大型,公益事業,Split,〇,現金比率低い/配当性向100%以上,0.2874852817227946,
3134.T,Hamee Corp.,296.0,71,0.07601351351351351,0.055490042297438216,0.09,4864304128.0,超小型,一般消費財・サービス,,◎,,0.492924513757847,累進
4471.T,"Sanyo Chemical Industries, Ltd.",1664.0,85,0.07286658653846154,0.07630933696291962,0.10758802779906186,145938989056.0,中型,素材,Split,×,減収傾向,0.0763890341185027,累進
1926.T,"Raito Kogyo Co., Ltd.",950.0,100,0.06973684210526315,0.06345592623950572,0.08400762433583485,162076459008.0,中型,資本財・サービス,Split,〇,,0.2203497490202223,累進
2163.T,"Artner Co., Ltd.",923.0,85,0.06933911159263272,0.06084353626656121,0.07070525214625628,9963682816.0,超小型,資本財・サービス,Split,◎,配当性向100%以上,0.292122234483967,
7769.T,"Rhythm Co.,Ltd.",3770.0,85,0.06567639257294429,0.047459795050367515,0.07459235548860854,30493112320.0,超小型,一般消費財・サービス,,◎,ROE低い,0.1164986636120656,累進
6307.T,"Sansei Co.,Ltd.",458.0,82,0.06550218340611354,0.05374138209962816,0.07263922518159806,3582804480.0,超小型,資本財・サービス,,〇,,0.0757427757427757,累進
2112.T,"Ensuiko Sugar Refining Co., Ltd.",442.0,92,0.06334841628959276,0.056251091159757946,0.06866140332220962,12466403328.0,超小型,生活必需品,,〇,,0.1666666666666666,
1925.T,"Daiwa House Industry Co., Ltd.",2154.0,92,0.06313834726090993,0.04894425233898518,0.0675322247564129,2695619674112.0,超大型,不動産,Split,〇,,0.0715211590844793,
1384.T,"Hokuryo Co., Ltd.",2062.0,92,0.06304558680892337,0.05536966107738224,0.06642820643842616,17814312960.0,超小型,生活必需品,,〇,,0.2579365079365079,
417A.T,"Blue Zones Holdings Co.,Ltd.",1821.0,100,0.062328390993959364,0.042321672646359276,0.07125926271089797,367984312320.0,大型,生活必需品,Split,◎,,0.1254936100279516,累進
7508.T,G-7 Holdings Inc.,1381.0,97,0.06154960173787111,0.04990177645360085,0.06789550457499005,61864615936.0,小型,生活必需品,,〇,,0.1498664306768749,累進
1787.T,"Nakabohtec Corrosion Protecting Co.,Ltd.",5600.0,86,0.059821428571428574,0.06406489291917429,0.07004782725184269,12169036800.0,超小型,資本財・サービス,,×,,0.154146086302949,
6294.T,Okada Aiyon Corporation,1892.0,76,0.05972515856236787,0.05018329854167605,0.06007193738059134,15565868032.0,超小型,資本財・サービス,,◎,,0.1645083451687825,累進
1418.T,"Interlife Holdings Co., Ltd.",599.0,76,0.05843071786310518,0.08193402513960381,0.1136041238814696,9274400768.0,超小型,資本財・サービス,,×,,0.4,累進
5706.T,"Mitsui Kinzoku Company, Limited",2647.5,83,0.058356940509915016,0.0561703652428643,0.08886430546430972,1410037579776.0,超大型,資本財・サービス,Split,△,現金比率低い,0.1703961887785417,
2767.T,Tsuburaya Fields Holdings Inc.,2425.0,91,0.0577319587628866,0.06377940403542645,0.10790379694576782,157623189504.0,中型,一般消費財・サービス,,×,,0.4092592592592592,
4838.T,Space Shower Skiyaki Holdings Inc.,694.0,95,0.05763688760806916,0.04504658498899986,0.06612791760325852,11481062400.0,超小型,コミュニケーション・サービス,,〇,,0.0333333333333333,累進
4743.T,ITFOR Inc.,1604.0,88,0.05610972568578554,0.05035672289662388,0.05855728349102055,43002630144.0,小型,情報技術,,◎,,0.181938552964263,
4547.T,"Kissei Pharmaceutical Co., Ltd.",3675.0,83,0.055782312925170066,0.0430257185679476,0.058442973069098264,160267452416.0,中型,ヘルスケア,,◎,営業CF合計マイナス,0.1145825891260792,累進
8881.T,"NISSHIN GROUP HOLDINGS Company, Limited",630.0,70,0.05555555555555555,0.05087470045015888,0.056451612903225805,30217889792.0,超小型,不動産,,◎,営業CF合計マイナス,0.1065937149270482,累進
8739.T,"SPARX Group Co., Ltd.",2643.0,97,0.054861899356791526,0.06829868588614697,0.09649529485517379,105860358144.0,中型,金融,,×,,0.1691117524450857,
3925.T,Double Standard Inc.,1278.0,89,0.054773082942097026,0.0509586913234643,0.060922541340295906,17705758720.0,超小型,情報技術,,〇,配当性向70%以上2回,0.3145946645946645,累進
2379.T,DIP Corporation,1761.0,87,0.054514480408858604,0.05167453398696359,0.05787724841090586,93924737024.0,小型,コミュニケーション・サービス,,〇,配当性向70%以上2回,0.1280723454003143,
1965.T,Techno Ryowa Ltd.,2362.0,89,0.05419136325148179,0.05297871916897982,0.07433371583298308,145411047424.0,中型,資本財・サービス,Split,△,,0.2607443827260778,
2700.T,"Kitoku Shinryo Co., Ltd.",1765.0,70,0.053824362606232294,0.029952059300921343,0.06552661658850453,14587597824.0,超小型,生活必需品,,☆,,0.1287037037037036,累進
5161.T,"Nishikawa Rubber Co., Ltd.",3425.0,97,0.053722627737226275,0.09744276235239563,0.1924474939726607,127798763520.0,中型,一般消費財・サービス,,×,,0.7403555184256939,
1870.T,"Yahagi Construction Co.,Ltd.",2052.0,86,0.05360623781676413,0.06152077840775385,0.07887019175224756,91674738688.0,小型,資本財・サービス,,×,,0.1595071670643565,
7575.T,"Japan Lifeline Co., Ltd.",1481.0,91,0.053342336259284265,0.05023353396848806,0.06373167402197276,107055734784.0,中型,ヘルスケア,,〇,,0.3508550683483893,
3835.T,"eBASE Co.,Ltd.",429.0,86,0.05314685314685314,0.04492586249389253,0.06035911029760884,18983694336.0,超小型,情報技術,,〇,,0.2798181517455955,
6200.T,"Insource Co., Ltd.",660.0,79,0.05303030303030303,0.04649988367355226,0.06431632000823694,54574260224.0,小型,生活必需品,,〇,,0.428127772252866,累進
6809.T,TOA Corporation,1719.0,89,0.05235602094240838,0.06339516169903978,0.08140451944801536,59572797440.0,小型,資本財・サービス,,×,,0.1420503811808159,
5195.T,"Bando Chemical Industries, Ltd.",2484.0,97,0.05233494363929147,0.05945094912332008,0.0694741995097351,101548785664.0,中型,資本財・サービス,,×,,0.1684798296146696,
3231.T,"Nomura Real Estate Holdings, Inc.",843.0,65,0.05219454329774614,0.047846456291431846,0.05219454329774614,747176853504.0,大型,不動産,,☆,現金比率低い/自己資本比率低い/営業CF合計マイナス,0.1320587375347293,累進
8877.T,Eslead Corporation,4920.0,80,0.051829268292682924,0.050967775960983154,0.059770945901841344,77918093312.0,小型,不動産,,〇,営業CF合計マイナス,0.2926406926406926,累進
2479.T,JTEC Corporation,252.0,84,0.051587301587301584,0.0524930873680354,0.05909090909090909,2070991744.0,超小型,情報技術,,×,,0.5555555555555556,累進
3393.T,"Startia Holdings,Inc.",3070.0,86,0.051465798045602605,0.0603494334193251,0.071069686157431,29404520448.0,超小型,情報技術,,×,,0.5045763407372217,
5285.T,Yamax Corp.,1286.0,92,0.05132192846034215,0.04732723397680764,0.05536912751677853,12756284416.0,超小型,素材,,〇,,0.3531746031746032,
1813.T,Fudo Tetra Corporation,2835.0,80,0.05114638447971781,0.041223370364527084,0.05686913176811083,44679397376.0,小型,資本財・サービス,,〇,,0.0582491582491582,
1938.T,"Nippon Rietec Co.,Ltd.",2526.0,92,0.0510688836104513,0.0561926266985625,0.06772259913646128,63686008832.0,小型,資本財・サービス,,×,,0.2661990273101384,累進
4619.T,"Nihon Tokushu Toryo Co., Ltd.",2598.0,83,0.05003849114703618,0.07499806284621925,0.10946750755249204,55784640512.0,小型,一般消費財・サービス,,×,,0.2497734527904776,
2136.T,HIP Corporation,1406.0,87,0.049786628733997154,0.05181091880348995,0.0625673860880745,5475670016.0,超小型,資本財・サービス,,×,,0.1903703703703703,
5284.T,"Yamau Holdings Co., Ltd.",2212.0,89,0.04972875226039783,0.06066177575006765,0.08176472946584293,13480888320.0,超小型,素材,,×,,0.4892598829583075,累進
8130.T,Sangetsu Corporation,3120.0,100,0.049679487179487176,0.05600075789619767,0.061042377955555276,185193185280.0,中型,一般消費財・サービス,,×,,0.1480835833773673,累進
8864.T,"Airport Facilities Co., Ltd.",907.0,87,0.04961411245865491,0.04921723638918063,0.05713353149667256,46417678336.0,小型,不動産,,〇,ROE低い,0.1225285435811751,累進
4762.T,XNET Corporation,1060.0,80,0.049528301886792456,0.05293023820685515,0.07410232471749652,9053678592.0,超小型,情報技術,Split,×,営業CF合計マイナス,0.057799671592775,累進
6368.T,Organo Corporation,2646.5,84,0.049499338749291515,0.04074060870606763,0.05856423455599372,594321866752.0,大型,資本財・サービス,Split,〇,現金比率低い,0.3713485112597459,累進
4783.T,"NCD Co., Ltd.",2427.0,92,0.049443757725587144,0.04699029879152063,0.053872626618264016,20008404992.0,超小型,情報技術,,〇,,0.3574126755804573,
1768.T,Sonec Corporation,1025.0,74,0.04878048780487805,0.04077703943071089,0.05065856129685917,7480696832.0,超小型,資本財・サービス,,◎,,0.143019943019943,累進
7235.T,"Tokyo Radiator Mfg.Co.,Ltd.",1523.0,87,0.048588312541037425,0.06591437190259625,0.0927129052824262,14891443200.0,超小型,一般消費財・サービス,,×,,0.3363844398158123,
7239.T,"TACHI-S Co., Ltd.",2281.0,86,0.04848750548005261,0.06225973803857077,0.07911425634303894,80138436608.0,小型,一般消費財・サービス,,×,,0.3493834972493566,
1799.T,Daiichi Kensetsu Corporation,3305.0,84,0.048411497730711045,0.05151486135609779,0.06339871047537246,58964738048.0,小型,資本財・サービス,,×,,0.2163133344505893,累進
9709.T,"NCS&A Co., Ltd.",1200.0,89,0.04833333333333333,0.059384541619261585,0.08911313701655249,18574129152.0,超小型,情報技術,,×,,0.34009139009139,累進
6070.T,"Careerlink Co., Ltd.",2495.0,79,0.04809619238476954,0.05686779235107984,0.06643562697000989,30404202496.0,超小型,資本財・サービス,,×,,0.5502244668911335,累進
8771.T,"eGuarantee, Inc.",1709.0,92,0.04798127559976594,0.03796124633882837,0.053021523734200944,77187842048.0,小型,金融,,〇,配当性向100%以上,0.1983710008219812,
6381.T,ANEST IWATA Corporation,1860.0,97,0.0478494623655914,0.05692270876664876,0.06797937414756412,73060614144.0,小型,資本財・サービス,,×,,0.1392750187470684,累進
1717.T,Meiho Facility Works Ltd.,921.0,84,0.04777415852334419,0.04835808427485438,0.053375642196775,10970825728.0,超小型,資本財・サービス,,×,,0.2521640590245241,
7949.T,"Komatsu Wall Industry Co., Ltd.",2726.0,92,0.04768892149669846,0.05946163627928692,0.08264069295512304,48754393088.0,小型,資本財・サービス,,×,,0.1545555479379009,累進
7593.T,"Vt Holdings Co.,Ltd.",504.0,82,0.047619047619047616,0.05390222120229249,0.05753767360741486,58998325248.0,小型,一般消費財・サービス,,×,自己資本比率低い,0.0467040829022911,累進
2127.T,Nihon M&A Center Holdings Inc.,609.9000244140625,94,0.047548776584917525,0.05027251733777643,0.06306520529115607,198327468032.0,中型,金融,,×,配当性向70%以上2回,0.1727261988057735,累進
7937.T,"Tsutsumi Jewelry Co.,Ltd.",2419.0,78,0.047540305911533694,0.04485789600825614,0.04815175011509253,38597804032.0,超小型,一般消費財・サービス,,◎,営業CF合計マイナス,0.1502645502645502,累進
8803.T,"Heiwa Real Estate Co., Ltd.",2230.0,77,0.04753363228699552,0.045760883806580256,0.05050221776545692,152093736960.0,中型,不動産,,〇,自己資本比率低い,0.2394456848975797,累進
7914.T,"Kyodo Printing Co., Ltd.",1686.0,83,0.04744958481613286,0.057274542813843775,0.07405549401759477,47476645888.0,小型,資本財・サービス,,×,,0.2324294532627865,
9385.T,Shoei Corporation,742.0,82,0.04716981132075472,0.04618806727255527,0.05728890525981164,5756811776.0,超小型,コミュニケーション・サービス,,〇,,0.1301994301994301,累進
5351.T,"Shinagawa Refra Co., Ltd.",1953.0,88,0.047107014848950336,0.05477298389844317,0.06839094821756647,91403141120.0,小型,素材,,×,,0.2707520874187541,
7246.T,"Press Kogyo Co., Ltd.",977.0,83,0.04708290685772774,0.06433011496076668,0.0807396895469952,95504334848.0,小型,一般消費財・サービス,,×,,0.237680516535335,
6196.T,"Strike Group Co., Ltd.",1382.0,79,0.04703328509406657,0.060377918679902734,0.0807429163088962,81515724800.0,小型,金融,Split,×,配当性向70%以上2回,0.4896144035545403,累進
9845.T,Parker Corporation,1340.0,87,0.04701492537313433,0.04245792236424477,0.05140007274346853,33813389312.0,超小型,資本財・サービス,,〇,,0.1888212975279044,
9990.T,Sac's Bar Holdings Inc.,745.0,81,0.04697986577181208,0.04399433397562905,0.04964539007092199,22068400128.0,超小型,一般消費財・サービス,,〇,,0.0493827160493827,
9474.T,"Zenrin Co., Ltd.",895.0,86,0.04692737430167598,0.04833049199799805,0.054582394434634286,48314847232.0,小型,コミュニケーション・サービス,,×,配当性向70%以上2回,0.0730105249159909,累進
6183.T,"BELLSYSTEM24 Holdings, Inc.",1281.0,81,0.0468384074941452,0.049196733568103,0.05711553974487184,97987133440.0,小型,資本財・サービス,,×,現金比率低い,0.0627798127798127,累進
1719.T,Hazama Ando Corporation,1753.0,92,0.04677695379349686,0.05682295477828296,0.0786179337684455,283252391936.0,中型,資本財・サービス,,×,,0.2037698412698412,累進
5279.T,"Nihon Kogyo Co., Ltd.",1188.0,85,0.046296296296296294,0.047665198042849556,0.058776628899884394,3534813696.0,超小型,資本財・サービス,,×,,0.087037037037037,累進
7172.T,"Japan Investment Adviser Co., Ltd.",2119.0,70,0.04624823029731005,0.047721648929932636,0.08311347123382753,132584947712.0,中型,資本財・サービス,,×,営業CF合計マイナス,0.4164802936964265,累進
256A.T,TOBISHIMA HOLDINGS Inc.,2275.0,79,0.046153846153846156,0.05457846979017286,0.06442215525173205,44109611008.0,小型,資本財・サービス,,×,,0.1928571428571428,累進
9769.T,"Gakkyusha Co.,Ltd.",2503.0,86,0.04594486616060727,0.04922902610973427,0.05205708914957122,27637815296.0,超小型,生活必需品,,×,,0.0721371380854139,
8016.T,"Onward Holdings Co., Ltd.",698.0,92,0.045845272206303724,0.060313621763323416,0.08232054088172766,96623157248.0,小型,一般消費財・サービス,,×,,0.1296296296296296,
9364.T,"Kamigumi Co., Ltd.",4690.0,89,0.04584221748400853,0.04760901012950429,0.05637657596665077,462714732544.0,大型,資本財・サービス,,×,,0.2533561260113199,累進
5970.T,G-Tekt Corporation,2193.0,84,0.045599635202918376,0.05926826985277883,0.07207216551556547,95643320320.0,小型,一般消費財・サービス,,×,,0.1203356190595883,累進
4709.T,ID Holdings Corporation,1042.0,92,0.04558541266794626,0.04999138060664411,0.056735702492160055,36388298752.0,超小型,情報技術,Split,×,,0.2335483520358294,
8860.T,Fuji Corporation Limited,702.0,85,0.045584045584045586,0.04913743884104871,0.060315482142402774,25787187200.0,超小型,不動産,,×,,0.0314339981006647,累進
2918.T,"Warabeya Nichiyo Holdings Co., Ltd.",2638.0,89,0.045489006823351025,0.04817077392191672,0.059668485292026376,46475829248.0,小型,生活必需品,,×,,0.1594276094276094,
9880.T,Innotech Corporation,3970.0,97,0.04534005037783375,0.06763550921424069,0.09242564285075844,44890824704.0,小型,情報技術,,×,,0.2397707231040564,累進
2181.T,"Persol Holdings Co.,Ltd.",276.70001220703125,92,0.04517527809376208,0.050383202799403635,0.058382183513618256,629266776064.0,大型,資本財・サービス,,×,,0.2677446129136611,
3817.T,"SRA Holdings, Inc.",4655.0,94,0.045112781954887216,0.04727231231608631,0.05094911249204493,64550039552.0,小型,情報技術,,×,,0.1189606689606689,
1911.T,"Sumitomo Forestry Co., Ltd.",1177.5,82,0.04501061571125265,0.029620613868456405,0.044339706267419766,736431374336.0,大型,一般消費財・サービス,,☆,,0.2366754091073769,累進
9068.T,"Maruzen Showa Unyu Co., Ltd.",3555.0,86,0.0450070323488045,0.0377671568389397,0.046071575020652275,138035658752.0,中型,資本財・サービス,Split,◎,,0.1782552887417121,
2733.T,Arata Corporation,2490.0,87,0.04497991967871486,0.04165739210714798,0.048017068567342294,86436872192.0,小型,一般消費財・サービス,,〇,,0.1559441839126889,累進
6088.T,SIGMAXYZ Holdings Inc.,580.0,81,0.04482758620689655,0.036632180030189324,0.050980392156862744,46774190080.0,小型,資本財・サービス,,〇,,0.2586516878183544,累進
8876.T,"Relo Group, Inc.",2316.0,87,0.044689119170984455,0.042551484446134734,0.06427646935789712,347022721024.0,大型,資本財・サービス,,△,自己資本比率低い,0.1439209035421455,
6331.T,"Mitsubishi Kakoki Kaisha, Ltd.",3045.0,89,0.04433497536945813,0.0570551138362799,0.09365503108688401,69937946624.0,小型,資本財・サービス,,×,,0.2526399360522404,累進
1867.T,UEKI Corporation,2707.0,72,0.04432951606944958,0.05135992586037056,0.06366550739279955,17858158592.0,超小型,資本財・サービス,,×,営業CF合計マイナス,0.1080367163700496,累進
9628.T,"SAN Holdings, Inc.",1292.0,67,0.04411764705882353,0.03510584459101751,0.05641503990013269,31053885440.0,超小型,一般消費財・サービス,,〇,,0.1180931511661217,累進
2498.T,Oriental Consultants Holdings Company Limited,2963.0,70,0.043874451569355384,0.049658340796610925,0.06175599772083781,35817013248.0,超小型,資本財・サービス,,×,営業CF合計マイナス,0.3386986595404445,累進
3183.T,"WIN-Partners Co., Ltd.",1233.0,90,0.043795620437956206,0.044056175619110384,0.04767629222993863,34483539968.0,超小型,ヘルスケア,,×,,0.1162957553059838,累進
1964.T,"Chugai Ro Co., Ltd.",3800.0,80,0.04368421052631579,0.04454627246775186,0.054387126397222006,27017940992.0,超小型,資本財・サービス,,×,営業CF合計マイナス,0.139021164021164,
6345.T,Aichi Corporation,1443.0,86,0.04365904365904366,0.05166081076017081,0.05814496931577453,92836323328.0,小型,資本財・サービス,,×,,0.1644066922811162,累進
4825.T,Weathernews Inc.,1948.0,94,0.043634496919917866,0.02898596188704368,0.03436228696053223,87673012224.0,小型,コミュニケーション・サービス,Split,◎,,0.0426297534993187,
2475.T,"WDB Holdings Co., Ltd.",1719.0,81,0.04363001745200698,0.04491252175842702,0.05158947040772055,33416726528.0,超小型,資本財・サービス,,×,,0.23784091776377,
3139.T,"Lacto Japan Co., Ltd.",3395.0,70,0.043593519882179674,0.03376175314862822,0.05481972683619855,34636701696.0,超小型,生活必需品,,〇,営業CF合計マイナス,0.2819001417685628,累進
8908.T,"Mainichi Comnet Co., Ltd.",873.0,84,0.043528064146620846,0.04082636287940756,0.05080859101523773,15085192192.0,超小型,不動産,,〇,,0.0510223415241336,
9698.T,"Creo Co.,Ltd.",1265.0,81,0.043478260869565216,0.04881898051959507,0.05356547706849172,9907789824.0,超小型,情報技術,,×,,0.166080586080586,
8091.T,"Nichimo Co., Ltd.",2300.0,77,0.043478260869565216,0.0503490354961038,0.062146907362370336,19987286016.0,超小型,生活必需品,,×,,0.1958214624881291,累進
3861.T,Oji Holdings Corporation,828.0999755859375,81,0.04347301178764983,0.04760437575549342,0.05548406323232597,717093470208.0,大型,素材,,×,現金比率低い,0.1385373885373885,累進
1928.T,"Sekisui House, Ltd.",3313.0,97,0.04346513733776034,0.04599089563211575,0.050707538492211525,2185119399936.0,超大型,一般消費財・サービス,,×,,0.1069814026087249,
5911.T,Yokogawa Bridge Holdings Corp.,2877.0,77,0.04344803614876608,0.0472790201692165,0.05377916701203432,116493156352.0,中型,資本財・サービス,,×,減収傾向,0.2537453015394191,累進
7849.T,Starts Publishing Corporation,3000.0,71,0.043333333333333335,0.026459983466129718,0.04246350533333748,11406161920.0,超小型,コミュニケーション・サービス,,☆,,0.3593073593073593,累進
3682.T,"Encourage Technologies Co., Ltd.",601.0,80,0.04326123128119801,0.04478947468432397,0.04928750020982685,4024190976.0,超小型,情報技術,,×,ROE低い/配当性向70%以上2回,0.0890123456790123,累進
2154.T,Open Up Group Inc.,1966.0,89,0.04323499491353001,0.03986586810213087,0.05556927301390046,170854907904.0,中型,資本財・サービス,,△,,0.1928699067063847,
7241.T,"Futaba Industrial Co., Ltd.",1041.0,89,0.043227665706051875,0.05326785753134593,0.06754125709202102,95554256896.0,小型,一般消費財・サービス,,×,,0.5194194194194195,累進
4299.T,"HIMACS, Ltd.",1182.0,95,0.04314720812182741,0.04333477518346654,0.04663808643102633,12549185536.0,超小型,情報技術,,×,,0.1341078905630053,累進
3834.T,"Asahi Net, Inc.",581.0,90,0.043029259896729774,0.04110851347026686,0.043335770970450424,15417043968.0,超小型,コミュニケーション・サービス,,◎,,0.0378999929286376,累進
3353.T,"Medical Ikkou Group Co.,Ltd.",2800.0,87,0.04285714285714286,0.04510515082989709,0.05102368446933593,10559524864.0,超小型,資本財・サービス,,×,,0.1516430646332607,
3289.T,Tokyu Fudosan Holdings Corporation,1190.5,90,0.04283914321713566,0.04196335143825626,0.04774930714851938,876917882880.0,大型,不動産,,〇,自己資本比率低い,0.1486825934452353,累進
4540.T,Tsumura & Co.,3707.0,95,0.042622066360938765,0.042058800746616914,0.04573401458147668,279470899200.0,中型,ヘルスケア,,〇,,0.1067346003035669,累進
8929.T,"Aoyama Zaisan Networks Company,Limited",1314.0,71,0.0426179604261796,0.02577138823074782,0.0375022662830548,32728723456.0,超小型,不動産,,☆,,0.1887285095230432,累進
6432.T,"Takeuchi Mfg. Co., Ltd.",7520.0,100,0.0425531914893617,0.04795471271263729,0.05507953107430719,338132140032.0,大型,資本財・サービス,,×,,0.2877564109807501,累進
8097.T,"San-Ai Obbli Co., Ltd.",2352.0,87,0.04251700680272109,0.05507604213419479,0.06945395894348591,149817196544.0,中型,エネルギー,,×,,0.2206488358662272,累進
4914.T,Takasago International Corporation,1271.0,84,0.042486231313926044,0.04958181956729503,0.06078591506055079,125379919872.0,中型,素材,,×,,0.2863666459680952,
5714.T,"Dowa Holdings Co., Ltd.",8729.0,84,0.042158322831939515,0.040238899519723995,0.050810615334684485,525295845376.0,大型,素材,,〇,現金比率低い,0.0642025291148098,累進
7981.T,"Takara Standard Co.,Ltd.",3040.0,84,0.042105263157894736,0.05171549468342346,0.06705861686036337,192077479936.0,中型,一般消費財・サービス,,×,,0.1764684542180332,
1861.T,"Kumagai Gumi Co.,Ltd.",1235.0,86,0.042105263157894736,0.046466081208173665,0.0610436912754488,213613477888.0,中型,資本財・サービス,,×,,0.2272825939492606,累進
9413.T,TV TOKYO Holdings Corporation,3210.0,83,0.04205607476635514,0.033307146857315464,0.04205607476635514,88170364928.0,小型,コミュニケーション・サービス,,☆,,0.112037037037037,
9639.T,"Sankyo Frontier Co.,Ltd.",2262.0,91,0.041998231653404064,0.0460906970765705,0.04882777781089123,51717697536.0,小型,不動産,,×,,0.0973492606557122,累進
8101.T,GSI Creos Corporation,2477.0,72,0.04198627371820751,0.04862969434551834,0.059793519183274996,30443249664.0,超小型,一般消費財・サービス,,×,,0.3181401925295307,累進
6644.T,"Osaki Electric Co., Ltd.",1454.0,94,0.041953232462173314,0.04176378338473617,0.05433390268212973,63304183808.0,小型,情報技術,,△,,0.1033910533910534,
5965.T,Fujimak Corporation,1193.0,77,0.041911148365465216,0.03598346328676489,0.04809470876744319,15661952000.0,超小型,一般消費財・サービス,,〇,,0.1897306397306397,累進
3076.T,Ai Holdings Corporation,2983.0,76,0.04190412336573919,0.041067042609017425,0.06283029885738689,160539197440.0,中型,資本財・サービス,,△,,0.1507094757094756,累進
7458.T,"Daiichikosho Co., Ltd.",1742.5,97,0.04189383070301291,0.04139952717961457,0.04668479310095285,185613221888.0,中型,一般消費財・サービス,,〇,,0.0060531628501146,
8103.T,Meiwa Corporation,1005.0,81,0.041791044776119404,0.05908310879997075,0.07417890175279736,36789596160.0,超小型,資本財・サービス,,×,,0.5244970365685104,
1952.T,"Shin Nippon Air Technologies Co., Ltd.",3115.0,92,0.04173354735152488,0.04619167097493002,0.06325102984100338,142117797888.0,中型,資本財・サービス,,×,,0.2581350748017414,累進
7164.T,"ZENKOKU HOSHO Co.,Ltd.",3003.0,100,0.041625041625041624,0.049973958507784196,0.06179019490661678,406827139072.0,大型,金融,,×,,0.2223966415008147,累進
2689.T,"OLBA DVx HEALTHCARE, Inc.",1929.0,55,0.041472265422498704,0.042479015302793556,0.04534597618118463,11399598080.0,超小型,ヘルスケア,,×,,0.1198853615520282,累進
6458.T,Sinko Industries Ltd.,1206.0,92,0.04145936981757877,0.044653256747623896,0.05257874162866548,81985413120.0,小型,資本財・サービス,,×,,0.1997092863621481,
4674.T,Cresco Ltd.,1930.0,94,0.04145077720207254,0.05085636543631214,0.06013342102790566,76677472256.0,小型,情報技術,,×,,0.1775698302626945,
9997.T,"Belluna Co., Ltd.",1027.0,89,0.04138266796494645,0.042865525527135594,0.05195766500916303,102233595904.0,中型,一般消費財・サービス,,×,,0.1022410509641692,累進
1835.T,"Totetsu Kogyo Co., Ltd.",3770.0,89,0.041379310344827586,0.04441719684072929,0.05871187145384939,132083859456.0,中型,資本財・サービス,,×,,0.1618390635136103,
6648.T,Kawaden Corporation,1671.0,82,0.04129263913824058,0.06552304277621734,0.12715991445551222,26329456640.0,超小型,資本財・サービス,Split,×,ROE低い,0.2842488847390808,
9882.T,Yellow Hat Ltd.,1624.0,89,0.04125615763546798,0.045508283222038454,0.05254662474128655,139793416192.0,中型,一般消費財・サービス,,×,,0.1931212156625959,累進
4752.T,Showa System Engineering Corporation,1600.0,87,0.04125,0.04295592873104952,0.04536082474226804,6828429312.0,超小型,情報技術,,×,,0.1549038389302081,
5933.T,Alinco Incorporated,1070.0,84,0.041121495327102804,0.045751673741253135,0.05247740361709554,21318191104.0,超小型,情報技術,,×,,0.0227089630598402,累進
5929.T,Sanwa Holdings Corporation,3434.0,94,0.04105998835177636,0.03588213374247817,0.04385728703203774,729281331200.0,大型,資本財・サービス,,〇,,0.2037749262298598,累進
9658.T,Business Brain Showa-Ota Inc.,1132.0,84,0.04093050530035335,0.04887186191237154,0.056798426831218544,36904382464.0,超小型,情報技術,Split,×,,0.2602589266038559,累進
6947.T,Zuken Inc.,5510.0,100,0.04083484573502722,0.03790360592387822,0.05522830997416327,109593927680.0,中型,情報技術,,△,,0.2070579346346459,累進
7990.T,"Globeride, Inc.",2327.0,84,0.04082509669101848,0.04657205116785297,0.05433002886516857,50305200128.0,小型,一般消費財・サービス,,×,,0.1629505759940542,累進
1736.T,Otec Corporation,2500.0,92,0.0408,0.05641643537167293,0.07939492975409317,38797856768.0,超小型,資本財・サービス,,×,,0.272754581960044,
5334.T,"Niterra Co., Ltd.",3947.0,97,0.04079047377755257,0.04444891612267566,0.05202796364190065,1492966047744.0,超大型,一般消費財・サービス,Split,×,,0.20279885354481,
9795.T,"Step Co.,Ltd.",2158.0,72,0.04077849860982391,0.040584097750921914,0.04376566488305073,34009831424.0,超小型,生活必需品,,〇,,0.1321266230798693,累進
4613.T,"Kansai Paint Co., Ltd.",2771.5,87,0.040772145047808045,0.04556088111472228,0.051768537656922485,498732072960.0,大型,素材,,×,,0.1929371288497622,
9171.T,"Kuribayashi Steamship Co., Ltd.",1473.0,89,0.04073319755600815,0.03130753101080749,0.041237113402061855,17681917952.0,超小型,資本財・サービス,,◎,,0.2314814814814814,累進
3635.T,"Koei Tecmo Holdings Co., Ltd.",1620.5,91,0.040728170317803146,0.038433749601405616,0.04607329842931937,552661614592.0,大型,コミュニケーション・サービス,,〇,,0.1769714142339565,
8935.T,"FJ Next Holdings Co., Ltd.",1917.0,85,0.0406885758998435,0.051900369902682174,0.058487602546350624,63866757120.0,小型,不動産,,×,営業CF合計マイナス,0.1561181600439912,累進
4094.T,"Nihon Kagaku Sangyo Co., Ltd.",2216.0,81,0.04061371841155235,0.05204473281642736,0.07396689086743455,43868508160.0,小型,素材,,×,ROE低い/配当性向70%以上2回,0.2084928214904893,累進
8425.T,"Mizuho Leasing Company, Limited",1282.0,78,0.0405616224648986,0.047286718132014724,0.05973775682327919,367324921856.0,大型,金融,,×,自己資本比率低い/営業CF合計マイナス,0.1815856467974568,累進
4290.T,Prestige International Inc.,667.0,97,0.04047976011994003,0.04226620721695104,0.04476597645895443,84444160000.0,小型,資本財・サービス,,×,,0.2471342173096559,累進
6384.T,"Showa Shinku Co., Ltd.",1730.0,84,0.04046242774566474,0.05047150448935511,0.06060910971491819,10718051328.0,超小型,資本財・サービス,,×,,0.074074074074074,累進
3023.T,Rasa Corporation,2081.0,84,0.040365209034118214,0.05229337015269706,0.06393551099324014,21819346944.0,超小型,素材,,×,,0.2305888235752293,
2292.T,S Foods Inc.,2652.0,92,0.04034690799396682,0.04121077615008325,0.04508434364375344,85454520320.0,小型,生活必需品,,×,,0.1311467109860724,累進
2317.T,Systena Corporation,422.0,100,0.04028436018957346,0.03849980248941855,0.04497190386248022,151203823616.0,中型,情報技術,,〇,,0.2247705816333267,累進
5021.T,"Cosmo Energy Holdings Co., Ltd.",4122.0,82,0.04002911208151383,0.051776035820241706,0.0672679415765028,661199454208.0,大型,エネルギー,,×,自己資本比率低い,0.3062830687830688,累進
3837.T,Ad-Sol Nissin Corporation,1302.0,95,0.039938556067588324,0.037549841510856524,0.043779531304782564,22395566080.0,超小型,情報技術,,〇,,0.1696033616201683,累進
3003.T,"Hulic Co., Ltd.",1678.5,76,0.03991659219541257,0.0329743198002936,0.049126861309646615,1306253066240.0,超大型,不動産,,〇,,0.156232693663782,累進
9687.T,"KSK Co.,Ltd.",1513.0,95,0.03987662392597488,0.04127440407755833,0.047595116850155696,27249008640.0,超小型,情報技術,Split,×,,0.1649442673737371,累進
5943.T,Noritz Corporation,2157.0,58,0.039870190078813164,0.03419833718347394,0.05085941801720187,99451715584.0,小型,資本財・サービス,,△,,0.1091540305393873,累進
1762.T,"Takamatsu Construction Group Co., Ltd.",3960.0,80,0.039646464646464645,0.03894129574816718,0.048037642952945936,141537067008.0,中型,資本財・サービス,,〇,営業CF合計マイナス,0.1064306065601524,
8157.T,"Tsuzuki Denki Co., Ltd.",4320.0,88,0.03958333333333333,0.04911375646853406,0.05919028675922606,78695612416.0,小型,資本財・サービス,,×,,0.2446693968222065,
9832.T,"Autobacs Seven Co., Ltd.",1521.0,83,0.03944773175542406,0.04236888565682981,0.04592614740618926,121797165056.0,中型,一般消費財・サービス,,×,,0.0026455026455026,
6995.T,"Tokai Rika Co., Ltd.",3045.0,86,0.03940886699507389,0.0468205949604227,0.05713292811038898,266628890624.0,中型,一般消費財・サービス,,×,,0.0737231182795699,
9651.T,"Japan Process Development Co., Ltd.",1929.0,95,0.03939865215137377,0.03923028536384158,0.05921687617275235,17358526464.0,超小型,情報技術,,△,,0.1671915738582405,累進
9233.T,"Asia Air Survey Co., Ltd.",1119.0,72,0.03932082216264522,0.04181374961435669,0.046799983848105714,20782725120.0,超小型,資本財・サービス,,×,,0.2579706434545144,累進
9360.T,Suzuyo Shinwart Corporation,2800.0,90,0.039285714285714285,0.04035760002680552,0.048811103254868,8008511488.0,超小型,情報技術,,×,,0.3037037037037037,累進
6089.T,"Will Group, Inc.",1122.0,84,0.0392156862745098,0.045949963939750996,0.054623533864467874,26555910144.0,超小型,資本財・サービス,,×,,0.1908616264541243,累進
8041.T,OUG Holdings Inc.,4260.0,84,0.0392018779342723,0.038493839642691124,0.044410977620381556,23317575680.0,超小型,生活必需品,,〇,現金比率低い,0.0616931216931216,
3352.T,"Buffalo Co.,Ltd.",1786.0,82,0.03919372900335946,0.04759725142660546,0.05641405103777545,4171269888.0,超小型,一般消費財・サービス,,×,,0.0896825396825396,
1939.T,Yondenko Corporation,2225.0,83,0.03910112359550562,0.05510668014430013,0.06521249928414816,107828248576.0,中型,資本財・サービス,,×,,0.2879017588650001,
6902.T,DENSO Corporation,1842.0,95,0.03908794788273615,0.03793215332856938,0.04118040525022519,4613138808832.0,超大型,一般消費財・サービス,,〇,,0.0918935949222687,累進
4008.T,"Sumitomo Seika Chemicals Company, Limited.",1510.0,86,0.0390728476821192,0.04987983263467298,0.058188283390982504,96378011648.0,小型,素材,Split,×,,0.1237854737854737,累進
5280.T,"Yoshicon Co.,Ltd.",2176.0,78,0.0390625,0.042007471919405605,0.05492897229716646,15123255296.0,超小型,不動産,,×,営業CF合計マイナス,0.1410963376802588,累進
9368.T,"Kimura Unity Co., Ltd.",922.0,84,0.039045553145336226,0.04456679931458802,0.05110747734954081,38247256064.0,超小型,資本財・サービス,,×,,0.2142057961141797,累進
8014.T,"Chori Co., Ltd.",4100.0,89,0.03902439024390244,0.04755544727063676,0.06400826904210971,101416140800.0,中型,資本財・サービス,,×,,0.1973117128388142,
4765.T,"SBI Global Asset Management Co., Ltd.",596.0,88,0.03901006711409396,0.039900995774137346,0.042689173156143144,85600362496.0,小型,金融,,×,配当性向70%以上2回,0.1732243154977707,
4362.T,"Nippon Fine Chemical Co., Ltd.",2645.0,84,0.0389413988657845,0.042772436810374154,0.0491713629802936,57877221376.0,小型,素材,,×,,0.1597833666462692,累進
2659.T,"SAN-A CO.,LTD.",3210.0,95,0.03894080996884735,0.03616304640291538,0.044742784046331155,193774731264.0,中型,一般消費財・サービス,,〇,,0.171679821093711,累進
8070.T,"Tokyo Sangyo Co., Ltd.",1003.0,64,0.038883349950149554,0.05175563519733047,0.06434058667821428,26459981824.0,超小型,資本財・サービス,,×,自己資本比率低い,0.1104650493539382,累進
8059.T,"Daiichi Jitsugyo Co., Ltd.",3525.0,83,0.03858156028368794,0.047023119182907934,0.0560084901809995,111184838656.0,中型,資本財・サービス,,×,,0.1557215226227507,
8316.T,"Sumitomo Mitsui Financial Group, Inc.",3374.0,73,0.038381742738589214,0.046805996747558636,0.05388508986706505,25652317126656.0,超大型,金融,Split,×,自己資本比率低い/営業CF合計マイナス,0.125099278500655,累進
7989.T,Tachikawa Corporation,2606.0,74,0.03837298541826554,0.03645475891798313,0.0549972982807398,53187088384.0,小型,一般消費財・サービス,,△,,0.2016735829047415,累進
1815.T,Tekken Corporation,2220.0,69,0.038288288288288286,0.044324797482844264,0.05870513928420218,63998562304.0,小型,資本財・サービス,Split,×,営業CF合計マイナス,0.2818518518518519,累進
5302.T,"Nippon Carbon Co., Ltd.",5230.0,68,0.03824091778202677,0.038197998258284335,0.05863943063632515,54465142784.0,小型,素材,,△,,0.2222222222222222,累進
4633.T,Sakata INX Corporation,2615.0,82,0.03824091778202677,0.039463758509342306,0.06471088310931536,128371138560.0,中型,素材,,×,,0.1772486772486772,累進
4685.T,"Ryoyu Systems Co., Ltd.",2749.0,79,0.03819570753001091,0.03662775529313095,0.04204742654067821,35075182592.0,超小型,資本財・サービス,,〇,現金比率低い,0.2468120357009245,累進
4658.T,"Nippon Air conditioning Services Co., Ltd.",1558.0,94,0.03818998716302952,0.047909995122572456,0.059695338442248856,53688729600.0,小型,資本財・サービス,,×,,0.1438260262750499,
4826.T,"Computer Institute of Japan, Ltd.",524.0,90,0.03816793893129771,0.03287744327331886,0.051050027250673216,30092630016.0,超小型,情報技術,,△,,0.2152205775351478,
3953.T,"Ohmura Shigyo Co.,Ltd.",789.0,77,0.03802281368821293,0.05456275544626512,0.07373634916681616,2835083008.0,超小型,一般消費財・サービス,,×,,0.2962962962962963,累進
1770.T,"Fujita Engineering Co., Ltd.",2085.0,81,0.03788968824940048,0.04812390293995736,0.05442012236351432,19451740160.0,超小型,資本財・サービス,,×,,0.1514430014430014,
3191.T,"Joyful Honda Co.,Ltd.",2221.0,90,0.03782080144079244,0.03020185277533827,0.04279874694942931,136336334848.0,中型,一般消費財・サービス,,〇,,0.221049871165252,
3771.T,"System Research Co.,Ltd.",1853.0,95,0.037776578521316787,0.04112125755317139,0.0482974158642154,31129956352.0,超小型,情報技術,,×,,0.2763668430335097,累進
9306.T,"Toyo Logistics Co., Ltd.",1986.0,84,0.0377643504531722,0.040870790723759334,0.0487468212960692,15074684928.0,超小型,資本財・サービス,,×,,0.071940796013686,累進
9908.T,"Nihon Denkei Co., Ltd.",2861.0,84,0.03774903879762321,0.04947745576605063,0.05823740843532463,33502945280.0,超小型,資本財・サービス,,×,,0.1677481792441698,
1888.T,"Wakachiku Construction Co., Ltd.",3580.0,80,0.03770949720670391,0.036412181734508955,0.04225352112676056,47160029184.0,小型,資本財・サービス,,〇,,0.1822963679346658,
2053.T,"Chubu Shiryo Co., Ltd.",1938.0,81,0.037667698658410735,0.04321164119820971,0.049444859299268555,55842947072.0,小型,生活必需品,,×,,0.1439119774008947,累進
7570.T,"Hashimoto Sogyo Holdings Co.,Ltd.",1357.0,90,0.03758290346352248,0.042882546262448536,0.05053834413420974,26776035328.0,超小型,資本財・サービス,,×,,0.1500222789333409,累進
1914.T,"Japan Foundation Engineering Co., Ltd.",799.0,82,0.03754693366708386,0.043553574078417846,0.047193661270645546,14834514944.0,超小型,資本財・サービス,,×,,0.1423076923076923,累進
4045.T,"Toagosei Co., Ltd.",1824.5,69,0.037544532748698276,0.036253170179458075,0.055784890411835764,192544620544.0,中型,素材,,△,,0.1151091861783685,累進
6365.T,DMW Corporation,5600.0,95,0.0375,0.044877044731331805,0.05575545280887151,23241981952.0,超小型,資本財・サービス,,×,,0.1564786072103145,累進
7292.T,Murakami Corporation,6800.0,92,0.0375,0.04267959968045036,0.050773373905020076,79125913600.0,小型,一般消費財・サービス,,×,,0.2752247950777362,累進
9305.T,Yamatane Corporation,2003.0,84,0.03744383424862706,0.036831366021046474,0.04174616375585017,42567184384.0,小型,資本財・サービス,,〇,,0.1642997434664101,
1414.T,"SHO-BOND Holdings Co.,Ltd.",1225.0,82,0.0373469387755102,0.03149220539522519,0.04472236927621261,252470493184.0,中型,資本財・サービス,Split,〇,,0.1668740063587915,累進
3150.T,"grems,Inc.",2362.0,88,0.03725656223539373,0.03839411104741351,0.04389810262143494,55221071872.0,小型,公益事業,,×,,0.5427450110770624,
4410.T,"Harima Chemicals Group, Inc.",1128.0,71,0.03723404255319149,0.05048886726339176,0.05889714722078573,27956672512.0,超小型,素材,,×,,0.1329233044296565,累進
6157.T,"NS Tool Co., Ltd.",807.0,81,0.03717472118959108,0.040632030149432494,0.048275192167224354,19161370624.0,超小型,資本財・サービス,,×,,0.0557359307359307,
8793.T,NEC Capital Solutions Limited,4035.0,62,0.03717472118959108,0.04137724283645272,0.0479281788750779,88333811712.0,小型,資本財・サービス,,×,自己資本比率低い/営業CF合計マイナス,0.1641005084504146,累進
8804.T,"Tokyo Tatemono Co., Ltd.",3180.0,74,0.03710691823899371,0.03159871768456014,0.04887598196879928,674237579264.0,大型,不動産,,△,,0.1696728276434898,累進
2676.T,"Takachiho Koheki Co.,Ltd.",2036.0,72,0.037082514734774065,0.044411675178728266,0.056216094740094785,38647955456.0,超小型,資本財・サービス,,×,EPS低い,0.3549810787261401,累進
9799.T,"Asahi Intelligence Service Co., Ltd.",944.0,92,0.037076271186440676,0.038148020623503906,0.04226845317908611,14306961408.0,超小型,情報技術,,×,,0.100649851069743,
9994.T,Yamaya Corporation,1998.0,82,0.037037037037037035,0.03224374874174439,0.03761393546273465,21726033920.0,超小型,生活必需品,,◎,,0.0742079968222295,累進
7955.T,Cleanup Corporation,891.0,90,0.037037037037037035,0.04410002543387496,0.05500072770620075,32937252864.0,超小型,一般消費財・サービス,,×,,0.0547008547008547,累進
4828.T,Business Engineering Corporation,1270.0,84,0.03700787401574803,0.03991896394206368,0.04997627248532477,80582590464.0,小型,情報技術,Split,×,,0.3877148071730962,
9989.T,"Sundrug Co.,Ltd.",3569.0,100,0.036985149901933315,0.03447496597197595,0.03734510682621297,417979891712.0,大型,ヘルスケア,,◎,,0.1289037179921231,累進
5857.T,"ARE Holdings, Inc.",3515.0,84,0.03698435277382646,0.05011366896852329,0.06631747450881596,304243605504.0,大型,資本財・サービス,,×,現金比率低い,0.1559327195633331,
4516.T,"Nippon Shinyaku Co., Ltd.",3355.0,97,0.03695976154992549,0.036209891834186506,0.04329383444905641,235701043200.0,中型,ヘルスケア,,〇,,0.1854303881981729,
2186.T,Sobal Corporation,897.0,87,0.03678929765886288,0.03879459530589973,0.04259522084760765,7111980544.0,超小型,情報技術,,×,,0.0557024910585615,
4345.T,"CTS Co., Ltd.",816.0,95,0.03676470588235294,0.03619522376172263,0.04020487283695875,33899208704.0,超小型,資本財・サービス,,〇,,0.2104062235123787,累進
9956.T,"Valor Holdings Co., Ltd.",1620.0,95,0.0367283950617284,0.03517023451161941,0.038809920613972336,189547888640.0,中型,一般消費財・サービス,Split,〇,,0.0774250181403107,累進
7483.T,"Doshisha Co.,Ltd.",2995.0,95,0.03672787979966611,0.04133547339768485,0.050545840389220636,108217778176.0,中型,資本財・サービス,,×,,0.0764369889369889,累進
3092.T,"ZOZO, Inc.",1090.0,89,0.03669724770642202,0.0335278263598624,0.04118462609882123,955886731264.0,大型,一般消費財・サービス,,〇,現金比率低い,0.2768408765808542,
3580.T,"KOMATSU MATERE Co.,Ltd.",709.0,85,0.036671368124118475,0.0372354093759394,0.0401373806668096,27456540672.0,超小型,一般消費財・サービス,,×,ROE低い,0.098003848003848,累進
4611.T,"Dai Nippon Toryo Company, Limited",1582.0,81,0.03666245259165613,0.04576055648980541,0.049796201260721894,44730806272.0,小型,素材,,×,ROE低い/配当性向70%以上2回,0.1325396825396825,累進
2924.T,"Ifuji Sangyo Co., Ltd.",1865.0,82,0.03646112600536193,0.0404771235347388,0.051416708931027524,15476131840.0,超小型,生活必需品,,×,,0.197247532400849,
3921.T,NEOJAPAN Inc.,1591.0,95,0.036455059710873663,0.035961562211632894,0.04061408354823431,22484668416.0,超小型,情報技術,,〇,,0.4896836389483448,累進
3766.T,"Systems Design Co., Ltd.",1509.0,82,0.03644797879390325,0.045862110109173744,0.05377010261813462,5250794496.0,超小型,情報技術,,×,,0.1835944919278252,
7749.T,"Medikit Co.,Ltd.",2750.0,89,0.03636363636363636,0.037699983259597496,0.04087560263729153,40060866560.0,小型,ヘルスケア,,×,,0.1402116402116402,
6484.T,KVK Corporation,2200.0,81,0.03636363636363636,0.04002515688200467,0.04757890347238295,17789276160.0,超小型,一般消費財・サービス,,×,,0.0928038892324606,
9692.T,Computer Engineering & Consulting Ltd.,2210.0,97,0.03619909502262444,0.03646366506022969,0.043569424576583256,69110136832.0,小型,情報技術,,×,,0.1734020095131206,累進
4848.T,"Fullcast Holdings Co., Ltd.",1775.0,73,0.036056338028169016,0.03218432816886282,0.04775173715522905,63448879104.0,小型,資本財・サービス,,△,,0.1354959590628504,累進
9304.T,Shibusawa Logistics Corporation,2138.0,83,0.03601496725912067,0.05619980874437169,0.06455815522950825,115456155648.0,中型,資本財・サービス,,×,現金比率低い,0.1951594362506553,
6013.T,"Takuma Co., Ltd.",3005.0,92,0.03594009983361065,0.04352014089154646,0.05258402588712542,215910891520.0,中型,資本財・サービス,,×,,0.2431119339891269,累進
7628.T,Ohashi Technica Inc.,1141.0,87,0.03593339176161262,0.039915651093062825,0.04661201169371407,29643585536.0,超小型,一般消費財・サービス,Split,×,,0.0701615702612835,
7819.T,SHOBIDO Corporation,920.0,77,0.035869565217391305,0.04474883183940516,0.06025803725421314,12093967360.0,超小型,生活必需品,,×,,0.1407605466428995,累進
2815.T,"ARIAKE JAPAN Co., Ltd.",5030.0,95,0.03578528827037773,0.034133919923469404,0.03674934937980488,158889836544.0,中型,生活必需品,,◎,,0.1333117590470531,累進
3355.T,Kuriyama Holdings Corporation,1779.0,65,0.03569421023046655,0.034500174448273684,0.05593341699079175,35770208256.0,超小型,資本財・サービス,,△,,0.1637566137566137,累進
5011.T,"Nichireki Group Co., Ltd.",2243.0,83,0.03566651805617477,0.03858905854312511,0.04186491270466845,64280813568.0,小型,資本財・サービス,,×,,0.1985871670192499,
3280.T,"STrust Co.,Ltd.",931.0,60,0.03544575725026853,0.035470043975601565,0.04173274891668169,5678222848.0,超小型,不動産,,×,ROE低い/自己資本比率低い/営業CF合計マイナス,0.1590043075550322,累進
4335.T,"IPS Holdings Co., Ltd.",1073.0,50,0.035414725069897485,0.035201326454782786,0.03852825139208767,2459573248.0,超小型,情報技術,,〇,EPS低い,0.4169312169312169,累進
9753.T,IX Knowledge Incorporated,1414.0,92,0.03536067892503536,0.03974407174546525,0.04483899942035522,13427330048.0,超小型,情報技術,,×,,0.2129629629629629,
4503.T,Astellas Pharma Inc.,2235.0,92,0.03534675615212528,0.047019562626239304,0.06395696974023952,4142758363136.0,超大型,ヘルスケア,,×,現金比率低い,0.0984171623973674,累進
7979.T,Shofu Inc.,2212.0,94,0.0352622061482821,0.03688358479180161,0.04900577055035241,79470952448.0,小型,ヘルスケア,,×,,0.2274725669036154,
2307.T,"Cross Cat Co., Ltd.",1052.0,92,0.03517110266159696,0.03798338684173567,0.041159070852008685,14961830912.0,超小型,情報技術,,×,,0.2626094167760834,
8158.T,"Soda Nikka Co., Ltd.",1308.0,87,0.035168195718654434,0.045692911234599544,0.05313271405802808,30172878848.0,超小型,素材,,×,,0.1654865132179107,
2353.T,"NIPPON PARKING DEVELOPMENT Co.,Ltd.",256.0,69,0.03515625,0.037760231764465114,0.042892831407270494,79780585472.0,小型,資本財・サービス,,×,,0.1021967115749365,累進
6737.T,EIZO Corporation,3200.0,81,0.03515625,0.054591142012527676,0.06278755676451009,121226223616.0,中型,情報技術,,×,,0.1289973798676509,累進
4528.T,"Ono Pharmaceutical Co., Ltd.",2278.5,86,0.03511081852095677,0.0445402476980261,0.0572533972145754,1096293744640.0,超大型,ヘルスケア,,×,,0.09098640393352,
6378.T,"Kimura Chemical Plants Co., Ltd.",1170.0,92,0.03504273504273504,0.046360413604395405,0.07103480043669212,22809755648.0,超小型,資本財・サービス,,×,,0.2621693121693121,
4519.T,"Chugai Pharmaceutical Co., Ltd.",6089.0,76,0.0349811134833306,0.02616295851970571,0.04646793292540202,10162586779648.0,超大型,ヘルスケア,,〇,,0.2306329789654387,累進
2907.T,"Ahjikan Co., Ltd.",1494.0,87,0.03480589022757698,0.033053599117641906,0.04095600285164477,11385364480.0,超小型,生活必需品,,〇,,0.1291666666666666,
4769.T,"Ic Co., Ltd.",1150.0,67,0.034782608695652174,0.042339419669491986,0.0475286253431513,8257140224.0,超小型,情報技術,,×,配当性向70%以上2回,0.1394862793416955,累進
5363.T,TYK Corporation,728.0,81,0.034752747252747254,0.04790672154575277,0.058665969626337446,32213026816.0,超小型,素材,,×,,0.3736632961183859,
9543.T,"Shizuoka Gas Co., Ltd.",1282.0,66,0.03471138845553822,0.030395884679841625,0.04566842526542983,97424719872.0,小型,公益事業,,△,,0.153631874852205,累進
3648.T,AGS Corporation,1038.0,92,0.03468208092485549,0.0372245220052715,0.04915317814023855,17349312512.0,超小型,情報技術,,×,,0.1666481666481666,
8725.T,"MS&AD Insurance Group Holdings, Inc.",4830.0,90,0.03467908902691511,0.04867729228332121,0.06179815118519379,6977267171328.0,超大型,金融,,×,自己資本比率低い,0.1896786411748169,累進
8566.T,"Ricoh Leasing Company, Ltd.",6440.0,65,0.03462732919254658,0.03819660961697616,0.040652929169333364,203749556224.0,中型,金融,,×,現金比率低い/自己資本比率低い/営業CF合計マイナス,0.1443682053202719,累進
4183.T,"Mitsui Chemicals, Inc.",2169.5,81,0.034570177460244295,0.045727568217163325,0.05785202330012837,765374300160.0,大型,素材,Split,×,配当性向70%以上2回,0.1709478554427133,
7203.T,Toyota Motor Corporation,2893.5,95,0.03456022118541559,0.037290722941246836,0.04392896449816701,34637363544064.0,超大型,一般消費財・サービス,,×,,0.0994055334232914,累進
8057.T,"Uchida Yoko Co., Ltd.",2207.0,64,0.034435885817852285,0.04051661585223383,0.04993182018815251,110428626944.0,中型,資本財・サービス,Split,×,,0.1833447254499886,累進
5105.T,Toyo Tire Corporation,3924.0,82,0.034403669724770644,0.03465270156736393,0.0621642856559133,604035416064.0,大型,一般消費財・サービス,,×,,0.1416504223521767,累進
8769.T,"Advantage Risk Management Co., Ltd.",495.0,87,0.03434343434343434,0.032567479971496206,0.037694013303769404,8071622656.0,超小型,ヘルスケア,,〇,,0.2985409652076319,
7259.T,Aisin Corporation,2187.5,86,0.03428571428571429,0.03569174534742997,0.045960025661762376,1520472293376.0,超大型,一般消費財・サービス,,×,,0.1309186439763753,
8473.T,"SBI Holdings, Inc.",3073.0,90,0.03416856492027335,0.04230009673859923,0.05929067832450758,2040658526208.0,超大型,金融,Split,×,自己資本比率低い,0.1794677544677544,累進
3946.T,"Tomoku Co., Ltd.",4390.0,83,0.03416856492027335,0.04726323731642449,0.059236134427652784,72167104512.0,小型,一般消費財・サービス,,×,,0.1758718432847786,
8439.T,Tokyo Century Corporation,2618.5,78,0.033988924957036475,0.04601725323385396,0.05677266377276552,1282511077376.0,超大型,資本財・サービス,,×,自己資本比率低い/営業CF合計マイナス,0.1337923113450181,累進
4206.T,"Aica Kogyo Company, Limited",4246.0,94,0.03391427225624117,0.04240852309822709,0.04585214392372419,266643636224.0,中型,資本財・サービス,,×,,0.0954000513398588,累進
3799.T,Keyware Solutions Inc.,1091.0,77,0.03391384051329056,0.05299044775894659,0.08406188833708522,9264350208.0,超小型,情報技術,,×,,0.3574074074074074,累進
6845.T,Azbil Corporation,1474.5,94,0.0339097999321804,0.030563178933533476,0.04127324743876122,735780929536.0,大型,資本財・サービス,,〇,,0.1292061053413647,累進
1381.T,"AXYZ Co., Ltd.",3540.0,77,0.03389830508474576,0.0384541766627477,0.04682702211845123,19851393024.0,超小型,生活必需品,,×,,0.1530935022057585,累進
6248.T,"Yokota Manufacturing Co., Ltd.",1771.0,90,0.03387916431394692,0.04609708704865462,0.0625285469684646,3289110016.0,超小型,資本財・サービス,,×,,0.1479550492947864,累進
9682.T,DTS Corporation,1093.0,97,0.03385178408051235,0.036111604852046335,0.0405655547582796,173110165504.0,中型,情報技術,,×,,0.1851328846497928,
6247.T,"Hisaka Works, Ltd.",1626.0,81,0.033825338253382534,0.044763799880264674,0.062212639816390275,43595304960.0,小型,資本財・サービス,,×,,0.0911744801279685,
4097.T,"Koatsu Gas Kogyo Co., Ltd.",1183.0,83,0.0338123415046492,0.037617742861898375,0.04327140711833663,65912815616.0,小型,素材,,×,,0.097421863482235,
4832.T,"JFE Systems, Inc.",1837.0,86,0.033750680457267285,0.03775286294798972,0.05091308771289353,60149530624.0,小型,情報技術,,×,,0.2866193864902175,
7438.T,Kondotec Inc.,1636.0,92,0.03361858190709047,0.03794382774762572,0.041208516790904,44040859648.0,小型,資本財・サービス,,×,,0.0910790597002043,累進
9039.T,"Sakai Moving Service Co.,Ltd.",2922.0,90,0.03353867214236824,0.04227128873382722,0.05278536362312094,118081781760.0,中型,資本財・サービス,,×,,0.2506848246338481,
2674.T,"Hard Off Corporation Co.,Ltd.",2540.0,84,0.03346456692913386,0.044430439272890775,0.050789621486263474,36813824000.0,超小型,一般消費財・サービス,,×,現金比率低い,0.0900932887774992,
3176.T,"Sanyo Trading Co., Ltd.",1197.0,71,0.03341687552213868,0.047493249591205995,0.05522899394087306,67581362176.0,小型,資本財・サービス,Split,×,,0.1017434421500669,累進
7942.T,JSP Corporation,2993.0,89,0.03341129301703976,0.04382979060484791,0.04942829676466999,79014264832.0,小型,一般消費財・サービス,,×,,0.0812570145903479,
1301.T,"Kyokuyo Co., Ltd.",4490.0,69,0.0334075723830735,0.033637574549321855,0.03668067450337668,54409838592.0,小型,生活必需品,,×,営業CF合計マイナス,0.1181657848324514,累進
9310.T,Japan Transcity Corporation,1378.0,83,0.033381712626995644,0.04502927713273548,0.05770197956279419,84679827456.0,小型,資本財・サービス,,×,,0.2051449141874674,
8095.T,"Astena Holdings Co., Ltd.",540.0,65,0.03333333333333333,0.03136920864168227,0.04786701399813782,22025463808.0,超小型,資本財・サービス,,△,,0.1389702889702889,累進
4763.T,"CREEK & RIVER Co., Ltd.",1500.0,95,0.03333333333333333,0.033798925237756454,0.041220115416323165,31974600704.0,超小型,資本財・サービス,,×,,0.208146277590722,累進
6488.T,Yoshitake Inc.,1050.0,87,0.03333333333333333,0.0392465616813163,0.046536606518520734,13290134528.0,超小型,資本財・サービス,,×,,0.1530460334872099,
8850.T,Starts Corporation Inc.,4505.0,89,0.033296337402885685,0.034000715094578186,0.03881134710025344,219951513600.0,中型,不動産,,×,,0.1194278731589264,
3392.T,"Delica Foods Holdings Co., Ltd.",751.0,87,0.033288948069241014,0.02681339165708625,0.03355704697986577,12101535744.0,超小型,生活必需品,,◎,,0.0879629629629629,
1798.T,Moriya Corporation,1082.0,87,0.033271719038817,0.03087183317358022,0.03654822335025381,11897027584.0,超小型,資本財・サービス,Split,〇,,0.0836792836792836,累進
6741.T,"Nippon Signal Co., Ltd.",1804.0,82,0.03325942350332594,0.04734850753099341,0.06050423136407553,112579559424.0,中型,資本財・サービス,,×,現金比率低い,0.0912512719091292,累進
6332.T,"Tsukishima Holdings Co., Ltd.",2619.0,87,0.033218785796105384,0.045660363894506284,0.07162107928098779,106368884736.0,中型,資本財・サービス,,×,,0.2468074177409216,
3854.T,I'LL inc.,2022.0,69,0.033135509396636995,0.027370288491615463,0.033135509396636995,51324493824.0,小型,情報技術,,☆,,0.3342488446686932,累進
2332.T,"Quest Co., Ltd.",1752.0,80,0.033105022831050226,0.0420854287919023,0.052204279833292976,9008186368.0,超小型,情報技術,,×,,0.0786484213033396,累進
2179.T,"Seigakusha Co.,Ltd.",831.0,87,0.03309265944645006,0.03303672349792295,0.0380656280625866,4560372224.0,超小型,生活必需品,,〇,,0.143917206835399,
9312.T,"The Keihin Co., Ltd.",3025.0,87,0.03305785123966942,0.036916816853256644,0.04291823851593635,19585613824.0,超小型,資本財・サービス,,×,,0.0603174603174603,累進
1433.T,"Besterra Co., Ltd.",1210.0,83,0.03305785123966942,0.0320699870854064,0.040373265426867685,10601390080.0,超小型,資本財・サービス,,〇,営業CF合計マイナス,0.2127214533641442,累進
7460.T,"Yagi & Co.,Ltd.",1684.0,83,0.03285827315914489,0.05718281903926968,0.08292451736645975,41767411712.0,小型,一般消費財・サービス,Split,×,,0.2476692989193809,
2502.T,"Asahi Group Holdings, Ltd.",1584.5,71,0.032817923635216156,0.024590604805710188,0.034562276665351735,2332946333696.0,超大型,生活必需品,,〇,,0.1323206682337889,累進
4568.T,"Daiichi Sankyo Company, Limited",2716.0,92,0.03276877761413844,0.02830999096579122,0.037876554790369485,4986759544832.0,超大型,ヘルスケア,,〇,現金比率低い,0.152917068483805,累進
1930.T,"Hokuriku Electrical Construction Co.,Ltd.",1526.0,89,0.0327653997378768,0.03838165240111224,0.04843794155458578,43096477696.0,小型,資本財・サービス,,×,,0.1764309729431276,
3277.T,"Sansei Landic Co.,Ltd",809.0,64,0.032756489493201486,0.03271882383671628,0.05246510037484022,13678735360.0,超小型,不動産,Split,△,営業CF合計マイナス,0.1676368056749816,累進
2425.T,"Care Service Co.,Ltd.",672.0,84,0.03273809523809524,0.029953538284968835,0.03542673107890499,2624889600.0,超小型,ヘルスケア,,〇,,0.1445167202683542,累進
1982.T,"Hibiya Engineering, Ltd.",3210.0,86,0.03271028037383177,0.03614322364568724,0.0451820898733624,132873428992.0,中型,資本財・サービス,Split,×,,0.0969632617721364,累進
5444.T,"Yamato Kogyo Co., Ltd.",12250.0,89,0.0326530612244898,0.04492991389159168,0.0611538063018878,724796702720.0,大型,素材,,×,,0.3333333333333333,
3021.T,"Pacific Net Co.,Ltd.",1598.0,80,0.03254067584480601,0.03706171488196373,0.04891796422963437,8530509824.0,超小型,情報技術,,×,自己資本比率低い,0.1186405979726104,累進
9619.T,"Ichinen Holdings Co., Ltd.",2680.0,89,0.03246268656716418,0.045559007956892134,0.0551788998904415,64591695872.0,小型,資本財・サービス,,×,,0.094524405313245,
1980.T,"Dai-Dan Co., Ltd.",3020.0,91,0.03245033112582781,0.04620883216957835,0.06658372705125262,383605964800.0,大型,資本財・サービス,Split,×,,0.3168339378717951,
9029.T,"Higashi Holdings Co., Ltd.",1853.0,92,0.032379924446842956,0.03482841958382078,0.04480386199956298,24332527616.0,超小型,資本財・サービス,,×,,0.2109497075183349,
5982.T,"Maruzen Co., Ltd.",4020.0,94,0.03233830845771144,0.038462117961359885,0.043427855644450716,64642826240.0,小型,資本財・サービス,,×,,0.2401987819785372,
4205.T,Zeon Corporation,2444.0,74,0.032324058919803604,0.04779313093034669,0.0585238650229771,465926291456.0,大型,素材,,×,現金比率低い,0.1928314693188835,累進
8006.T,"Yuasa Funashoku Co., Ltd.",1485.0,87,0.03232323232323232,0.031293722014741954,0.035394498935732883,26193440768.0,超小型,生活必需品,,〇,,0.0587301587301587,
6282.T,Oiles Corporation,2792.0,83,0.032234957020057305,0.04118751534650775,0.04845845611495528,81342562304.0,小型,資本財・サービス,,×,,0.0764425795127549,
6091.T,Wesco Holdings Inc.,934.0,62,0.032119914346895075,0.03785231255482088,0.04344900811121963,12313199616.0,超小型,資本財・サービス,,×,,0.1077505827505827,累進
3168.T,MERF Inc.,1246.0,62,0.03210272873194221,0.04372509995368087,0.06116046989487484,18159433728.0,超小型,素材,,×,,0.2037037037037037,累進
9960.T,Totech Corporation,4210.0,92,0.032066508313539195,0.04583195018745047,0.06513566288107281,172021039104.0,中型,情報技術,,×,現金比率低い,0.3383712268247089,累進
8117.T,Central Automotive Products Ltd.,2122.0,90,0.03204524033930255,0.036785782282742555,0.04141283985775344,118119972864.0,中型,一般消費財・サービス,,×,,0.1941316425388727,累進
5922.T,"Nasu Denki-Tekko Co., Ltd.",19980.0,81,0.03203203203203203,0.03757085062918727,0.043080595398509995,23428999168.0,超小型,資本財・サービス,,×,,0.261111111111111,
6652.T,IDEC Corporation,4060.0,83,0.03201970443349754,0.05303382145845887,0.0675776475711713,112741957632.0,中型,資本財・サービス,,×,配当性向70%以上2回,0.1853486859869838,
8273.T,"Izumi Co., Ltd.",937.0,95,0.032017075773746,0.03189803712288194,0.03460949021908007,201375842304.0,中型,一般消費財・サービス,Split,〇,,0.0362668086209073,累進
7840.T,"France Bed Holdings Co., Ltd.",1283.0,89,0.03195635229929852,0.033738069914178784,0.03516475969102058,42883719168.0,小型,一般消費財・サービス,,×,,0.0561345550003713,
9534.T,"Hokkaido Gas Co., Ltd.",833.0,86,0.03181272509003601,0.039212605677927184,0.050274790401582045,75260813312.0,小型,公益事業,,×,,0.1599178471672205,
3050.T,"DCM Holdings Co., Ltd.",1510.0,89,0.031788079470198675,0.034194329708727295,0.037769764523310975,208225878016.0,中型,一般消費財・サービス,,×,,0.0866246803746803,累進
4204.T,"Sekisui Chemical Co., Ltd.",2519.5,87,0.031752331811867436,0.03454417756763754,0.03808442611714086,1023635357696.0,超大型,資本財・サービス,,×,現金比率低い,0.1120401505953247,累進
4220.T,Riken Technos Corporation,2395.0,97,0.031732776617954074,0.04806064242942208,0.056076937422985494,108272115712.0,中型,素材,,×,,0.2070339246809834,
3649.T,FINDEX Inc.,851.0,77,0.03172737955346651,0.024803501704497626,0.037093408399406176,21127208960.0,超小型,ヘルスケア,,〇,,0.1452417966736852,累進
6744.T,Nohmi Bosai Ltd.,3915.0,97,0.03167305236270754,0.031594524155896364,0.03487368780007157,234568597504.0,中型,資本財・サービス,,〇,,0.1785338815409192,
2002.T,Nisshin Seifun Group Inc.,1962.0,89,0.03160040774719674,0.03451072803349962,0.03793089264852041,553208905728.0,大型,生活必需品,,×,,0.1042339633912177,累進
4617.T,"Chugoku Marine Paints, Ltd.",3580.0,97,0.03156424581005587,0.042605769625674986,0.06320386641658267,181738455040.0,中型,素材,,×,,0.2607478646886331,
9432.T,"NTT, Inc.",170.0,90,0.03147058823529412,0.037167937976796,0.03970226990121512,13799221362688.0,超大型,コミュニケーション・サービス,,×,自己資本比率低い,0.0928282669093028,累進
6923.T,"Stanley Electric Co., Ltd.",3503.0,92,0.03140165572366543,0.036638277668671615,0.04057283190730491,429778075648.0,大型,一般消費財・サービス,,×,,0.1242537356823071,
4212.T,Sekisui Jushi Corporation,2931.0,81,0.03138860457181849,0.04180774199582873,0.04652288554434592,88850726912.0,小型,資本財・サービス,,×,ROE低い,0.0762009531653106,累進
7516.T,"Kohnan Shoji Co., Ltd.",4310.0,90,0.031322505800464036,0.03392951936011024,0.0360240934578185,126661255168.0,中型,一般消費財・サービス,,×,,0.1232012475743739,累進
9746.T,TKC Corporation,4035.0,82,0.031226765799256505,0.03325386789887446,0.03872824783449185,199932559360.0,中型,情報技術,,×,,0.1227778394445061,累進
6062.T,Charm Care Corporation,1383.0,73,0.03109182935647144,0.034114506468930314,0.054023199904451154,46015393792.0,小型,ヘルスケア,,×,,0.5071768463925326,累進
7224.T,"ShinMaywa Industries, Ltd.",1869.0,97,0.03103263777421081,0.03552323614839019,0.049090184548723256,126003068928.0,中型,資本財・サービス,,×,,0.2142336018971393,
9780.T,Harima B.Stem Corporation,1129.0,92,0.03100088573959256,0.04103007169565308,0.04806325134235113,10180506624.0,超小型,資本財・サービス,,×,,0.2886243386243386,
2784.T,Alfresa Holdings Corporation,2226.0,87,0.03099730458221024,0.032660664371941324,0.03604943836106912,398268497920.0,大型,ヘルスケア,,×,,0.0779286410639082,
4687.T,TDC SOFT Inc.,1067.0,97,0.030927835051546393,0.029875232681665205,0.03896103896103896,50666237952.0,小型,情報技術,,△,,0.2240891053391053,累進
4465.T,"Niitaka Co., Ltd.",2491.0,95,0.03091128061019671,0.03222741035556877,0.05052713990263821,14197250048.0,超小型,生活必需品,,×,,0.1877868623622091,累進
3892.T,"Okayama Paper Industries Co., Ltd.",1618.0,71,0.030902348578491966,0.02739182749481247,0.04318360591754567,7404008960.0,超小型,素材,,△,,0.1964285714285714,累進
1332.T,Nissui Corporation,1101.5,92,0.030866999546073536,0.032396872506980964,0.03925807415472579,339209551872.0,大型,生活必需品,,×,現金比率低い,0.2173058695117518,累進
6023.T,"Daihatsu Infinearth Mfg.Co.,Ltd",3305.0,91,0.03086232980332829,0.04150193439244829,0.05035169124301279,85322604544.0,小型,資本財・サービス,,×,,0.2091080876795162,累進
8522.T,"The Bank of Nagoya, Ltd.",7130.0,71,0.030855539971949508,0.04563702098443412,0.05791912062046114,355201777664.0,大型,金融,,×,自己資本比率低い,0.2126984083446714,累進
6455.T,Morita Holdings Corporation,2436.0,92,0.03078817733990148,0.03152481844650695,0.035448998617297535,99729547264.0,小型,資本財・サービス,,×,,0.1290749768380059,累進
208A.T,KOZO KEIKAKU ENGINEERING HOLDINGS Inc.,2829.0,95,0.030752916224814422,0.033151506779653624,0.048887514430089894,30105782272.0,超小型,資本財・サービス,,×,,0.1479938271604938,累進
8030.T,"Chuo Gyorui Co., Ltd.",3905.0,87,0.030729833546734954,0.0362926887443145,0.04275406012220118,15537437696.0,超小型,生活必需品,,×,,0.0925925925925925,
9699.T,"Nishio Holdings Co., Ltd.",4305.0,77,0.030662020905923345,0.035043091947705045,0.03923671164392357,121254567936.0,中型,資本財・サービス,,×,,0.1001904171202416,累進
9006.T,Keikyu Corporation,1501.0,87,0.030646235842771485,0.031170555839327607,0.03380062951196834,403691929600.0,大型,資本財・サービス,,×,,0.224461921520745,
5947.T,Rinnai Corporation,3363.0,95,0.03062741599762117,0.029170203215775414,0.03130256814493583,469436694528.0,大型,一般消費財・サービス,,◎,,0.1414876490930396,累進
4958.T,"T. Hasegawa Co., Ltd.",3290.0,77,0.030395136778115502,0.032149321021164655,0.03783596042003828,135983906816.0,中型,素材,,×,,0.1031562777410491,累進
7444.T,"Harima-Kyowa Co.,LTD.",1976.0,84,0.030364372469635626,0.029512104413145696,0.0320272982675077,10711531520.0,超小型,一般消費財・サービス,,〇,,0.0790008419126947,累進
2337.T,Ichigo Inc.,379.0,78,0.030343007915567283,0.029236918881104162,0.03257500704398171,153658589184.0,中型,不動産,,〇,自己資本比率低い/営業CF合計マイナス,0.1630952380952381,累進
8111.T,Goldwin Inc.,2114.5,95,0.03026720264838023,0.029737568747583477,0.031401388597099816,289488109568.0,中型,一般消費財・サービス,,◎,,0.4362239489064123,
4151.T,"Kyowa Kirin Co., Ltd.",2214.5,77,0.0302551365996839,0.02230787386266546,0.03164112481537371,1196656951296.0,超大型,ヘルスケア,,◎,,0.1089760622428602,累進
9409.T,TV Asahi Holdings Corporation,2986.0,92,0.03014065639651708,0.029880281884271376,0.035120073611047145,300210388992.0,大型,コミュニケーション・サービス,,〇,,0.074074074074074,
1959.T,Kraftia Corporation,7970.0,92,0.030112923462986198,0.031807685976682785,0.04028836367687831,568283561984.0,大型,資本財・サービス,,×,現金比率低い,0.1393567784872132,累進
9324.T,Yasuda Logistics Corporation,2593.0,94,0.03008098727342846,0.03236569631688983,0.03679535967173851,74387824640.0,小型,資本財・サービス,,×,,0.169925593080103,
3865.T,Hokuetsu Corporation,865.0,82,0.03005780346820809,0.02838711794882503,0.031743590385593295,140592480256.0,中型,素材,,〇,ROE低い,0.0841202007868674,累進
3107.T,"Daiwabo Holdings Co., Ltd.",3662.0,92,0.030038230475150193,0.03892060424378907,0.04677047310992275,316890710016.0,大型,情報技術,,×,,0.2717323186073186,
1934.T,Yurtec Corporation,2499.0,84,0.030012004801920768,0.04039332092758508,0.059830110229353625,175357427712.0,中型,資本財・サービス,,×,,0.2152550493881763,
8275.T,Forval Corporation,1033.0,84,0.030009680542110357,0.02766397252083927,0.03172978505629478,27601852416.0,超小型,情報技術,,〇,,0.0787192163234419,累進
2359.T,Core Corporation,2010.0,92,0.029850746268656716,0.03342774336666623,0.04126773002381005,29694730240.0,超小型,情報技術,,×,,0.1418470418470418,
6750.T,"Elecom Co., Ltd.",2012.0,100,0.02982107355864811,0.035062146644048275,0.038399430008460814,162526920704.0,中型,情報技術,,×,,0.0935946308673507,累進
9057.T,"Enshu Truck Co.,Ltd.",3220.0,90,0.02981366459627329,0.033575647592286574,0.03988459615681913,24139505664.0,超小型,資本財・サービス,,×,,0.2356229042377676,累進
3941.T,"Rengo Co., Ltd.",1510.0,90,0.029801324503311258,0.04155146029650375,0.05373905520323454,364270747648.0,大型,一般消費財・サービス,,×,,0.1409932659932659,累進
8253.T,"Credit Saison Co., Ltd.",4366.0,73,0.02977553825011452,0.03480546026006179,0.04339323209658384,644441964544.0,大型,金融,,×,自己資本比率低い/営業CF合計マイナス,0.1581689915023248,累進
6287.T,Sato Corporation,2634.0,89,0.029612756264236904,0.03815468996603446,0.044509227275999576,88050597888.0,小型,資本財・サービス,,×,,0.0310395692800048,
7984.T,"Kokuyo Co., Ltd.",852.7999877929688,77,0.029608349391920787,0.025787204699780016,0.0417558928831859,360148402176.0,大型,資本財・サービス,,△,,0.1839514369838828,累進
1951.T,"EXEO Group, Inc.",2534.0,86,0.029597474348855565,0.03416997524133129,0.044060401673845125,515986882560.0,大型,資本財・サービス,,×,現金比率低い,0.1293932724661159,累進
2185.T,CMC Corporation,1926.0,71,0.029595015576323987,0.03490867151780571,0.04138258382546619,25584646144.0,超小型,情報技術,,×,,0.1597865446484432,累進
7917.T,ZACROS Corporation,1219.0,92,0.029532403609515995,0.0343401171619902,0.04167013707998423,87283048448.0,小型,一般消費財・サービス,,×,,0.0916614322496675,累進
6392.T,Yamada Corporation,7450.0,81,0.02953020134228188,0.03984221674056693,0.04875320436012893,18981025792.0,超小型,資本財・サービス,,×,,0.1796614867065324,
2670.T,"ABC-Mart,Inc.",2710.0,97,0.02952029520295203,0.03000260812971201,0.03404771751034378,673393410048.0,大型,一般消費財・サービス,,×,,0.0767788667738133,
3551.T,Dynic Corporation,1560.0,86,0.029487179487179487,0.04138404332450675,0.04819563001578183,12433010688.0,超小型,資本財・サービス,,×,,0.0259259259259259,
6036.T,"KeePer Technical Laboratory Co., Ltd.",3400.0,79,0.029411764705882353,0.027451563254962615,0.04049493991207378,92789784576.0,小型,素材,,△,,0.4914907648480747,累進
6863.T,Nireco Corporation,1088.0,80,0.029411764705882353,0.05746959424885609,0.08092652201370269,7873400832.0,超小型,情報技術,Split,×,,0.2212327527102374,
2114.T,Fuji Nihon Corporation,633.0,95,0.029225908372827805,0.032501863019596094,0.035803675723036214,32729509888.0,超小型,生活必需品,Split,×,,0.2142309850643183,累進
7921.T,Takara & Company Ltd.,4110.0,97,0.029197080291970802,0.03192614693101748,0.05233904296106318,52276203520.0,小型,資本財・サービス,,×,,0.1279777050896332,累進
1605.T,Inpex Corporation,3661.0,69,0.02895383774924884,0.035636729779295974,0.06335908817362246,4175482060800.0,超大型,エネルギー,,×,,0.2381668052148172,累進
3371.T,Softcreate Holdings Corp.,2146.0,97,0.028890959925442685,0.03409293261974834,0.03940828296770975,55242293248.0,小型,情報技術,,×,,0.2338686380159093,累進
3177.T,"Arigatou Services Company, Limited",4690.0,87,0.028784648187633263,0.041982221139848105,0.04829499353429114,4615660032.0,超小型,一般消費財・サービス,,×,,0.0360097709117316,
9301.T,Mitsubishi Logistics Corporation,1461.0,89,0.028747433264887063,0.03450770127039691,0.04140843816159962,496783097856.0,大型,資本財・サービス,,×,,0.2755377669627862,
3148.T,"Create SD Holdings Co., Ltd.",3240.0,100,0.028703703703703703,0.02327352104348565,0.03391738628905588,209634344960.0,中型,ヘルスケア,,△,,0.1316386814430633,累進
3768.T,Riskmonster.com,558.0,74,0.02867383512544803,0.03454077895004858,0.044924513436590006,4137899776.0,超小型,資本財・サービス,,×,ROE低い,0.1419034694573854,累進
6284.T,"Nissei ASB Machine Co., Ltd.",8370.0,82,0.02867383512544803,0.03940257730165093,0.05308232925416282,127873728512.0,中型,資本財・サービス,,×,,0.2166666666666666,累進
2201.T,"Morinaga&Co., Ltd.",2354.5,92,0.02866850711403695,0.03346373928451334,0.04117432460056134,199384907776.0,中型,生活必需品,,×,,0.2167404200737534,累進
2270.T,"MEGMILK SNOW BRAND Co.,Ltd.",3490.0,86,0.02865329512893983,0.035357804897209064,0.0429944861880738,209704501248.0,中型,生活必需品,,×,現金比率低い,0.1574074074074073,累進
9928.T,"Miroku Jyoho Service Co., Ltd.",2099.0,97,0.028585040495474036,0.033957048348837324,0.03674721917482337,63870353408.0,小型,情報技術,,×,,0.1469795767559785,累進
4507.T,"Shionogi & Co., Ltd.",2661.0,100,0.028560691469372415,0.028617461379427916,0.033017256272305895,2426981842944.0,超大型,ヘルスケア,,×,,0.1277693029274319,累進
8309.T,"Sumitomo Mitsui Trust Group, Inc.",1755.0,90,0.02849002849002849,0.04441300663182143,0.05747388957569918,4897883815936.0,超大型,金融,Split,×,自己資本比率低い,0.111609043182997,累進
9672.T,"Tokyotokeiba Co.,Ltd.",4670.0,82,0.0284796573875803,0.02005916959364943,0.030802058118516877,123694366720.0,中型,一般消費財・サービス,,△,,0.1337388330013699,累進
9934.T,"Inaba Denki Sangyo Co.,Ltd.",3163.0,100,0.028453999367688904,0.03862666306528656,0.046711663135921816,352364199936.0,大型,資本財・サービス,Split,×,,0.120708594238006,累進
6770.T,"Alps Alpine Co., Ltd.",2251.5,92,0.028425494115034422,0.038361564557613415,0.05126505321648784,438726197248.0,大型,情報技術,,×,,0.138966049382716,
8037.T,Kamei Corporation,4680.0,95,0.02841880341880342,0.045771228589504755,0.05984811571948164,140762578944.0,中型,エネルギー,,×,,0.2055034110589666,累進
2726.T,"PAL GROUP Holdings CO., LTD.",1411.0,97,0.028348688873139617,0.023171457752759486,0.029476787030213707,247269179392.0,中型,一般消費財・サービス,,◎,,0.212729536258948,
9433.T,KDDI Corporation,2893.0,82,0.028344279294849638,0.032880802940004644,0.03564371066029233,10832866967552.0,超大型,コミュニケーション・サービス,,×,現金比率低い/自己資本比率低い,0.0857509611895576,累進
3435.T,"Sanko Techno Co., Ltd.",1485.0,90,0.028282828282828285,0.03292053430274002,0.03691318779413536,11839895552.0,超小型,資本財・サービス,,×,,0.087187286206894,累進
8085.T,"Narasaki Sangyo Co., Ltd.",4600.0,95,0.02826086956521739,0.038108056972794006,0.04893150485283217,22393360384.0,超小型,資本財・サービス,,×,,0.1341174257840924,累進
6316.T,"Maruyama Mfg. Co., Inc.",2839.0,59,0.028178936245156744,0.039769884000740774,0.04935043811164693,10941025280.0,超小型,資本財・サービス,,×,,0.1298220298220298,累進
1766.T,Token Corporation,12800.0,100,0.028125,0.02786877596151464,0.030025020850708923,145088888832.0,中型,不動産,,△,,0.1590691439814247,累進
1967.T,Yamato Corporation,2136.0,89,0.028089887640449437,0.031075708504753212,0.03875216433003296,48488697856.0,小型,資本財・サービス,,×,,0.2057142857142857,累進
7730.T,"Mani, Inc.",1466.0,82,0.02796725784447476,0.030899936789627214,0.03831138649978343,143912304640.0,中型,ヘルスケア,,×,,0.169772625116446,累進
7520.T,"Eco's Co.,Ltd.",2507.0,90,0.02792181890706023,0.03002899918956616,0.034504330083475754,27982944256.0,超小型,生活必需品,,×,,0.1426406926406926,累進
3288.T,"Open House Group Co., Ltd.",7353.0,74,0.027879776961784307,0.028919849241617265,0.03744059269983212,818328633344.0,大型,不動産,,×,,0.2518641382233584,累進
6161.T,Estic Corporation,1043.0,92,0.027804410354745925,0.03103463893490998,0.0356206934090008,10516098048.0,超小型,資本財・サービス,,×,,0.1685653509161998,
1944.T,Kinden Corporation,6860.0,92,0.027696793002915453,0.03006022940049078,0.039066611798609256,1123903602688.0,超大型,資本財・サービス,,×,現金比率低い,0.2011755803619985,累進
1992.T,"Kanda Tsushinki Co., Ltd.",2961.0,74,0.02769334684228301,0.028962159548485224,0.031201015013964987,6781952000.0,超小型,情報技術,,×,ROE低い,0.3363636405117853,累進
4992.T,"Hokko Chemical Industry Co., Ltd.",1916.0,74,0.027661795407098122,0.02810951512545634,0.04753204387965273,49107378176.0,小型,素材,,×,,0.1907406724873185,累進
8131.T,"Mitsuuroko Group Holdings Co.,Ltd.",2389.0,87,0.02762662201758058,0.03375987342057837,0.03834979662986636,134371254272.0,中型,エネルギー,,×,,0.1585588221661039,累進
7466.T,SPK Corporation,1450.0,90,0.027586206896551724,0.033461484053131096,0.036710897203213994,29663987712.0,超小型,一般消費財・サービス,Split,×,,0.0872789130618978,累進
4403.T,NOF Corporation,2538.5,97,0.02757533976757928,0.025616001077583155,0.0293185568570278,570428948480.0,大型,素材,,△,,0.1829564142026004,
7608.T,"SK Japan Co.,Ltd.",964.0,84,0.027489626556016597,0.04249196544981103,0.06334213956677838,16357693440.0,超小型,一般消費財・サービス,Split,×,,0.2698458948458948,
6616.T,Torex Semiconductor Ltd.,2042.0,84,0.02742409402546523,0.044001599144275795,0.06385491891608992,21819596800.0,超小型,情報技術,,×,,0.069349477682811,
1941.T,Chudenko Corporation,5110.0,95,0.0273972602739726,0.035275800403003106,0.04357252493590924,270006763520.0,中型,資本財・サービス,,×,,0.0571325242509981,累進
8306.T,"Mitsubishi UFJ Financial Group, Inc.",3615.0,67,0.027385892116182572,0.04024153311121682,0.0518459151525684,40363171512320.0,超大型,金融,,×,自己資本比率低い/営業CF合計マイナス,0.1813656973711156,累進
4768.T,Otsuka Corporation,3655.0,82,0.027359781121751026,0.025410159782120773,0.0330864979821311,1393185128448.0,超大型,情報技術,,△,,0.1328727429096852,累進
4994.T,"Taisei Lamick Group Head Quarter & Innovation Co.,Ltd.",2575.0,81,0.027184466019417475,0.032547759005862625,0.036863609706532234,16025568256.0,超小型,一般消費財・サービス,,×,,0.0158730158730158,
5423.T,"Tokyo Steel Manufacturing Co., Ltd.",1656.0,74,0.02717391304347826,0.03273121695293314,0.0385107146943668,170071949312.0,中型,素材,,×,ROE低い,0.2325517075517075,累進
3036.T,ALCONIX Corporation,3390.0,89,0.027138643067846607,0.04626453486333418,0.06426944510575074,103860953088.0,中型,素材,,×,,0.1731595797135663,累進
3513.T,"Ichikawa Co., Ltd.",3685.0,87,0.027137042062415198,0.041780249273627404,0.05655482757361961,15419886592.0,超小型,素材,,×,,0.0358974358974358,
7476.T,AS ONE Corporation,2471.0,97,0.027114528530959126,0.030650875382682866,0.034193307714600905,177769250816.0,中型,ヘルスケア,,×,,0.1140477238687911,
8066.T,Mitani Corporation,3510.0,97,0.027065527065527065,0.042053006809230395,0.0495240957560275,289793966080.0,中型,資本財・サービス,,×,,0.3052840989028094,
6059.T,"UCHIYAMA HOLDINGS Co.,Ltd.",370.0,82,0.02702702702702703,0.03184794622542621,0.03725860448288052,7179633664.0,超小型,ヘルスケア,,×,,0.0555555555555555,
1827.T,Nakano Corporation,1409.0,80,0.0269694819020582,0.03267061941730735,0.03875406573207691,50721112064.0,小型,資本財・サービス,,×,,0.1572547822547822,
4718.T,"Waseda Academy Co., Ltd.",2413.0,97,0.026937422295897222,0.0311055324454894,0.03461013115262468,44793192448.0,小型,生活必需品,,×,,0.1835681226985574,累進
6328.T,"Ebara Jitsugyo Co.,Ltd.",2506.0,79,0.02693535514764565,0.026878080349103037,0.04234313862312436,58902573056.0,小型,資本財・サービス,Split,△,,0.2805832664449795,累進
2282.T,NH Foods Ltd.,1984.0,92,0.026881719758064516,0.027527009344627467,0.03210539879139686,551494549504.0,大型,生活必需品,Split,×,,0.1344644100033608,
9740.T,"Central Security Patrols Co., Ltd.",2605.0,87,0.026871401151631478,0.026310521267068506,0.02829073147012344,37160550400.0,超小型,資本財・サービス,,△,,0.0731481481481481,
9059.T,"Kanda Holdings Co.,Ltd.",912.0,84,0.0268640350877193,0.02959144087017533,0.032118184883438275,19797274624.0,超小型,資本財・サービス,,×,,0.0820185986852653,累進
2331.T,"Alsok Co.,Ltd.",1158.5,87,0.026845058264997845,0.028085198011836145,0.029958920594947,573067362304.0,大型,資本財・サービス,,×,,0.1157566493589607,
3836.T,Avant Group Corporation,1194.0,97,0.02680067001675042,0.022267447924118045,0.030840764482579188,41448587264.0,小型,情報技術,,〇,,0.2835509844281774,累進
2267.T,"Yakult Honsha Co.,Ltd.",2727.5,84,0.026764436296975253,0.028033531384548182,0.030571142615472245,782536146944.0,大型,生活必需品,,×,,0.1476191779635941,
7947.T,FP Corporation,2729.0,92,0.02674972517405643,0.02960591549948331,0.03236280001082339,224918306816.0,中型,一般消費財・サービス,,×,,0.0952274839142385,
9502.T,"Chubu Electric Power Company, Incorporated",2626.5,87,0.0266514372739387,0.03484191094003891,0.044482478508099374,1999890546688.0,超大型,公益事業,,×,,0.0962962962962962,累進
7864.T,"Fuji Seal International, Inc.",3340.0,100,0.026646706586826347,0.03215589644178165,0.03640825617612238,179502104576.0,中型,一般消費財・サービス,,×,,0.1796877551819412,累進
4401.T,Adeka Corporation,4733.0,86,0.0266215930699345,0.037878544618519576,0.05007226074757402,447253610496.0,大型,素材,,×,,0.1531121459575001,
8630.T,"Sompo Holdings, Inc.",6575.0,84,0.026615969581749048,0.03471989506825975,0.04111218041138503,5870514601984.0,超大型,金融,,×,自己資本比率低い,0.2160101518685113,累進
2503.T,"Kirin Holdings Company, Limited",2818.5,82,0.026609898882384245,0.02686962130532617,0.04063902583466946,2254012678144.0,超大型,生活必需品,,×,,0.0768319202618894,累進
7459.T,MediPal Holdings Corporation,2941.0,90,0.02652159129547773,0.029227861638222857,0.031192320718698062,604475097088.0,大型,ヘルスケア,,×,,0.0887702138249034,累進
7818.T,"TRANSACTION CO.,Ltd.",1171.0,79,0.026473099914602904,0.02823560026895374,0.031985793590442735,67795283968.0,小型,生活必需品,,×,,0.2701677627116223,累進
7970.T,"Shin-Etsu Polymer Co.,Ltd.",2459.0,89,0.026433509556730378,0.03632770058280017,0.04648908097387886,197071454208.0,中型,素材,,×,,0.2093492876428476,累進
8194.T,Life Corporation,2573.0,89,0.026428293820443063,0.030927909216644497,0.0388382154689578,227887480832.0,中型,生活必需品,,×,現金比率低い,0.1716277549610882,
8031.T,"Mitsui & Co., Ltd.",4925.0,84,0.026395939086294416,0.03295986294072377,0.04414661175165396,13971965870080.0,超大型,資本財・サービス,,×,現金比率低い,0.1656042536344394,累進
9959.T,"Aseed Holdings Co.,Ltd.",911.0,90,0.026344676180021953,0.029794742091449226,0.03249236187878859,11349147648.0,超小型,生活必需品,,×,,0.1031345198011864,累進
9052.T,"Sanyo Electric Railway Co.,Ltd.",1902.0,83,0.026288117770767613,0.025121918704174122,0.027131401430942965,43150376960.0,小型,資本財・サービス,,△,,0.1333333333333333,
4559.T,"Zeria Pharmaceutical Co., Ltd.",1903.0,92,0.02627430373095113,0.02497555826063516,0.026343519494204427,85998911488.0,小型,ヘルスケア,,△,,0.0479991912589951,累進
2269.T,"Meiji Holdings Co., Ltd.",4094.0,81,0.026257938446507083,0.03260457476764074,0.03729912872454908,1131036672000.0,超大型,生活必需品,,×,現金比率低い/配当性向70%以上2回,0.0753154688482375,
7504.T,Kohsoku Corporation,4510.0,89,0.02616407982261641,0.040019947781395324,0.04824048859013237,87585341440.0,小型,一般消費財・サービス,,×,現金比率低い,0.1436509074356208,累進
4112.T,"Hodogaya Chemical Co., Ltd.",2105.0,81,0.026128266033254157,0.030568068701907123,0.0393996215360162,33313628160.0,超小型,素材,,×,,0.0799759499759499,
1942.T,"Kandenko Co.,Ltd.",5522.0,89,0.026077508149221298,0.03263297277142227,0.04824819006308596,1094974767104.0,超大型,資本財・サービス,,×,現金比率低い,0.2624117480112521,
1417.T,MIRAIT ONE Corporation,3452.0,95,0.02607184241019699,0.0313321690765683,0.04274014298278669,300704628736.0,大型,資本財・サービス,,×,,0.1223544973544973,累進
8198.T,"Maxvalu Tokai Co.,Ltd.",3275.0,100,0.025954198473282442,0.02575192800343278,0.02750809061488673,106499383296.0,中型,生活必需品,,△,,0.0893117595011958,累進
4323.T,"Japan System Techniques Co., Ltd.",1890.0,97,0.025925925925925925,0.025827660831437803,0.033191872403525745,46955839488.0,小型,情報技術,,△,,0.2493011463844797,累進
9037.T,"Hamakyorex Co., Ltd.",1776.0,100,0.0259009009009009,0.028109868387750696,0.032810666115265195,132538974208.0,中型,資本財・サービス,,×,,0.1788198185257009,累進
3675.T,Cross Marketing Group Inc.,582.0,72,0.02577319587628866,0.018537548205399892,0.026669097443777427,11049540608.0,超小型,コミュニケーション・サービス,,△,,0.12051851657043,累進
4409.T,"Toho Chemical Industry Company, Limited",855.0,79,0.025730994152046785,0.03179971013374319,0.03844712476096678,18799017984.0,超小型,素材,,×,,0.1584967320261437,累進
8818.T,"Keihanshin Building Co., Ltd.",974.0,89,0.02566735112936345,0.028711318451707383,0.03488835087356339,95309258752.0,小型,不動産,Split,×,,0.1114412744708311,
8367.T,"The Nanto Bank, Ltd.",2031.0,73,0.025603151157065487,0.04920748817130373,0.0713619627939252,317736845312.0,大型,金融,Split,×,自己資本比率低い/営業CF合計マイナス,0.1395621577334693,累進
2813.T,"Wakou Shokuhin Co., Ltd.",3920.0,90,0.025510204081632654,0.029548010728921718,0.03351266665468918,9605985280.0,超小型,生活必需品,,×,,0.3128722893772453,累進
3361.T,"Toell Co.,Ltd.",907.0,82,0.025358324145534728,0.029406393450387838,0.033940594412544774,16463865856.0,超小型,公益事業,,×,,0.0537037037037037,累進
7254.T,Univance Corporation,791.0,82,0.025284450063211124,0.03407017565495081,0.052470378927472236,16548616192.0,超小型,一般消費財・サービス,,×,ROE低い,0.1939899606566273,
3661.T,"m-up holdings, Inc.",801.0,87,0.024968789013732832,0.02073270942551978,0.03333333333333333,57358733312.0,小型,コミュニケーション・サービス,Split,△,自己資本比率低い,0.1538480038480038,累進
4746.T,"Toukei Computer Co., Ltd.",1973.0,82,0.02496198682209833,0.03375258850155683,0.05050085147066212,140374933504.0,中型,情報技術,Split,×,,0.2011536880922845,累進
3843.T,"FreeBit Co., Ltd.",1644.0,77,0.024939172749391728,0.02532960433591678,0.029970760233918127,36290510848.0,超小型,コミュニケーション・サービス,,×,,0.2915784832451499,累進
8058.T,Mitsubishi Corporation,4709.0,87,0.024846039498832025,0.03499654875598096,0.04687014698141563,17295241904128.0,超大型,資本財・サービス,,×,,0.2309482602664096,累進
6254.T,"Nomura Micro Science Co., Ltd.",3665.0,64,0.024829467939972715,0.033916881316205835,0.04655642572589194,136095326208.0,中型,資本財・サービス,,×,現金比率低い/配当性向70%以上2回/営業CF合計マイナス,0.9040947916764908,累進
7643.T,"Daiichi Co.,Ltd.",1620.0,72,0.024691358024691357,0.025353103946884007,0.028428168440599595,18552946688.0,超小型,生活必需品,,×,,0.1682033447384324,累進
9790.T,"Fukui Computer Holdings,Inc.",2957.0,97,0.024687182955698342,0.024200039810319957,0.02609380665246457,61818810368.0,小型,情報技術,,△,,0.153505856283634,累進
4976.T,"Toyo Drilube Co., Ltd.",1527.0,57,0.02466710412573674,0.025113591399398345,0.03914817331381225,6422883840.0,超小型,素材,Split,×,,0.1535254136407887,累進
4847.T,Intelligent Wave Inc.,1500.0,90,0.024666666666666667,0.030808355636577193,0.044718852185046266,38542929920.0,超小型,情報技術,,×,,0.2553183381614754,
9319.T,"Chuo Warehouse Co.,Ltd.",1709.0,82,0.024575775307197192,0.02776907111627333,0.03090498092807524,31032629248.0,超小型,資本財・サービス,,×,ROE低い,0.0597660758477671,
6824.T,"New Cosmos Electric Co.,Ltd.",3870.0,92,0.02454780361757106,0.02360089748073204,0.02934056787179165,48310935552.0,小型,情報技術,,△,,0.1136924275222147,累進
1793.T,"Ohmoto Gumi Co., Ltd.",2037.0,67,0.024545900834560628,0.03343238357384633,0.04058118699174516,53411581952.0,小型,資本財・サービス,,×,ROE低い/営業CF合計マイナス,0.1472515514496802,累進
2804.T,"Bull-Dog Sauce Co., Ltd.",1836.0,87,0.024509803921568627,0.02454589290750303,0.026882645700381014,22870110208.0,超小型,生活必需品,,×,,0.1033419076897337,
1721.T,COMSYS Holdings Corporation,5511.0,92,0.024496461622210124,0.03338039922221639,0.0426154652209962,621595066368.0,大型,資本財・サービス,,×,現金比率低い,0.1318699818699819,累進
3360.T,"Ship Healthcare Holdings, Inc.",2454.5,90,0.024444897127724588,0.029177310454031605,0.03362027394449289,222443798528.0,中型,ヘルスケア,,×,,0.0876986033388472,累進
6301.T,Komatsu Ltd.,7777.0,87,0.02443101453002443,0.0424883530241167,0.05824808701337403,6739895779328.0,超大型,資本財・サービス,,×,現金比率低い,0.1979763353182614,
9869.T,"Kato Sangyo Co., Ltd.",6550.0,77,0.024427480916030534,0.028806864461924556,0.03494709090637618,197994659840.0,中型,生活必需品,,×,,0.1327697852412128,累進
9890.T,"Makiya Co., Ltd.",1402.0,87,0.024251069900142655,0.027817712560538287,0.03022475705181162,10020325376.0,超小型,生活必需品,,×,,0.0842151675485008,
9948.T,ARCS Company Limited,3550.0,92,0.024225352112676058,0.027471526110639688,0.03182436219747043,191276466176.0,中型,一般消費財・サービス,,×,,0.0724185394093852,
6420.T,Galilei Holdings Co.Ltd.,3395.0,100,0.02415316642120766,0.02615090330343603,0.032010172151412136,135498964992.0,中型,資本財・サービス,,×,,0.2009779028545859,累進
7725.T,Inter Action Corporation,1826.0,77,0.024096385542168676,0.03166047583715378,0.04568620615236482,18941448192.0,超小型,情報技術,,×,ROE低い,0.2841812508479175,累進
4536.T,"Santen Pharmaceutical Co., Ltd.",1660.0,92,0.024096385542168676,0.025868175067861567,0.029941488789206612,544297648128.0,大型,ヘルスケア,,×,,0.0439072637602049,累進
5101.T,"The Yokohama Rubber Company, Limited",7191.0,82,0.024057850090390766,0.028196194645374435,0.05366378863625786,1127893696512.0,超大型,一般消費財・サービス,,×,,0.1180351389308762,累進
6005.T,"Miura Co., Ltd.",3038.0,100,0.02402896642527979,0.024584256170653858,0.027111986417925414,347248066560.0,大型,資本財・サービス,,×,,0.1416290669645838,累進
9412.T,SKY Perfect JSAT Corporation,1965.0,92,0.02391857506361323,0.027691335749779583,0.04206874274953538,567544840192.0,大型,コミュニケーション・サービス,,×,,0.1132477658793448,
3101.T,"Toyobo Co., Ltd.",1675.0,84,0.023880597014925373,0.03737476575843454,0.050470962715746887,146927534080.0,中型,素材,,×,,0.0158730158730158,累進
9551.T,"METAWATER Co., Ltd.",3145.0,92,0.02384737678855326,0.02732195960039669,0.0364612629361593,134081142784.0,中型,資本財・サービス,,×,,0.0910978996490676,累進
3199.T,"Watahan & Co.,Ltd.",1258.0,66,0.02384737678855326,0.021368069980152442,0.02384737678855326,23976724480.0,超小型,一般消費財・サービス,,△,自己資本比率低い,0.1013061794935196,累進
1780.T,Yamaura Corporation,1428.0,81,0.023809523809523808,0.02527557825798278,0.028949843423543238,26734602240.0,超小型,資本財・サービス,,×,,0.3296296296296296,累進
6912.T,Kikusui Holdings Corporation,2900.0,92,0.02379310344827586,0.03895418919216193,0.04875339591450459,23641600000.0,超小型,資本財・サービス,,×,,0.1162431232493066,
2810.T,House Foods Group Inc.,4037.0,85,0.02378003467921724,0.02466679466289654,0.034026380621328275,360861990912.0,大型,生活必需品,,×,ROE低い/配当性向100%以上,0.0559773023541139,
6745.T,Hochiki Corporation,1969.0,97,0.023697308278313862,0.03272070849936856,0.04470808462937674,147718242304.0,中型,資本財・サービス,Split,×,,0.2331357206059334,
8600.T,"TOMONY Holdings, Inc.",1188.0,73,0.02356902356902357,0.040482860266727844,0.05603133279912256,228160569344.0,中型,金融,,×,自己資本比率低い/営業CF合計マイナス,0.1417651563549396,累進
8088.T,Iwatani Corporation,1996.0,83,0.023547094188376753,0.04053255365234245,0.062107002781359985,464493674496.0,大型,資本財・サービス,,×,現金比率低い,0.2081539576121619,
6050.T,E-Guardian Inc.,1614.0,64,0.023543990086741014,0.02198460126173969,0.024241871100896463,19411443712.0,超小型,情報技術,,◎,,0.2876003824928557,累進
2668.T,Tabio Corporation,1278.0,80,0.023474178403755867,0.025451085418636735,0.02783353381345122,8677987328.0,超小型,一般消費財・サービス,,×,,0.0185185185185185,
7614.T,"OM2 Network Co.,Ltd.",1543.0,90,0.023331173039533377,0.023976003236241283,0.025525090428549304,10322049024.0,超小型,生活必需品,,×,,0.0425925925925925,累進
6928.T,"Enomoto Co., Ltd.",3435.0,84,0.023289665211062592,0.044302706694964084,0.06613386504339853,22398838784.0,超小型,情報技術,,×,,0.2172771672771672,累進
4021.T,Nissan Chemical Corporation,8734.0,86,0.023128005495763684,0.03824058353061696,0.04658211301344122,1127748599808.0,超大型,素材,,×,現金比率低い,0.1537939862837478,累進
3034.T,"Qol Holdings Co., Ltd.",2338.0,92,0.023096663815226688,0.02760321955625033,0.03201718746731735,88495169536.0,小型,ヘルスケア,,×,,0.0517872931666035,累進
6465.T,Hoshizaki Corporation,5210.0,77,0.023032629558541268,0.016790760968257955,0.02400227304134644,731923742720.0,大型,資本財・サービス,,△,,0.1498031695400116,累進
9069.T,"SENKO Group Holdings Co., Ltd.",2307.5,85,0.022968580715059587,0.03034838464491978,0.03597904918708683,383304892416.0,大型,資本財・サービス,,×,自己資本比率低い,0.0921965833730539,累進
4975.T,JCU Corporation,6280.0,94,0.022929936305732482,0.0260523925007609,0.030193219527921755,146733547520.0,中型,素材,,×,,0.1187496760131031,累進
8255.T,Axial Retailing Inc.,1266.0,95,0.022906793048973143,0.02933113394194487,0.034987925993219884,112026378240.0,中型,生活必需品,,×,,0.0716307566797763,累進
4553.T,"Towa Pharmaceutical Co., Ltd.",3500.0,80,0.022857142857142857,0.027102098534047735,0.03496288607698664,175743483904.0,中型,ヘルスケア,,×,ROE低い/配当性向70%以上2回,0.1193931831697266,
8418.T,"Yamaguchi Financial Group, Inc.",3500.0,77,0.022857142857142857,0.03836077847954139,0.04884821452958934,708564287488.0,大型,金融,,×,自己資本比率低い,0.1529456138218423,累進
3093.T,"Treasure Factory Co.,LTD.",1975.0,94,0.02278481012658228,0.02559232288646547,0.02849087580228815,46249504768.0,小型,一般消費財・サービス,,×,,0.2672018986806191,
2903.T,"Shinobu Foods Products Co., Ltd.",1500.0,92,0.02266666666666667,0.02675868350041011,0.038507082526501465,16105866240.0,超小型,生活必需品,,×,,0.0827941178298375,
4771.T,"F&M Co.,Ltd.",2649.0,95,0.022650056625141562,0.025481674069983237,0.029475602690080517,39229718528.0,超小型,資本財・サービス,,×,,0.0834413959076627,累進
4628.T,"Sk Kaken Co.,Ltd.",10200.0,92,0.022549019607843137,0.019402535785627395,0.0265282583621684,137194315776.0,中型,素材,,△,,0.0884632342965676,
9042.T,"Hankyu Hanshin Holdings, Inc.",4456.0,82,0.02244165170556553,0.02280883367386037,0.025435333242297693,1005683408896.0,超大型,資本財・サービス,,×,現金比率低い,0.1008377425044091,累進
4625.T,"Atomix Co.,Ltd.",895.0,82,0.0223463687150838,0.028110799492706832,0.031007751937984496,4744713216.0,超小型,素材,,×,,0.0148148148148148,
4275.T,"Carlit Co., Ltd.",1880.0,78,0.022340425531914895,0.02774630823897755,0.04189540213474598,42468900864.0,小型,素材,,×,現金比率低い,0.1693602693602693,累進
4287.T,Just Planning Inc.,493.0,90,0.02231237322515213,0.02619152753311452,0.031779662044320256,5469865984.0,超小型,情報技術,,×,,0.0624882447451586,累進
3088.T,MatsukiyoCocokara & Co.,2431.5,100,0.022208513263417645,0.021734613516969706,0.024723749124769625,963042869248.0,大型,ヘルスケア,,△,,0.1402460520997382,累進
2875.T,"Toyo Suisan Kaisha, Ltd.",9919.0,100,0.022179655207178142,0.022632223634351377,0.025698805482378375,910566948864.0,大型,生活必需品,,×,,0.158625730994152,累進
6363.T,"Torishima Pump Mfg. Co., Ltd.",2990.0,86,0.022073578595317726,0.031289064686308994,0.0372179598821328,77502308352.0,小型,資本財・サービス,,×,,0.1863622818220519,
7022.T,Sanoyas Holdings Corporation,340.0,82,0.022058823529411766,0.03536029554240787,0.054183746529597836,11707136000.0,超小型,資本財・サービス,,×,,0.0555555555555555,累進
5715.T,"Furukawa Co.,Ltd.",4085.0,86,0.022031823745410038,0.03109752463700861,0.047879804857064875,129304371200.0,中型,素材,,×,,0.0581699346405228,
9823.T,Mammy Mart Holdings Corporation,967.0,79,0.021923474663908996,0.021426012056572755,0.027672646197596934,49405714432.0,小型,生活必需品,,△,,0.2214923571930547,累進
2229.T,"Calbee, Inc.",3016.0,95,0.021883289124668436,0.022347799297449324,0.02381811620353663,365128318976.0,大型,生活必需品,,×,,0.0596845746845746,累進
9435.T,"Hikari Tsushin, Inc.",35950.0,94,0.021835883171070932,0.018515241753148965,0.022662862147701357,1596405055488.0,超大型,資本財・サービス,,△,,0.1438866630865239,累進
3104.T,"Fujibo Holdings, Inc.",3530.0,83,0.02181303116147309,0.027840364244062117,0.03604539780672439,116663197696.0,中型,一般消費財・サービス,Split,×,現金比率低い,0.1136656436326675,
9842.T,Arclands Corporation,1834.0,84,0.021810250817884406,0.02368001234449351,0.026846435977501363,117164924928.0,中型,一般消費財・サービス,,×,,0.0566137566137566,累進
5283.T,"Takamisawa Co., Ltd.",3210.0,57,0.021806853582554516,0.020295323309879956,0.024507694255231326,5195615232.0,超小型,素材,,△,,0.1111111111111111,累進
6960.T,"Fukuda Denshi Co., Ltd.",11730.0,94,0.021739130434782608,0.031180167163549488,0.03579625116418655,319057592320.0,大型,ヘルスケア,,×,,0.1285131428466107,累進
4979.T,"OAT Agrio Co., Ltd.",2768.0,77,0.02167630057803468,0.02306286927791795,0.03717795200404456,28409419776.0,超小型,素材,,×,,0.1943602693602693,累進
3626.T,TISI Inc.,4016.0,100,0.02166334661354582,0.023548460139871448,0.03047482217418912,828402368512.0,大型,情報技術,,×,,0.2460638936226648,累進
8113.T,Unicharm Corporation,924.7999877929688,71,0.021626297863314114,0.015535113300497201,0.02080867739458865,1612217843712.0,超大型,生活必需品,,△,,0.1466648357107692,累進
7004.T,Kanadevia Corporation,1165.0,85,0.02145922746781116,0.02692433668168628,0.03314205984698661,197357895680.0,中型,資本財・サービス,,×,自己資本比率低い,0.096081588835212,累進
8331.T,"The Chiba Bank, Ltd.",2805.5,73,0.021386562110140794,0.035036689142910936,0.04650162377827914,1953859895296.0,超大型,金融,,×,自己資本比率低い/営業CF合計マイナス,0.1416671411351172,累進
9347.T,"NIPPON KANZAI Holdings Co.,Ltd.",2810.0,100,0.021352313167259787,0.021905258610504436,0.023251415676862088,103914233856.0,中型,不動産,,×,,0.0316718221490225,累進
7951.T,Yamaha Corporation,1218.0,81,0.021346469622331693,0.025288668863998862,0.02843984689707947,537554092032.0,大型,一般消費財・サービス,,×,,0.046462720960529,累進
4901.T,FUJIFILM Holdings Corporation,3404.0,87,0.021298472385428906,0.02455597326237321,0.027878361590089492,4057997508608.0,超大型,資本財・サービス,,×,現金比率低い,0.1362337403986347,累進
6869.T,Sysmex Corporation,1831.5,81,0.021294021294021293,0.02436512156332498,0.03121583959985946,1130812276736.0,超大型,ヘルスケア,,×,現金比率低い,0.0742943722272588,累進
9663.T,"NAGAWA Co., Ltd.",4700.0,89,0.02127659574468085,0.01532409102628178,0.02127659574468085,73928425472.0,小型,資本財・サービス,,△,,0.0507122507122507,
3762.T,TechMatrix Corporation,2497.0,87,0.021225470564677613,0.02665013265011444,0.03319609432707637,100151582720.0,中型,情報技術,,×,自己資本比率低い,0.2961585057043461,
3040.T,Soliton Systems K.K.,2742.0,71,0.021152443471918306,0.03161173915573238,0.05343119131308317,48615526400.0,小型,情報技術,,×,,0.2868131868131868,累進
6277.T,Hosokawa Micron Corporation,6620.0,63,0.021148036253776436,0.029243992135568567,0.036742785550469004,96935354368.0,小型,資本財・サービス,,×,ROE低い,0.1287638287638287,累進
6448.T,"Brother Industries, Ltd.",4731.0,97,0.02113718030014796,0.03763346537390636,0.04710915845285059,1150245011456.0,超大型,資本財・サービス,,×,,0.1320610895430297,
2730.T,EDION Corporation,2403.0,87,0.020807324178110695,0.02494048457848987,0.028557291738905314,257264713728.0,中型,一般消費財・サービス,,×,現金比率低い,0.0859709107658303,累進
4216.T,Asahi Yukizai Corporation,7220.0,82,0.02077562326869806,0.03101128885185954,0.03859060402684564,134868344832.0,中型,資本財・サービス,,×,ROE低い,0.1713064713064712,累進
5384.T,Fujimi Incorporated,3710.0,94,0.0207088948787062,0.03509022466531498,0.048502475534274864,266688806912.0,中型,情報技術,,×,,0.2078484853594697,累進
5983.T,Iwabuchi Corporation,15140.0,81,0.02047556142668428,0.0363974428406852,0.05386323093619548,14857172992.0,超小型,資本財・サービス,,×,ROE低い,0.0258454106280193,
6086.T,"Shin Maint Holdings Co.,Ltd.",977.0,92,0.02047082906857728,0.01990891355271289,0.023695306902149386,19052115968.0,超小型,資本財・サービス,,〇,,0.2818829349721122,
5268.T,"Asahi Concrete Works Co., Ltd.",831.0,87,0.02045728038507822,0.024180676213543067,0.03299056209437384,10984904704.0,超小型,資本財・サービス,,×,,0.0458214624881291,
3359.T,"cotta CO.,LTD",491.0,66,0.020366598778004074,0.024376152037539865,0.03440073815451084,5305424384.0,超小型,一般消費財・サービス,,×,,0.2944443911111218,累進
2501.T,Sapporo Breweries Limited,1872.0,64,0.0202991452991453,0.012663786200584493,0.013611783364612853,712870658048.0,大型,生活必需品,Split,△,ROE低い/配当性向70%以上2回,0.1208089899579261,累進
9428.T,Crops Corporation,1430.0,90,0.02027972027972028,0.020846602950408417,0.023848684210526317,13891019776.0,超小型,コミュニケーション・サービス,,×,,0.1375972611266729,累進
6849.T,Nihon Kohden Corporation,1582.0,84,0.020227560050568902,0.021244207126664333,0.02416455911368102,257475575808.0,中型,ヘルスケア,,×,,0.0860007543574355,
7649.T,"Sugi Holdings Co.,Ltd.",1244.0,100,0.02009646302250804,0.01546107198054857,0.020242914979757085,464206790656.0,大型,ヘルスケア,Split,△,,0.0928765801232663,累進
1377.T,Sakata Seed Corporation,4230.0,90,0.02009456264775414,0.018517478767050923,0.02686060381109408,181415772160.0,中型,生活必需品,,△,,0.1439379270584944,
8001.T,ITOCHU Corporation,2197.5,84,0.020022753128555178,0.026745380642109004,0.0343155920214573,15395281960960.0,超大型,資本財・サービス,Split,×,現金比率低い,0.1659104585144394,
7745.T,"A&D HOLON Holdings Company, Limited",3010.0,97,0.019933554817275746,0.027532055884458964,0.03411312762246288,82572771328.0,小型,情報技術,,×,,0.1644179894179894,累進
2742.T,"Halows Co.,Ltd.",3640.0,97,0.01978021978021978,0.017993795271796866,0.02021062603927322,79842574336.0,小型,生活必需品,,×,,0.1373225539892206,累進
9974.T,"Belc CO., LTD.",6500.0,100,0.019692307692307693,0.01948593911764951,0.02111702134515323,137692217344.0,中型,生活必需品,,×,,0.0935147406677925,累進
2749.T,"Jp-Holdings,Inc.",637.0,84,0.019623233908948195,0.021297005831041847,0.024056942889538524,54979903488.0,小型,資本財・サービス,,×,,0.1479677479677479,
6454.T,"Max Co., Ltd.",1886.0,100,0.019618239660657476,0.026154400485649053,0.03528198903663934,330104569856.0,大型,資本財・サービス,Split,×,,0.1321269922620546,累進
6617.T,"Takaoka Toko Co., Ltd.",7650.0,90,0.0196078431372549,0.03065644568623585,0.038634725273398535,114747170816.0,中型,資本財・サービス,,×,,0.0269360269360269,
7552.T,Happinet Corporation,4870.0,97,0.019507186858316223,0.031400493746235894,0.03781568178772392,221327327232.0,中型,一般消費財・サービス,Split,×,,0.2039622106288773,
7846.T,Pilot Corporation,2108.0,82,0.019449715370018977,0.02204243190898467,0.0334341827787022,221622812672.0,中型,資本財・サービス,Split,×,,0.2170708419909311,累進
6841.T,Yokogawa Electric Corporation,4733.0,90,0.019437988590745827,0.019758708240484816,0.024446388454497984,1178680295424.0,超大型,資本財・サービス,,×,,0.1140812346694699,累進
4722.T,Future Corporation,2426.0,82,0.019373454245671887,0.02078933152133584,0.030151157448487745,215127883776.0,中型,情報技術,,×,,0.1630510916540328,累進
7966.T,LINTEC Corporation,5940.0,86,0.01936026936026936,0.03181941187368487,0.045809176150597666,356001677312.0,大型,素材,,×,,0.0664433078297182,
5906.T,"MK Seiko Co., Ltd.",778.0,86,0.019280205655526992,0.02187590281775995,0.02554532103860814,10834242560.0,超小型,情報技術,,×,,0.0333333333333333,
5332.T,TOTO LTD.,6235.0,92,0.019246190858059342,0.026297734030946377,0.03126817806372418,994608676864.0,大型,資本財・サービス,,×,,0.0497406369955389,
2326.T,Digital Arts Inc.,5210.0,88,0.019193857965451054,0.019888852983525676,0.02866186058020115,68196605952.0,小型,情報技術,,×,,0.2186578082411415,
3772.T,"Wealth Management, Inc.",1053.0,45,0.01899335232668566,0.020550344287007173,0.023697940359122732,20405948416.0,超小型,不動産,,×,ROE低い/EPS低い/自己資本比率低い/営業CF合計マイナス,0.3115124412338035,累進
7512.T,Aeon Hokkaido Corporation,844.0,84,0.018957345971563982,0.019125192324314987,0.019897505198783395,118814015488.0,中型,一般消費財・サービス,,×,現金比率低い,0.0821350762527233,
4620.T,"Fujikura Kasei Co., Ltd.",1110.0,87,0.01891891891891892,0.033175590636732345,0.04289843739090363,31108603904.0,超小型,素材,,×,,0.0307539682539682,
7743.T,"SEED Co.,Ltd.",794.0,85,0.018891687657430732,0.031282660674924294,0.03730303999436569,24000768000.0,超小型,ヘルスケア,,×,,0.086812569794919,累進
6626.T,SEMITEC Corporation,2489.0,86,0.01888308557653676,0.023896360804028308,0.031035810711105363,23893966848.0,超小型,情報技術,,×,,0.3327920227920228,
9846.T,"Tenmaya Store Co., Ltd.",980.0,82,0.018877551020408164,0.01724392890937595,0.019609662240802957,11282065408.0,超小型,生活必需品,,×,現金比率低い,0.1323232323232323,累進
6286.T,Seiko Corporation,1489.0,82,0.01880456682337139,0.023906230368850888,0.03190640805853497,9810106368.0,超小型,資本財・サービス,,×,,0.046847442680776,
9311.T,Asagami Corporation,7450.0,82,0.01879194630872483,0.01989902936587295,0.022377622377622378,10608982016.0,超小型,資本財・サービス,,×,,0.0222222222222222,累進
9824.T,"Senshu Electric Co.,Ltd.",8260.0,76,0.018765133171912834,0.02663934698130538,0.04534790233106965,139324391424.0,中型,情報技術,,×,,0.2688777272110605,累進
4684.T,"OBIC Co.,Ltd.",5018.0,92,0.018732562774013552,0.020384246743359754,0.025737545275202105,2151692632064.0,超大型,情報技術,,×,現金比率低い,0.1762550613996765,累進
3741.T,"Systems Engineering Consultants Co.,LTD.",3210.0,84,0.018691588785046728,0.023141721158445327,0.03067638584842001,33130190848.0,超小型,情報技術,,×,,0.1955622747084113,
3663.T,"CELSYS, Inc.",1821.0,73,0.018671059857221308,0.022321602479928974,0.03648566869948359,53463121920.0,小型,情報技術,,×,,0.5923280423280423,累進
2222.T,"Kotobuki Spirits Co., Ltd.",2423.5,89,0.018568186507117806,0.020320650529284716,0.025878170565532516,380368584704.0,大型,生活必需品,,×,現金比率低い,0.3354497354497354,
2904.T,"Ichimasa Kamaboko Co., Ltd.",754.0,60,0.01856763925729443,0.019406760657608765,0.020594235488747673,13836440576.0,超小型,生活必需品,,×,ROE低い/配当性向70%以上2回,0.1029100529100529,累進
4912.T,Lion Corporation,1728.0,77,0.018518518518518517,0.015387963557944605,0.02120793222919651,481458782208.0,大型,生活必需品,,×,,0.100436705632784,累進
3402.T,"Toray Industries, Inc.",1243.5,86,0.018496180136710897,0.021093803303439785,0.022537346919818936,1793879441408.0,超大型,一般消費財・サービス,,×,,0.0442762475360514,
3939.T,"Kanamic Network Co.,LTD",489.0,77,0.018404907975460124,0.0189250442448242,0.021614452554359346,23776104448.0,超小型,ヘルスケア,,×,,0.3132220165553179,累進
4527.T,"Rohto Pharmaceutical Co.,Ltd.",2726.0,97,0.018341892883345562,0.020438999654267966,0.022646577707341416,635715387392.0,大型,生活必需品,,×,,0.1782658253570679,
2220.T,"Kameda Seika Co.,Ltd.",1211.0,87,0.018166804293971925,0.016516740889910203,0.018715337232569615,78302453760.0,小型,生活必需品,Split,×,ROE低い,0.0543785418894955,累進
6951.T,JEOL Ltd.,7992.0,91,0.018143143143143144,0.026380488799879497,0.029823555150878863,381330718720.0,大型,情報技術,,×,,0.3405214648641608,
5991.T,"NHK Spring Co., Ltd.",3661.0,90,0.018027861240098333,0.035485483633961444,0.055301063503627054,708070342656.0,大型,一般消費財・サービス,,×,,0.246185641582061,
9353.T,"Sakurajima Futo Kaisha, Ltd.",3000.0,74,0.018,0.023219513700516427,0.026982374501656095,4534830080.0,超小型,資本財・サービス,,×,ROE低い,0.2037037037037037,累進
2782.T,"Seria Co., Ltd.",4470.0,100,0.017897091722595078,0.02488318619331062,0.02955349505227367,287662342144.0,中型,生活必需品,,×,,0.2427220927220927,累進
8045.T,"Yokohama Maruuo Co., Ltd.",2014.0,79,0.01787487586891758,0.03617375696358518,0.05287215913797039,12234420224.0,超小型,生活必需品,,×,ROE低い,0.1983121816455149,累進
7911.T,TOPPAN Holdings Inc.,2469.0,92,0.017820980153908466,0.01842802164040716,0.022451895091855825,1360326819840.0,超大型,資本財・サービス,Split,×,,0.0736418340537333,
7443.T,"Yokohama Gyorui Co., Ltd.",675.0,74,0.017777777777777778,0.014753971232729613,0.0197899272966177,4236226560.0,超小型,生活必需品,,×,ROE低い,0.1111111111111111,累進
4187.T,Osaka Organic Chemical Industry Ltd.,4675.0,73,0.017754010695187165,0.02183166491667531,0.039319717686474916,92127838208.0,小型,素材,,×,,0.1312687827963523,累進
9009.T,"Keisei Electric Railway Co., Ltd.",1303.0,82,0.017651573292402148,0.01979318924550745,0.022243592937149243,640413728768.0,大型,資本財・サービス,,×,現金比率低い,0.2407081000032617,
9735.T,"SECOM CO., LTD.",6250.0,95,0.0176,0.019522789747348772,0.020701229903735237,2507669241856.0,超大型,資本財・サービス,,×,,0.0407517295417192,累進
8233.T,"Takashimaya Company, Limited",2103.0,69,0.01759391345696624,0.023454401487624683,0.030184721134309787,610495496192.0,大型,一般消費財・サービス,,×,ROE低い/EPS低い,0.1193458086743908,累進
2152.T,Youji Corporation,1481.0,95,0.017555705604321403,0.01876349453817494,0.020614300017289724,16484690944.0,超小型,生活必需品,,×,,0.2168432719920134,累進
8079.T,Shoei Foods Corporation,4275.0,66,0.017543859649122806,0.013413433843886043,0.016305538834165915,72031649792.0,小型,生活必需品,,×,,0.1224235104669887,累進
6988.T,Nitto Denko Corporation,3554.0,94,0.017445132245357344,0.021332755065589525,0.025850186911362504,2326579380224.0,超大型,素材,,×,,0.0802541155124404,累進
1921.T,Tomoe Corporation,2065.0,83,0.017433414043583534,0.020884813143439335,0.026383603324842884,64543948800.0,小型,資本財・サービス,,×,,0.1669312169312169,
3184.T,"International Conglomerate of Distribution for Automobile Holdings Co., Ltd.",4050.0,82,0.01728395061728395,0.01886540586026489,0.023288796920667418,8598356992.0,超小型,一般消費財・サービス,,×,現金比率低い,0.0444444444444444,累進
3064.T,"MonotaRO Co., Ltd.",2089.5,82,0.01722900215362527,0.012712080245586673,0.0177840978314842,962957475840.0,大型,一般消費財・サービス,,×,,0.2586223779574537,累進
3850.T,NTT Data Intramart Corporation,3835.0,92,0.017209908735332465,0.018085511917741888,0.025963808025177025,18901741568.0,超小型,情報技術,,×,,0.3203890568084941,
6134.T,Fuji Corporation,8428.0,76,0.017204556241101093,0.035401743063572313,0.04710458056395545,702513348608.0,大型,資本財・サービス,,×,現金比率低い,0.1260027754280627,累進
6258.T,Hirata Corporation,4075.0,89,0.01717791411042945,0.028108290263237717,0.036634488137337294,117602582528.0,中型,資本財・サービス,,×,,0.3582288696066628,
6101.T,Tsugami Corporation,5710.0,90,0.017162872154115588,0.03433728286883946,0.049136103025491755,255535841280.0,中型,資本財・サービス,,×,減収傾向,0.184229550406021,累進
7701.T,Shimadzu Corporation,4026.0,100,0.01713859910581222,0.019121513440503796,0.021221511277948968,1154604728320.0,超大型,情報技術,,×,,0.1577937870467581,累進
7564.T,"Workman Co.,Ltd.",5210.0,100,0.01708253358925144,0.01608090117323026,0.019551320319607803,447239946240.0,大型,一般消費財・サービス,,×,,0.1434474056448329,累進
7545.T,"Nishimatsuya Chain Co., Ltd.",1939.0,95,0.01701908200103146,0.016486343057800897,0.018067589450226944,117482643456.0,中型,一般消費財・サービス,,×,,0.0544164102135116,累進
8411.T,"Mizuho Financial Group, Inc.",8668.0,82,0.01701661282879557,0.033072795641931996,0.052189675469643156,20843853774848.0,超大型,金融,,×,自己資本比率低い,0.0828361719490751,累進
4972.T,"Soken Chemical & Engineering Co., Ltd.",4425.0,86,0.01694915254237288,0.0343525811518319,0.05008458131491003,73931710464.0,小型,素材,,×,現金比率低い,0.1629022794657469,
9436.T,Okinawa Cellular Telephone Company,4130.0,92,0.01694915254237288,0.02620312932965281,0.032897798263046854,382874943488.0,大型,コミュニケーション・サービス,,×,現金比率低い,0.1116212376590815,累進
6676.T,Buffalo Inc.,3550.0,86,0.016901408450704224,0.04066656742778773,0.0693534790289751,85191876608.0,小型,情報技術,Split,×,,0.1592592592592592,
8015.T,Toyota Tsusho Corporation,7387.0,92,0.016786246108027616,0.03260751272854899,0.055019830880303267,6800996827136.0,超大型,資本財・サービス,,×,,0.2191066172632576,
2209.T,"Imuraya Group Co., Ltd.",2271.0,87,0.01673271686481726,0.01616150530795123,0.017304189435336976,29650761728.0,超小型,生活必需品,,×,現金比率低い,0.068624710700447,累進
4923.T,"Cota Co., Ltd.",1142.0,95,0.01667863397548161,0.016739868292641364,0.01833661625696489,34556407808.0,超小型,生活必需品,Split,×,,0.1135802465960563,累進
4736.T,Nippon RAD Inc.,600.0,74,0.016666666666666666,0.016920293610170216,0.018518518518518517,3064127744.0,超小型,情報技術,,×,,0.1111111111111111,累進
7734.T,"Riken Keiki Co., Ltd.",3615.0,90,0.016597510373443983,0.01966924514338241,0.023474251050467004,163186262016.0,中型,資本財・サービス,,×,,0.1988194260515106,累進
2393.T,"Nippon Care Supply Co., Ltd.",4355.0,81,0.01653272101033295,0.032132705866246156,0.03902196305570606,68382093312.0,小型,資本財・サービス,,×,現金比率低い,0.1317000230043708,累進
7456.T,"MATSUDA SANGYO Co., Ltd.",6680.0,84,0.016467065868263474,0.02376102489121025,0.03202394290105962,173916028928.0,中型,素材,,×,現金比率低い,0.1432946944954334,累進
8285.T,"Mitani Sangyo Co., Ltd.",797.0,92,0.01631116687578419,0.02644223661293682,0.03699291502415704,50241249280.0,小型,資本財・サービス,,×,,0.0694444444444444,累進
4751.T,"CyberAgent, Inc.",1227.0,82,0.016299918500407497,0.015253649954425248,0.016940834260423844,628042170368.0,大型,コミュニケーション・サービス,,×,,0.1242909840703958,累進
7419.T,Nojima Corporation,1228.0,100,0.016286644951140065,0.01862866513293444,0.02327612652948695,362811457536.0,大型,一般消費財・サービス,Split,×,,0.1678809939666231,累進
6925.T,Ushio Inc.,4318.0,89,0.01621120889300602,0.0321420077139826,0.046045383738296745,332468191232.0,大型,資本財・サービス,,×,配当性向70%以上2回,0.147008547008547,累進
8368.T,"The Hyakugo Bank, Ltd.",2623.0,67,0.016012199771254287,0.03430439889271828,0.045614646221445745,623750676480.0,大型,金融,,×,自己資本比率低い/営業CF合計マイナス,0.145654981205975,累進
8830.T,"Sumitomo Realty & Development Co., Ltd.",3063.0,82,0.015997388181521383,0.014483304279485222,0.0166326411363388,2937099911168.0,超大型,不動産,Split,×,現金比率低い,0.1501905104877409,累進
8022.T,Mizuno Corporation,4300.0,89,0.01581395348837209,0.022086199063816245,0.026047589343474255,318682660864.0,大型,一般消費財・サービス,,×,,0.1990863531076265,
9404.T,"Nippon Television Holdings, Inc.",2847.5,95,0.015803336259877086,0.014910556758880844,0.01673333552425762,686636007424.0,大型,コミュニケーション・サービス,,×,,0.0186261892144245,累進
6674.T,GS Yuasa Corporation,5718.0,89,0.015739769150052464,0.028673371843126454,0.04347909432457076,551756365824.0,大型,一般消費財・サービス,,×,現金比率低い,0.0846560846560846,
7780.T,"Menicon Co., Ltd.",1792.0,95,0.015625,0.021556588211104816,0.02827731408663934,131804340224.0,中型,ヘルスケア,,×,,0.1628125870231133,累進
7821.T,"Maeda Kosen Co., Ltd.",1931.0,95,0.015535991714137753,0.01221994116311272,0.01634414130910176,130171142144.0,中型,素材,,×,,0.1749583789012604,
6370.T,Kurita Water Industries Ltd.,7955.0,92,0.015461973601508486,0.020278120165063966,0.02746794298839717,845204029440.0,大型,資本財・サービス,,×,現金比率低い,0.0853772722234835,累進
8218.T,"Komeri Co.,Ltd.",3710.0,81,0.015363881401617251,0.018118767988305494,0.02043767357801992,173370048512.0,中型,一般消費財・サービス,,×,現金比率低い,0.0451262590933797,累進
7733.T,Olympus Corporation,1955.0,92,0.015345268542199489,0.015879155904723607,0.02334986585418457,2134739648512.0,超大型,ヘルスケア,,×,現金比率低い,0.1997172943251374,累進
7173.T,"Tokyo Kiraboshi Financial Group, Inc.",1680.0,78,0.01525297619047619,0.027176221155122242,0.04050098565272126,489210085376.0,大型,金融,Split,×,自己資本比率低い/営業CF合計マイナス,0.138350308416722,累進
8278.T,"Fuji Co., Ltd.",1972.0,90,0.015212981744421906,0.015371858268385247,0.01602917811328434,174072643584.0,中型,一般消費財・サービス,,×,ROE低い,0.0830727914061247,累進
4733.T,"OBIC Business Consultants Co., Ltd.",8116.0,100,0.015155248891079349,0.017289441219519613,0.022243828936633823,611938402304.0,大型,情報技術,,×,,0.1329016986911723,累進
4816.T,"Toei Animation Co.,Ltd.",2914.0,91,0.015099519560741249,0.01659082992696813,0.01984418771555108,605992255488.0,大型,コミュニケーション・サービス,,×,,0.3061838635363825,
9627.T,Ain Holdings Inc.,5338.0,95,0.014986886474334956,0.015554654963930978,0.019301639720474936,188391145472.0,中型,ヘルスケア,,×,,0.086026936026936,累進
6754.T,Anritsu Corporation,3685.0,91,0.014925373134328358,0.02529940334631154,0.034796212046638055,441700057088.0,大型,情報技術,,×,,0.1047652879016058,
4578.T,"Otsuka Holdings Co., Ltd.",11425.0,82,0.01487964989059081,0.01526464807752595,0.02196734961689684,6014649237504.0,超大型,ヘルスケア,,×,,0.0397306397306397,累進
4462.T,"Ishihara Chemical Co., Ltd.",3100.0,88,0.014838709677419355,0.02122459392370714,0.026389378164842034,40694251520.0,小型,素材,,×,,0.1229864876158028,
6702.T,Fujitsu Limited,4063.0,81,0.014767413241447206,0.014069349978427308,0.019635597318130235,6921317253120.0,超大型,情報技術,,×,現金比率低い,0.2160364880604263,
4812.T,Dentsu Soken Inc.,2862.0,82,0.014616817610062893,0.015501266654442182,0.02171495523552453,558605533184.0,大型,情報技術,Split,×,,0.1905488497888464,累進
2801.T,Kikkoman Corporation,1710.5,89,0.014615609470914937,0.018779940230292284,0.02092643621973739,1540511367168.0,超大型,生活必需品,,×,現金比率低い,0.149873369809743,
2208.T,Bourbon Corporation,3015.0,92,0.014593698175787729,0.016097144076535626,0.01711209311612921,72997830656.0,小型,生活必需品,,×,,0.0903285979026045,累進
5261.T,"RESOL HOLDINGS Co.,Ltd.",7540.0,86,0.014588859416445624,0.017825244342592222,0.021541908373259845,42511540224.0,小型,一般消費財・サービス,,×,現金比率低い,0.1071428571428571,
6637.T,"Terasaki Electric Co.,Ltd.",4220.0,81,0.014454976303317536,0.0202334246747026,0.03137925220085694,52308320256.0,小型,資本財・サービス,,×,,0.2133437550104217,
6890.T,Ferrotec Corporation,12040.0,95,0.014451827242524917,0.04753673614995581,0.08402216094751602,605292331008.0,大型,情報技術,,×,,0.3304253334741139,累進
4543.T,Terumo Corporation,2283.5,92,0.01445149989051894,0.013997220753266294,0.017547003707747,3468700942336.0,超大型,ヘルスケア,,×,現金比率低い,0.1235077933398346,累進
4680.T,Round One Corporation,1247.5,82,0.014428857715430862,0.01698274497024973,0.02356685772545301,335556968448.0,大型,一般消費財・サービス,,×,自己資本比率低い,0.1303975388988132,累進
2814.T,"Sato Foods Industries Co., Ltd.",1739.0,85,0.01437607820586544,0.017832766099945475,0.02211819545696065,12547252224.0,超小型,生活必需品,Split,×,ROE低い,0.0450292397660818,累進
3153.T,"Yashima Denki Co., Ltd.",3145.0,97,0.014308426073131956,0.019208808018636815,0.02665339684579057,66385465344.0,小型,資本財・サービス,,×,,0.1049839666506333,累進
6504.T,"Fuji Electric Co., Ltd.",15210.0,92,0.014201183431952662,0.024288027797992467,0.03732376989045938,2122711302144.0,超大型,資本財・サービス,,×,現金比率低い,0.1549775533108866,累進
4464.T,SOFT99corporation,4050.0,84,0.014197530864197531,0.02130664056698689,0.03285932262945177,87460413440.0,小型,素材,,×,,0.0998725268971038,累進
3622.T,Netyear Group Corporation,495.0,82,0.014141414141414142,0.01327813262360782,0.014827063221427749,3464449024.0,超小型,コミュニケーション・サービス,,×,,0.0903010033444816,累進
6479.T,MINEBEA MITSUMI Inc.,3918.0,87,0.01403777437468096,0.02165272726917864,0.028416341866352866,1535299682304.0,超大型,情報技術,,×,,0.1383011814212364,
3891.T,Nippon Kodoshi Corporation,7490.0,80,0.014018691588785047,0.0369587187457163,0.057332638199979115,77728915456.0,小型,情報技術,,×,現金比率低い,0.2101689408706952,
6590.T,Shibaura Mechatronics Corporation,4305.0,89,0.013937282229965157,0.02733592813066202,0.053967585931027684,279293820928.0,中型,情報技術,Split,×,現金比率低い,0.502537141643912,
3798.T,"ULS Group, Inc.",524.0,92,0.013931297709923664,0.013395526987680005,0.01536087128229662,30608904192.0,超小型,情報技術,,×,,0.1736997431333815,
6996.T,Nichicon Corporation,2728.0,85,0.013929618768328446,0.0262090893027008,0.03712676935092736,179850838016.0,中型,情報技術,,×,減収傾向,0.0683717970482676,累進
7532.T,Pan Pacific International Holdings Corporation,692.5999755859375,82,0.01371643132381434,0.009131962873375539,0.010769543027414123,2107647066112.0,超大型,生活必需品,,×,,0.2613183304359775,累進
6376.T,"Nikkiso Co., Ltd.",3815.0,74,0.01363040629095675,0.026200222094340496,0.04496061829631528,232003796992.0,中型,資本財・サービス,,×,,0.1122615039281706,累進
7912.T,"Dai Nippon Printing Co., Ltd.",3029.0,95,0.013535820402773192,0.017509450950654683,0.022244893137890367,1282517368832.0,超大型,資本財・サービス,,×,,0.0277777777777777,累進
6055.T,"JAPAN MATERIAL Co., Ltd.",2391.0,92,0.013383521539104977,0.019588211816587334,0.025128378293747738,246144139264.0,中型,資本財・サービス,,×,現金比率低い,0.1692410290900744,累進
4203.T,Sumitomo Bakelite Company Limited,8998.0,87,0.013336296954878863,0.026137720761629624,0.036116155410567764,745400107008.0,大型,素材,,×,,0.1867424304472808,
6273.T,SMC Corporation,75190.0,89,0.013299640909695438,0.019114807628808073,0.024266359697216498,4587119443968.0,超大型,資本財・サービス,,×,,0.2345679012345679,累進
6199.T,"SERAKU Co., Ltd.",1318.0,77,0.013201820940819422,0.011878099186148416,0.015916687873537297,17137606656.0,超小型,情報技術,,×,,0.2228607259352898,累進
4966.T,"C.Uyemura & Co.,Ltd.",21980.0,94,0.013193812556869881,0.023386492847423952,0.03382112808419328,340681392128.0,大型,素材,,×,,0.2028320444987111,累進
3349.T,COSMOS Pharmaceutical Corporation,6328.0,100,0.012958280657395701,0.008827111920093281,0.011435435242269299,492266618880.0,大型,ヘルスケア,,×,,0.1813140583106663,累進
4088.T,Air Water Inc.,2901.0,79,0.012926577042399173,0.03088093219565,0.0494527624866433,668074967040.0,大型,素材,,×,ROE低い,0.1277639962692762,累進
3549.T,"Kusuri No Aoki Holdings Co., Ltd.",4338.0,95,0.012909174734900875,0.008921902584447187,0.014018691588785047,352407945216.0,大型,ヘルスケア,,×,,0.1461415201134793,累進
6800.T,"Yokowo Co., Ltd.",4895.0,86,0.012870275791624107,0.03186867607222742,0.04882034743851225,106062667776.0,中型,情報技術,,×,,0.1596828205653095,
3676.T,"DIGITAL HEARTS HOLDINGS Co., Ltd.",1050.0,89,0.012857142857142857,0.023159616702178015,0.031573422202101985,23436042240.0,超小型,情報技術,,×,,0.0984276732885761,累進
2413.T,"M3, Inc.",1763.5,100,0.012475191380776865,0.014101296532096267,0.01674914350970689,1198702985216.0,超大型,ヘルスケア,,×,,0.1928872550260579,累進
7715.T,"Nagano Keiki Co., Ltd.",4565.0,88,0.01226725082146769,0.024412879236674852,0.033120248414800706,81163100160.0,小型,情報技術,,×,,0.1250443618468326,
6351.T,"Tsurumi Manufacturing Co.,Ltd.",2613.0,92,0.012246460007654038,0.01694471561276602,0.021202513509466333,123682938880.0,中型,資本財・サービス,,×,,0.088953145914178,
4091.T,Nippon Sanso Holdings Corporation,5532.0,92,0.01193058568329718,0.01295912665299977,0.014756694351116702,2339139223552.0,超大型,素材,,×,現金比率低い,0.1360416332638555,累進
2349.T,"Nippon Information Development Co., Ltd.",2446.0,95,0.011856091578086671,0.0124298042910734,0.012907001546332326,27128100864.0,超小型,情報技術,,×,,0.0605793055381586,累進
8267.T,"Aeon Co., Ltd.",1226.0,85,0.011827079934747145,0.010032192503707165,0.011827079934747145,3458280980480.0,超大型,一般消費財・サービス,,×,自己資本比率低い,0.0368508896015897,累進
3774.T,Internet Initiative Japan Inc.,3469.0,92,0.01181896800230614,0.01569786044370906,0.01937090914753397,612320477184.0,大型,コミュニケーション・サービス,,×,現金比率低い,0.2741810299813074,累進
4063.T,"Shin-Etsu Chemical Co., Ltd.",6218.0,89,0.011740109359922805,0.020198556245679126,0.0305690150206222,10939394949120.0,超大型,素材,,×,,0.2006700193846784,
2531.T,Takara Holdings Inc.,2646.5,81,0.011713583978839977,0.022497385706672094,0.02853722238091717,500626980864.0,大型,生活必需品,,×,ROE低い,0.1399293460243248,
6762.T,TDK Corporation,3447.0,94,0.011604293588627792,0.02018818449135449,0.02772628375420465,6074093010944.0,超大型,情報技術,,×,,0.1772144457279651,累進
2175.T,"SMS Co., Ltd.",2596.0,72,0.011363636363636364,0.021692613734056055,0.028936127704558806,221288890368.0,中型,ヘルスケア,,×,ROE低い/現金比率低い/EPS低い,0.2722490243388076,累進
4047.T,"Kanto Denka Kogyo Co., Ltd.",2557.0,84,0.01134141572154869,0.021162320087431782,0.0258938533815922,140574523392.0,中型,素材,,×,,0.1375661375661375,
6503.T,Mitsubishi Electric Corporation,5367.0,89,0.011179429849077696,0.016280179030319357,0.024555198621560442,10870667083776.0,超大型,資本財・サービス,,×,現金比率低い,0.0870280908928251,
3625.T,Techfirm Holdings Inc.,730.0,60,0.010958904109589041,0.014041095611444442,0.016917330473852913,5201859584.0,超小型,情報技術,,×,,0.1407407407407407,累進
9697.T,"Capcom Co., Ltd.",4415.0,82,0.01087202718006795,0.013707258117097483,0.017313632407264877,1823408259072.0,超大型,コミュニケーション・サービス,,×,現金比率低い,0.2476690539287488,累進
2221.T,"Iwatsuka Confectionery Co., Ltd.",3025.0,77,0.010578512396694216,0.010817158992593627,0.011953720191699227,30550439936.0,超小型,生活必需品,,×,ROE低い/現金比率低い,0.1463647980858126,累進
6777.T,santec Holdings Corporation,23640.0,89,0.010575296108291032,0.03454238141479889,0.06408117258998863,267901452288.0,中型,情報技術,,×,現金比率低い,0.403012728012728,
2923.T,"Sato Foods Co., Ltd.",7100.0,87,0.01056338028169014,0.010312098689003605,0.011094674556213017,35809636352.0,超小型,生活必需品,,×,,0.1816678687425219,
2303.T,Dawn Corp.,1338.0,90,0.01046337817638266,0.011236564053260505,0.012340764481134652,7931147776.0,超小型,情報技術,Split,×,,0.2306878306878307,累進
4369.T,Tri Chemical Laboratories Inc.,3360.0,86,0.010416666666666666,0.013661103110311157,0.018634282322115458,107076648960.0,中型,素材,,×,現金比率低い,0.3766914492489205,累進
8742.T,"Kobayashi Yoko Co., Ltd.",579.0,80,0.010362694300518135,0.01525702647146021,0.02024691373281155,6890482688.0,超小型,金融,,×,ROE低い,0.092063492063492,累進
3796.T,"e-Seikatsu Co.,Ltd.",295.0,85,0.010169491525423728,0.011152499797797973,0.012181567361915068,4085615104.0,超小型,情報技術,Split,×,,0.0277777777777777,累進
2168.T,Pasona Group Inc.,1478.0,67,0.010148849797023005,0.024518393963157185,0.04199112281419256,56925102080.0,小型,資本財・サービス,,×,ROE低い/減収傾向/EPS低い,0.2679972723832373,累進
9843.T,"Nitori Holdings Co., Ltd.",3121.0,81,0.01006087792374239,0.012351427913239801,0.014243379701823978,1668615110656.0,超大型,一般消費財・サービス,,×,現金比率低い,0.1055448765280518,累進
3641.T,"Papyless Co., Ltd.",1001.0,48,0.00999000999000999,0.011213427971139455,0.012618036090170901,7726912512.0,超小型,コミュニケーション・サービス,,×,ROE低い/減収傾向/営業CF合計マイナス/EPS低い,0.1851851851851852,累進
3180.T,BEAUTY GARAGE Inc.,1660.0,90,0.00963855421686747,0.008718251263968876,0.012420243769268046,20674504704.0,超小型,生活必需品,,×,,0.2452821869488536,
7475.T,"ALBIS Co.,Ltd.",3770.0,82,0.009283819628647215,0.020370490649245617,0.02834028265952677,31499515904.0,超小型,生活必需品,,×,ROE低い,0.0185185185185185,
9955.T,"The Yonkyu Co.,Ltd.",2705.0,81,0.009242144177449169,0.009300240339075607,0.010001284955128817,33542068224.0,超小型,生活必需品,,×,,0.074074074074074,累進
2802.T,"Ajinomoto Co., Inc.",5321.0,89,0.009208795339221951,0.013657485922975339,0.01695686295024614,5011501219840.0,超大型,生活必需品,,×,現金比率低い,0.1369257712478051,
8715.T,"Anicom Holdings, Inc.",1020.0,92,0.008823529411764706,0.011729878474159908,0.018679032261850352,73112502272.0,小型,金融,,×,,0.280050505050505,累進
6278.T,Union Tool Co.,16730.0,71,0.008667065152420802,0.019548009383881786,0.04257817366438247,311537467392.0,大型,資本財・サービス,,×,,0.1152332852332852,累進
6976.T,"Taiyo Yuden Co., Ltd.",10490.0,81,0.008579599618684462,0.031063538502814226,0.052518958946697405,1315590897664.0,超大型,情報技術,,×,現金比率低い/配当性向70%以上2回,0.211249752426223,
6701.T,NEC Corporation,4927.0,94,0.008524457073269738,0.010085629974708951,0.01196788306380923,6392978604032.0,超大型,情報技術,,×,,0.1089677230981578,累進
2791.T,"Daikokutenbussan Co.,Ltd.",4300.0,92,0.00813953488372093,0.0071661367969780045,0.008695652173913044,59077431296.0,小型,生活必需品,,×,,0.0526470322638905,累進
4368.T,"Fuso Chemical Co.,Ltd.",3420.0,91,0.008089473684210527,0.0167737243897454,0.027052047664034084,354417868800.0,大型,素材,Split,×,,0.0730325224825138,
6758.T,Sony Group Corporation,3723.0,92,0.008058017727639,0.007930633617218076,0.009683053364277917,22136276123648.0,超大型,情報技術,,×,現金比率低い,0.2136556669451406,累進
6315.T,TOWA Corporation,2491.0,86,0.008028904054596548,0.011918360745378092,0.01973419779654866,181351530496.0,中型,情報技術,,×,,0.3361111620902824,
2805.T,S&B Foods Inc.,6990.0,94,0.008011444921316165,0.014870430473330008,0.01966332382002437,171648270336.0,中型,生活必需品,,×,,0.1145479885819822,累進
6981.T,"Murata Manufacturing Co., Ltd.",8745.0,86,0.008004574042309892,0.022852335956669263,0.03299669348319332,15431284817920.0,超大型,情報技術,,×,現金比率低い,0.1060484836192219,累進
9478.T,"SE Holdings and Incubations Co., Ltd.",505.0,67,0.007920792079207921,0.011169659451597317,0.015549723987247079,7423721472.0,超小型,コミュニケーション・サービス,,×,減収傾向,0.1216931216931217,累進
6961.T,Enplas Corporation,11380.0,88,0.007908611599297012,0.015013386181127823,0.026574551325460705,96729636864.0,小型,情報技術,,×,,0.0665824915824915,
6645.T,OMRON Corporation,6597.0,87,0.007882370774594513,0.019836703316057157,0.030424605602665866,1263343894528.0,超大型,情報技術,,×,,0.048884445302361,累進
2882.T,"Eat & Holdings Co., Ltd.",2008.0,80,0.007470119521912351,0.007748328349701073,0.008094397235910218,22862837760.0,超小型,一般消費財・サービス,,×,ROE低い,0.0888359788359788,累進
7550.T,"Zensho Holdings Co., Ltd.",11115.0,87,0.007197480881691408,0.009341210026058467,0.010796631825167843,1688227282944.0,超大型,一般消費財・サービス,,×,現金比率低い,0.2151248284352785,累進
7741.T,HOYA Corporation,24500.0,92,0.0069387755102040816,0.010800965085405598,0.016723600582495203,8135572979712.0,超大型,ヘルスケア,,×,現金比率低い,0.1782267115600449,累進
3923.T,"Rakus Co., Ltd.",1019.0,92,0.0068694798822374874,0.0054663750736300394,0.009709429113031697,360129200128.0,大型,情報技術,,×,現金比率低い,0.3792298982415115,累進
6861.T,Keyence Corporation,81680.0,82,0.006733594515181195,0.008753234842944706,0.010412367466942397,19693041614848.0,超大型,情報技術,,×,現金比率低い,0.3001424501424501,累進
4686.T,JustSystems Corporation,4460.0,94,0.006726457399103139,0.007561725489657107,0.008826854440371826,284511338496.0,中型,情報技術,,×,,0.183048433048433,累進
2371.T,"Kakaku.com, Inc.",3810.0,87,0.006561679790026247,0.02434709065365085,0.039669146149715194,752767008768.0,大型,コミュニケーション・サービス,,×,現金比率低い,0.1131889516312441,
6668.T,"Adtec Plasma Technology Co., Ltd.",5020.0,65,0.00597609561752988,0.020664313678257513,0.02732775964855837,41105534976.0,小型,資本財・サービス,,×,,0.2513227513227513,累進
3399.T,Maruchiyo Yamaokaya Corporation,3960.0,84,0.005808080808080808,0.004635098771188364,0.007863247863247864,75745329152.0,小型,一般消費財・サービス,,×,現金比率低い,0.1103174603174603,累進
7490.T,"Nissin Shoji Co.,Ltd.",2191.0,84,0.005020538566864446,0.017998420299326738,0.032136078621983366,14627992576.0,超小型,資本財・サービス,,×,,0.0446208112874779,
9691.T,"Ryomo Systems Co.,Ltd.",5160.0,90,0.004263565891472868,0.010746708597812342,0.01893262375213121,18051971072.0,超小型,情報技術,,×,,0.1367298279062985,
4970.T,"Toyo Gosei Co.,Ltd.",11160.0,73,0.004032258064516129,0.007272308642444289,0.011032352769535335,84050059264.0,小型,素材,,×,ROE低い/現金比率低い,0.1945767195767195,累進
6834.T,"SEIKOH GIKEN Co., Ltd.",6920.0,83,0.0039017341040462426,0.0145011522181576,0.029254377621924784,286950621184.0,中型,情報技術,Split,×,現金比率低い,0.2085330428467683,
3723.T,Nihon Falcom Corporation,2585.0,71,0.0038684719535783366,0.011201272653129663,0.018641347929654398,25555986432.0,超小型,コミュニケーション・サービス,,×,,0.1399470899470899,累進
9267.T,"Genky DrugStores Co., Ltd.",3415.0,92,0.003806734992679356,0.003032377210380911,0.00512319312864037,105573253120.0,中型,ヘルスケア,,×,現金比率低い,0.052063492063492,累進
6323.T,Rorze Corporation,4495.0,83,0.003781979977753059,0.00938682921346016,0.016578704203031983,732749103104.0,大型,情報技術,,×,,0.37286083928596,
8337.T,"The Chiba Kogyo Bank, Ltd.",2755.0,67,0.003629764065335753,0.006978319500811438,0.01089994754267189,159322980352.0,中型,金融,,×,自己資本比率低い/営業CF合計マイナス,0.1851851851851851,累進
2751.T,"TENPOS HOLDINGS Co.,Ltd.",3645.0,89,0.0024691358024691358,0.002581138557411212,0.002721570171165679,45035032576.0,小型,一般消費財・サービス,,×,,0.0309964726631393,
2652.T,Mandarake Inc.,415.0,72,0.0024096385542168677,0.0031076452053293356,0.0036567930946783326,13444145152.0,超小型,一般消費財・サービス,,×,,0.4444444444444444,累進
4062.T,"Ibiden Co.,Ltd.",12265.0,81,0.0018344883815735833,0.00843680872176379,0.016916596717750716,6744928419840.0,超大型,情報技術,Split,×,現金比率低い,0.0531746031746031,
5344.T,"Maruwa Co.,Ltd.",59870.0,82,0.001770502755971271,0.0027924320200535067,0.004478820310721729,722127814656.0,大型,情報技術,,×,現金比率低い,0.1084068987837028,累進
9984.T,SoftBank Group Corp.,6497.0,82,0.0016930891180544866,0.004058530398910695,0.0075667186973743285,38188487802880.0,超大型,コミュニケーション・サービス,Split,×,自己資本比率低い,0.0951765719207579,累進
6857.T,Advantest Corporation,40300.0,81,0.0007444168734491315,0.004122903544835025,0.009766633213248799,27152651124736.0,超大型,情報技術,,×,現金比率低い,0.529959531756814,
6486.T,"Eagle Industry Co.,Ltd.",,92,,0.05521479657148575,0.07236308034227595,137327861760.0,中型,資本財・サービス,,×,,0.119634207572804,
4800.T,Oricon Inc.,,89,,0.043603608102003866,0.05024129405676831,17446400000.0,超小型,コミュニケーション・サービス,,×,配当性向70%以上2回,0.1898860301149352,累進
1948.T,"The Kodensha Co., Ltd.",,89,,0.02918777325778627,0.060074322908041135,99999719424.0,小型,資本財・サービス,,×,現金比率低い,0.2608208522001625,累進
7634.T,"Hoshi Iryo-Sanki Co., Ltd.",,87,,0.0185144587162856,0.01929981623710126,17186949120.0,超小型,ヘルスケア,,×,,0.0846893846893846,
7240.T,NOK Corporation,,86,,0.05554974176528609,0.07093724200153805,476054749184.0,大型,一般消費財・サービス,,×,,0.1556878306878306,
