Symbol,Company,DividendScore,FinancialScore,ProfitScore,TotalScore,MarketCap,Problem,AvgGrowthRate,CumulativeDividend
417A.T,"Blue Zones Holdings Co.,Ltd.",40,30,30,100,367984312320.0,,0.12549361002795165,累進
7864.T,"Fuji Seal International, Inc.",40,30,30,100,179502104576.0,,0.17968775518194122,累進
3088.T,MatsukiyoCocokara & Co.,40,30,30,100,963042869248.0,,0.1402460520997382,累進
6005.T,"Miura Co., Ltd.",40,30,30,100,347248066560.0,,0.14162906696458388,累進
3349.T,COSMOS Pharmaceutical Corporation,40,30,30,100,492266618880.0,,0.18131405831066638,累進
3148.T,"Create SD Holdings Co., Ltd.",40,30,30,100,209634344960.0,,0.13163868144306332,累進
6750.T,"Elecom Co., Ltd.",40,30,30,100,162526920704.0,,0.09359463086735076,累進
9347.T,"NIPPON KANZAI Holdings Co.,Ltd.",40,30,30,100,103914233856.0,,0.03167182214902257,累進
1926.T,"Raito Kogyo Co., Ltd.",40,30,30,100,162076459008.0,,0.22034974902022236,累進
7701.T,Shimadzu Corporation,40,30,30,100,1154604728320.0,,0.15779378704675817,累進
7649.T,"Sugi Holdings Co.,Ltd.",40,30,30,100,464206790656.0,,0.09287658012326633,累進
7164.T,"ZENKOKU HOSHO Co.,Ltd.",40,30,30,100,406827139072.0,,0.2223966415008147,累進
4507.T,"Shionogi & Co., Ltd.",40,30,30,100,2426981842944.0,,0.12776930292743197,累進
3626.T,TISI Inc.,40,30,30,100,828402368512.0,,0.24606389362266487,累進
8130.T,Sangetsu Corporation,40,30,30,100,185193185280.0,,0.14808358337736738,累進
4733.T,"OBIC Business Consultants Co., Ltd.",40,30,30,100,611938402304.0,,0.13290169869117238,累進
8198.T,"Maxvalu Tokai Co.,Ltd.",40,30,30,100,106499383296.0,,0.08931175950119585,累進
9037.T,"Hamakyorex Co., Ltd.",40,30,30,100,132538974208.0,,0.1788198185257009,累進
2413.T,"M3, Inc.",40,30,30,100,1198702985216.0,,0.1928872550260579,累進
2875.T,"Toyo Suisan Kaisha, Ltd.",40,30,30,100,910566948864.0,,0.15862573099415203,累進
7419.T,Nojima Corporation,40,30,30,100,362811457536.0,,0.16788099396662318,累進
2782.T,"Seria Co., Ltd.",40,30,30,100,287662342144.0,,0.24272209272209277,累進
6432.T,"Takeuchi Mfg. Co., Ltd.",40,30,30,100,338132140032.0,,0.28775641098075017,累進
6454.T,"Max Co., Ltd.",40,30,30,100,330104569856.0,,0.13212699226205465,累進
7564.T,"Workman Co.,Ltd.",40,30,30,100,447239946240.0,,0.1434474056448329,累進
2317.T,Systena Corporation,40,30,30,100,151203823616.0,,0.2247705816333267,累進
6420.T,Galilei Holdings Co.Ltd.,40,30,30,100,135498964992.0,,0.20097790285458597,累進
1766.T,Token Corporation,40,30,30,100,145088888832.0,,0.1590691439814247,累進
9989.T,"Sundrug Co.,Ltd.",40,30,30,100,417979891712.0,,0.12890371799212313,累進
9974.T,"Belc CO., LTD.",40,30,30,100,137692217344.0,,0.09351474066779256,累進
6947.T,Zuken Inc.,40,30,30,100,109593927680.0,,0.2070579346346459,累進
9934.T,"Inaba Denki Sangyo Co.,Ltd.",40,30,30,100,352364199936.0,,0.120708594238006,累進
4403.T,NOF Corporation,37,30,30,97,570428948480.0,,0.18295641420260042,
5334.T,"Niterra Co., Ltd.",37,30,30,97,1492966047744.0,,0.20279885354481003,
4516.T,"Nippon Shinyaku Co., Ltd.",37,30,30,97,235701043200.0,,0.1854303881981729,
8739.T,"SPARX Group Co., Ltd.",37,30,30,97,105860358144.0,,0.16911175244508575,
4323.T,"Japan System Techniques Co., Ltd.",40,27,30,97,46955839488.0,,0.24930114638447975,累進
3153.T,"Yashima Denki Co., Ltd.",40,27,30,97,66385465344.0,,0.10498396665063331,累進
2742.T,"Halows Co.,Ltd.",40,27,30,97,79842574336.0,,0.13732255398922066,累進
7745.T,"A&D HOLON Holdings Company, Limited",40,27,30,97,82572771328.0,,0.16441798941798944,累進
7224.T,"ShinMaywa Industries, Ltd.",37,30,30,97,126003068928.0,,0.2142336018971393,
2670.T,"ABC-Mart,Inc.",37,30,30,97,673393410048.0,,0.07677886677381339,
6381.T,ANEST IWATA Corporation,40,27,30,97,73060614144.0,,0.13927501874706844,累進
7921.T,Takara & Company Ltd.,40,27,30,97,52276203520.0,,0.12797770508963321,累進
2726.T,"PAL GROUP Holdings CO., LTD.",37,30,30,97,247269179392.0,,0.212729536258948,
9880.T,Innotech Corporation,40,27,30,97,44890824704.0,,0.23977072310405642,累進
6745.T,Hochiki Corporation,37,30,30,97,147718242304.0,,0.2331357206059334,
4290.T,Prestige International Inc.,40,27,30,97,84444160000.0,,0.2471342173096559,累進
4220.T,Riken Technos Corporation,37,30,30,97,108272115712.0,,0.20703392468098347,
9790.T,"Fukui Computer Holdings,Inc.",40,27,30,97,61818810368.0,,0.15350585628363406,累進
9682.T,DTS Corporation,37,30,30,97,173110165504.0,,0.18513288464979288,
7508.T,G-7 Holdings Inc.,40,27,30,97,61864615936.0,,0.1498664306768749,累進
6448.T,"Brother Industries, Ltd.",37,30,30,97,1150245011456.0,,0.1320610895430297,
7476.T,AS ONE Corporation,37,30,30,97,177769250816.0,,0.11404772386879117,
7458.T,"Daiichikosho Co., Ltd.",37,30,30,97,185613221888.0,,0.00605316285011467,
8066.T,Mitani Corporation,37,30,30,97,289793966080.0,,0.30528409890280944,
4617.T,"Chugoku Marine Paints, Ltd.",37,30,30,97,181738455040.0,,0.26074786468863315,
4718.T,"Waseda Academy Co., Ltd.",40,27,30,97,44793192448.0,,0.18356812269855746,累進
4687.T,TDC SOFT Inc.,40,27,30,97,50666237952.0,,0.22408910533910534,累進
5195.T,"Bando Chemical Industries, Ltd.",37,30,30,97,101548785664.0,,0.16847982961466967,
3371.T,Softcreate Holdings Corp.,40,27,30,97,55242293248.0,,0.23386863801590937,累進
7552.T,Happinet Corporation,37,30,30,97,221327327232.0,,0.20396221062887732,
5161.T,"Nishikawa Rubber Co., Ltd.",37,30,30,97,127798763520.0,,0.7403555184256939,
6744.T,Nohmi Bosai Ltd.,37,30,30,97,234568597504.0,,0.17853388154091926,
9692.T,Computer Engineering & Consulting Ltd.,40,27,30,97,69110136832.0,,0.1734020095131206,累進
1928.T,"Sekisui House, Ltd.",37,30,30,97,2185119399936.0,,0.10698140260872498,
4527.T,"Rohto Pharmaceutical Co.,Ltd.",37,30,30,97,635715387392.0,,0.17826582535706795,
3836.T,Avant Group Corporation,40,27,30,97,41448587264.0,,0.2835509844281774,累進
9928.T,"Miroku Jyoho Service Co., Ltd.",40,27,30,97,63870353408.0,,0.14697957675597856,累進
7203.T,Toyota Motor Corporation,40,25,30,95,34637363544064.0,,0.09940553342329148,累進
6890.T,Ferrotec Corporation,40,25,30,95,605292331008.0,,0.33042533347411396,累進
9404.T,"Nippon Television Holdings, Inc.",40,30,25,95,686636007424.0,,0.018626189214424507,累進
6902.T,DENSO Corporation,40,30,25,95,4613138808832.0,,0.09189359492226876,累進
7545.T,"Nishimatsuya Chain Co., Ltd.",40,30,25,95,117482643456.0,,0.05441641021351165,累進
7821.T,"Maeda Kosen Co., Ltd.",35,30,30,95,130171142144.0,,0.17495837890126043,
4540.T,Tsumura & Co.,40,30,25,95,279470899200.0,,0.1067346003035669,累進
7912.T,"Dai Nippon Printing Co., Ltd.",40,30,25,95,1282517368832.0,,0.027777777777777776,累進
4465.T,"Niitaka Co., Ltd.",40,25,30,95,14197250048.0,,0.1877868623622091,累進
2229.T,"Calbee, Inc.",40,30,25,95,365128318976.0,,0.05968457468457468,累進
3837.T,Ad-Sol Nissin Corporation,40,25,30,95,22395566080.0,,0.16960336162016834,累進
9651.T,"Japan Process Development Co., Ltd.",40,25,30,95,17358526464.0,,0.16719157385824054,累進
1941.T,Chudenko Corporation,40,30,25,95,270006763520.0,,0.05713252425099814,累進
2659.T,"SAN-A CO.,LTD.",40,30,25,95,193774731264.0,,0.17167982109371108,累進
7780.T,"Menicon Co., Ltd.",40,30,25,95,131804340224.0,,0.16281258702311335,累進
6365.T,DMW Corporation,40,25,30,95,23241981952.0,,0.1564786072103145,累進
9687.T,"KSK Co.,Ltd.",40,25,30,95,27249008640.0,,0.16494426737373719,累進
9956.T,"Valor Holdings Co., Ltd.",40,25,30,95,189547888640.0,,0.07742501814031078,累進
4763.T,"CREEK & RIVER Co., Ltd.",40,25,30,95,31974600704.0,,0.20814627759072202,累進
8273.T,"Izumi Co., Ltd.",40,30,25,95,201375842304.0,,0.036266808620907344,累進
2349.T,"Nippon Information Development Co., Ltd.",40,25,30,95,27128100864.0,,0.060579305538158636,累進
3549.T,"Kusuri No Aoki Holdings Co., Ltd.",40,25,30,95,352407945216.0,,0.14614152011347936,累進
4923.T,"Cota Co., Ltd.",40,25,30,95,34556407808.0,,0.11358024659605631,累進
4771.T,"F&M Co.,Ltd.",40,25,30,95,39229718528.0,,0.08344139590766278,累進
3921.T,NEOJAPAN Inc.,40,25,30,95,22484668416.0,,0.4896836389483448,累進
4299.T,"HIMACS, Ltd.",40,25,30,95,12549185536.0,,0.13410789056300534,累進
4345.T,"CTS Co., Ltd.",40,25,30,95,33899208704.0,,0.21040622351237878,累進
3771.T,"System Research Co.,Ltd.",40,25,30,95,31129956352.0,,0.2763668430335097,累進
1417.T,MIRAIT ONE Corporation,40,30,25,95,300704628736.0,,0.12235449735449734,累進
9735.T,"SECOM CO., LTD.",40,30,25,95,2507669241856.0,,0.04075172954171922,累進
9627.T,Ain Holdings Inc.,40,25,30,95,188391145472.0,,0.08602693602693602,累進
4838.T,Space Shower Skiyaki Holdings Inc.,40,25,30,95,11481062400.0,,0.03333333333333333,累進
8255.T,Axial Retailing Inc.,40,30,25,95,112026378240.0,,0.0716307566797763,累進
5947.T,Rinnai Corporation,40,30,25,95,469436694528.0,,0.1414876490930396,累進
8085.T,"Narasaki Sangyo Co., Ltd.",40,25,30,95,22393360384.0,,0.13411742578409244,累進
2152.T,Youji Corporation,40,25,30,95,16484690944.0,,0.2168432719920134,累進
208A.T,KOZO KEIKAKU ENGINEERING HOLDINGS Inc.,40,25,30,95,30105782272.0,,0.1479938271604938,累進
7483.T,"Doshisha Co.,Ltd.",40,30,25,95,108217778176.0,,0.07643698893698894,累進
2815.T,"ARIAKE JAPAN Co., Ltd.",40,30,25,95,158889836544.0,,0.13331175904705317,累進
8111.T,Goldwin Inc.,35,30,30,95,289488109568.0,,0.43622394890641236,
8037.T,Kamei Corporation,40,30,25,95,140762578944.0,,0.20550341105896663,累進
2114.T,Fuji Nihon Corporation,40,25,30,95,32729509888.0,,0.21423098506431837,累進
9435.T,"Hikari Tsushin, Inc.",40,30,24,94,1596405055488.0,,0.14388666308652392,累進
6960.T,"Fukuda Denshi Co., Ltd.",40,30,24,94,319057592320.0,,0.12851314284661075,累進
4686.T,JustSystems Corporation,40,30,24,94,284511338496.0,,0.18304843304843305,累進
4825.T,Weathernews Inc.,37,27,30,94,87673012224.0,,0.04262975349931872,
6845.T,Azbil Corporation,40,30,24,94,735780929536.0,,0.12920610534136479,累進
6988.T,Nitto Denko Corporation,40,30,24,94,2326579380224.0,,0.08025411551244042,累進
5929.T,Sanwa Holdings Corporation,40,30,24,94,729281331200.0,,0.20377492622985982,累進
6762.T,TDK Corporation,40,30,24,94,6074093010944.0,,0.1772144457279651,累進
3093.T,"Treasure Factory Co.,LTD.",37,27,30,94,46249504768.0,,0.26720189868061917,
9324.T,Yasuda Logistics Corporation,37,27,30,94,74387824640.0,,0.16992559308010305,
6701.T,NEC Corporation,40,30,24,94,6392978604032.0,,0.10896772309815789,累進
6644.T,"Osaki Electric Co., Ltd.",37,27,30,94,63304183808.0,,0.1033910533910534,
3817.T,"SRA Holdings, Inc.",37,27,30,94,64550039552.0,,0.11896066896066897,
4206.T,"Aica Kogyo Company, Limited",40,30,24,94,266643636224.0,,0.09540005133985884,累進
4674.T,Cresco Ltd.,37,27,30,94,76677472256.0,,0.17756983026269457,
4658.T,"Nippon Air conditioning Services Co., Ltd.",37,27,30,94,53688729600.0,,0.14382602627504998,
2127.T,Nihon M&A Center Holdings Inc.,40,30,24,94,198327468032.0,配当性向70%以上2回,0.17272619880577358,累進
5384.T,Fujimi Incorporated,40,30,24,94,266688806912.0,,0.20784848535946976,累進
4975.T,JCU Corporation,40,30,24,94,146733547520.0,,0.11874967601310314,累進
2805.T,S&B Foods Inc.,40,30,24,94,171648270336.0,,0.11454798858198223,累進
4966.T,"C.Uyemura & Co.,Ltd.",40,30,24,94,340681392128.0,,0.20283204449871117,累進
7979.T,Shofu Inc.,37,27,30,94,79470952448.0,,0.22747256690361548,
5982.T,"Maruzen Co., Ltd.",37,27,30,94,64642826240.0,,0.24019878197853728,
3850.T,NTT Data Intramart Corporation,37,25,30,92,18901741568.0,,0.32038905680849417,
1952.T,"Shin Nippon Air Technologies Co., Ltd.",40,22,30,92,142117797888.0,,0.25813507480174147,累進
4536.T,"Santen Pharmaceutical Co., Ltd.",40,30,22,92,544297648128.0,,0.04390726376020494,累進
6161.T,Estic Corporation,37,25,30,92,10516098048.0,,0.16856535091619984,
6086.T,"Shin Maint Holdings Co.,Ltd.",37,25,30,92,19052115968.0,,0.28188293497211225,
7911.T,TOPPAN Holdings Inc.,37,30,25,92,1360326819840.0,,0.07364183405373335,
6013.T,"Takuma Co., Ltd.",40,22,30,92,215910891520.0,,0.24311193398912698,累進
9412.T,SKY Perfect JSAT Corporation,37,30,25,92,567544840192.0,,0.11324776587934483,
1938.T,"Nippon Rietec Co.,Ltd.",40,27,25,92,63686008832.0,,0.26619902731013845,累進
9409.T,TV Asahi Holdings Corporation,37,30,25,92,300210388992.0,,0.07407407407407407,
6770.T,"Alps Alpine Co., Ltd.",37,30,25,92,438726197248.0,,0.13896604938271603,
6758.T,Sony Group Corporation,40,22,30,92,22136276123648.0,現金比率低い,0.2136556669451406,累進
1719.T,Hazama Ando Corporation,40,22,30,92,283252391936.0,,0.20376984126984127,累進
9799.T,"Asahi Intelligence Service Co., Ltd.",37,25,30,92,14306961408.0,,0.100649851069743,
4091.T,Nippon Sanso Holdings Corporation,40,22,30,92,2339139223552.0,現金比率低い,0.13604163326385552,累進
7949.T,"Komatsu Wall Industry Co., Ltd.",40,27,25,92,48754393088.0,,0.1545555479379009,累進
7917.T,ZACROS Corporation,40,27,25,92,87283048448.0,,0.09166143224966754,累進
6378.T,"Kimura Chemical Plants Co., Ltd.",37,25,30,92,22809755648.0,,0.2621693121693121,
7947.T,FP Corporation,37,30,25,92,224918306816.0,,0.0952274839142385,
6351.T,"Tsurumi Manufacturing Co.,Ltd.",37,30,25,92,123682938880.0,,0.08895314591417806,
9267.T,"Genky DrugStores Co., Ltd.",40,22,30,92,105573253120.0,現金比率低い,0.05206349206349206,累進
7741.T,HOYA Corporation,40,22,30,92,8135572979712.0,現金比率低い,0.1782267115600449,累進
7733.T,Olympus Corporation,40,22,30,92,2134739648512.0,現金比率低い,0.19971729432513746,累進
9029.T,"Higashi Holdings Co., Ltd.",37,25,30,92,24332527616.0,,0.21094970751833497,
4628.T,"Sk Kaken Co.,Ltd.",37,30,25,92,137194315776.0,,0.08846323429656763,
1944.T,Kinden Corporation,40,22,30,92,1123903602688.0,現金比率低い,0.20117558036199853,累進
3107.T,"Daiwabo Holdings Co., Ltd.",37,25,30,92,316890710016.0,,0.2717323186073186,
7292.T,Murakami Corporation,40,27,25,92,79125913600.0,,0.27522479507773623,累進
4503.T,Astellas Pharma Inc.,40,22,30,92,4142758363136.0,現金比率低い,0.09841716239736743,累進
9551.T,"METAWATER Co., Ltd.",40,22,30,92,134081142784.0,,0.09109789964906762,累進
1959.T,Kraftia Corporation,40,22,30,92,568283561984.0,現金比率低い,0.13935677848721328,累進
4543.T,Terumo Corporation,40,22,30,92,3468700942336.0,現金比率低い,0.12350779333983468,累進
1925.T,"Daiwa House Industry Co., Ltd.",37,25,30,92,2695619674112.0,,0.07152115908447933,
4559.T,"Zeria Pharmaceutical Co., Ltd.",40,27,25,92,85998911488.0,,0.047999191258995176,累進
8016.T,"Onward Holdings Co., Ltd.",35,27,30,92,96623157248.0,,0.12962962962962962,
6370.T,Kurita Water Industries Ltd.,40,22,30,92,845204029440.0,現金比率低い,0.08537727222348356,累進
2112.T,"Ensuiko Sugar Refining Co., Ltd.",37,25,30,92,12466403328.0,,0.16666666666666666,
2903.T,"Shinobu Foods Products Co., Ltd.",37,25,30,92,16105866240.0,,0.08279411782983753,
2208.T,Bourbon Corporation,40,27,25,92,72997830656.0,,0.09032859790260453,累進
4684.T,"OBIC Co.,Ltd.",40,22,30,92,2151692632064.0,現金比率低い,0.17625506139967653,累進
4709.T,ID Holdings Corporation,37,25,30,92,36388298752.0,,0.23354835203582944,
5332.T,TOTO LTD.,37,30,25,92,994608676864.0,,0.04974063699553896,
3648.T,AGS Corporation,37,25,30,92,17349312512.0,,0.16664816664816662,
8015.T,Toyota Tsusho Corporation,37,25,30,92,6800996827136.0,,0.2191066172632576,
4568.T,"Daiichi Sankyo Company, Limited",40,22,30,92,4986759544832.0,現金比率低い,0.15291706848380507,累進
6055.T,"JAPAN MATERIAL Co., Ltd.",40,22,30,92,246144139264.0,現金比率低い,0.16924102909007446,累進
5285.T,Yamax Corp.,37,25,30,92,12756284416.0,,0.3531746031746032,
2359.T,Core Corporation,37,25,30,92,29694730240.0,,0.1418470418470418,
8715.T,"Anicom Holdings, Inc.",40,22,30,92,73112502272.0,,0.28005050505050505,累進
2181.T,"Persol Holdings Co.,Ltd.",37,25,30,92,629266776064.0,,0.26774461291366114,
8771.T,"eGuarantee, Inc.",35,27,30,92,77187842048.0,配当性向100%以上,0.1983710008219812,
6504.T,"Fuji Electric Co., Ltd.",40,22,30,92,2122711302144.0,現金比率低い,0.15497755331088664,累進
7438.T,Kondotec Inc.,40,27,25,92,44040859648.0,,0.09107905970020436,累進
2201.T,"Morinaga&Co., Ltd.",40,22,30,92,199384907776.0,,0.2167404200737534,累進
6486.T,"Eagle Industry Co.,Ltd.",37,30,25,92,137327861760.0,,0.11963420757280405,
2282.T,NH Foods Ltd.,37,30,25,92,551494549504.0,,0.13446441000336085,
6458.T,Sinko Industries Ltd.,35,27,30,92,81985413120.0,,0.19970928636214813,
2791.T,"Daikokutenbussan Co.,Ltd.",40,27,25,92,59077431296.0,,0.0526470322638905,累進
6455.T,Morita Holdings Corporation,40,27,25,92,99729547264.0,,0.1290749768380059,累進
8285.T,"Mitani Sangyo Co., Ltd.",40,27,25,92,50241249280.0,,0.06944444444444445,累進
4783.T,"NCD Co., Ltd.",37,25,30,92,20008404992.0,,0.3574126755804573,
2292.T,S Foods Inc.,40,27,25,92,85454520320.0,,0.1311467109860724,累進
2307.T,"Cross Cat Co., Ltd.",37,25,30,92,14961830912.0,,0.2626094167760834,
9780.T,Harima B.Stem Corporation,37,25,30,92,10180506624.0,,0.2886243386243386,
9753.T,IX Knowledge Incorporated,37,25,30,92,13427330048.0,,0.21296296296296294,
1721.T,COMSYS Holdings Corporation,40,22,30,92,621595066368.0,現金比率低い,0.1318699818699819,累進
1736.T,Otec Corporation,37,25,30,92,38797856768.0,,0.27275458196004404,
9948.T,ARCS Company Limited,37,30,25,92,191276466176.0,,0.0724185394093852,
6824.T,"New Cosmos Electric Co.,Ltd.",40,27,25,92,48310935552.0,,0.11369242752221477,累進
1384.T,"Hokuryo Co., Ltd.",37,25,30,92,17814312960.0,,0.2579365079365079,
1332.T,Nissui Corporation,40,22,30,92,339209551872.0,現金比率低い,0.21730586951175188,累進
3774.T,Internet Initiative Japan Inc.,40,22,30,92,612320477184.0,現金比率低い,0.27418102998130744,累進
9960.T,Totech Corporation,40,22,30,92,172021039104.0,現金比率低い,0.3383712268247089,累進
3923.T,"Rakus Co., Ltd.",40,22,30,92,360129200128.0,現金比率低い,0.37922989824151154,累進
9436.T,Okinawa Cellular Telephone Company,40,22,30,92,382874943488.0,現金比率低い,0.11162123765908159,累進
3798.T,"ULS Group, Inc.",37,25,30,92,30608904192.0,,0.17369974313338157,
6912.T,Kikusui Holdings Corporation,37,25,30,92,23641600000.0,,0.1162431232493066,
3034.T,"Qol Holdings Co., Ltd.",40,22,30,92,88495169536.0,,0.051787293166603514,累進
6923.T,"Stanley Electric Co., Ltd.",37,30,25,92,429778075648.0,,0.12425373568230712,
9639.T,"Sankyo Frontier Co.,Ltd.",40,27,24,91,51717697536.0,,0.09734926065571226,累進
6951.T,JEOL Ltd.,37,30,24,91,381330718720.0,,0.3405214648641608,
6754.T,Anritsu Corporation,37,30,24,91,441700057088.0,,0.10476528790160582,
4816.T,"Toei Animation Co.,Ltd.",37,30,24,91,605992255488.0,,0.30618386353638255,
3635.T,"Koei Tecmo Holdings Co., Ltd.",37,30,24,91,552661614592.0,,0.17697141423395657,
6023.T,"Daihatsu Infinearth Mfg.Co.,Ltd",40,27,24,91,85322604544.0,,0.20910808767951627,累進
4368.T,"Fuso Chemical Co.,Ltd.",37,30,24,91,354417868800.0,,0.07303252248251381,
1980.T,"Dai-Dan Co., Ltd.",37,30,24,91,383605964800.0,,0.31683393787179515,
2767.T,Tsuburaya Fields Holdings Inc.,37,30,24,91,157623189504.0,,0.40925925925925927,
7575.T,"Japan Lifeline Co., Ltd.",37,30,24,91,107055734784.0,,0.3508550683483893,
9691.T,"Ryomo Systems Co.,Ltd.",35,25,30,90,18051971072.0,,0.1367298279062985,
9432.T,"NTT, Inc.",40,20,30,90,13799221362688.0,自己資本比率低い,0.09282826690930285,累進
4826.T,"Computer Institute of Japan, Ltd.",35,25,30,90,30092630016.0,,0.21522057753514787,
8473.T,"SBI Holdings, Inc.",40,20,30,90,2040658526208.0,自己資本比率低い,0.17946775446775448,累進
4847.T,Intelligent Wave Inc.,35,25,30,90,38542929920.0,,0.2553183381614754,
1377.T,Sakata Seed Corporation,35,30,25,90,181415772160.0,,0.14393792705849445,
9959.T,"Aseed Holdings Co.,Ltd.",40,20,30,90,11349147648.0,,0.10313451980118647,累進
3941.T,"Rengo Co., Ltd.",40,25,25,90,364270747648.0,,0.14099326599326598,累進
4287.T,Just Planning Inc.,40,20,30,90,5469865984.0,,0.06248824474515861,累進
7614.T,"OM2 Network Co.,Ltd.",40,25,25,90,10322049024.0,,0.04259259259259259,累進
7516.T,"Kohnan Shoji Co., Ltd.",40,25,25,90,126661255168.0,,0.12320124757437398,累進
8278.T,"Fuji Co., Ltd.",40,30,20,90,174072643584.0,ROE低い,0.08307279140612474,累進
7466.T,SPK Corporation,40,25,25,90,29663987712.0,,0.08727891306189783,累進
8309.T,"Sumitomo Mitsui Trust Group, Inc.",40,20,30,90,4897883815936.0,自己資本比率低い,0.11160904318299705,累進
3180.T,BEAUTY GARAGE Inc.,35,25,30,90,20674504704.0,,0.24528218694885362,
3183.T,"WIN-Partners Co., Ltd.",40,25,25,90,34483539968.0,,0.11629575530598386,累進
8725.T,"MS&AD Insurance Group Holdings, Inc.",40,20,30,90,6977267171328.0,自己資本比率低い,0.18967864117481698,累進
7570.T,"Hashimoto Sogyo Holdings Co.,Ltd.",40,25,25,90,26776035328.0,,0.1500222789333409,累進
7520.T,"Eco's Co.,Ltd.",40,25,25,90,27982944256.0,,0.14264069264069262,累進
2303.T,Dawn Corp.,40,20,30,90,7931147776.0,,0.23068783068783072,累進
2813.T,"Wakou Shokuhin Co., Ltd.",40,20,30,90,9605985280.0,,0.3128722893772453,累進
6617.T,"Takaoka Toko Co., Ltd.",36,30,24,90,114747170816.0,,0.02693602693602694,
9039.T,"Sakai Moving Service Co.,Ltd.",35,30,25,90,118081781760.0,,0.25068482463384817,
9057.T,"Enshu Truck Co.,Ltd.",40,25,25,90,24139505664.0,,0.2356229042377676,累進
3360.T,"Ship Healthcare Holdings, Inc.",40,25,25,90,222443798528.0,,0.08769860333884724,累進
6248.T,"Yokota Manufacturing Co., Ltd.",40,20,30,90,3289110016.0,,0.14795504929478642,累進
9360.T,Suzuyo Shinwart Corporation,40,20,30,90,8008511488.0,,0.3037037037037037,累進
6841.T,Yokogawa Electric Corporation,40,30,20,90,1178680295424.0,,0.11408123466946996,累進
7734.T,"Riken Keiki Co., Ltd.",40,30,20,90,163186262016.0,,0.19881942605151065,累進
7459.T,MediPal Holdings Corporation,40,25,25,90,604475097088.0,,0.08877021382490345,累進
3289.T,Tokyu Fudosan Holdings Corporation,40,20,30,90,876917882880.0,自己資本比率低い,0.14868259344523535,累進
6101.T,Tsugami Corporation,40,30,20,90,255535841280.0,減収傾向,0.184229550406021,累進
3834.T,"Asahi Net, Inc.",40,25,25,90,15417043968.0,,0.03789999292863762,累進
5991.T,"NHK Spring Co., Ltd.",35,30,25,90,708070342656.0,,0.24618564158206102,
7955.T,Cleanup Corporation,40,25,25,90,32937252864.0,,0.0547008547008547,累進
9428.T,Crops Corporation,40,20,30,90,13891019776.0,,0.1375972611266729,累進
3191.T,"Joyful Honda Co.,Ltd.",35,30,25,90,136336334848.0,,0.221049871165252,
3435.T,"Sanko Techno Co., Ltd.",40,25,25,90,11839895552.0,,0.08718728620689405,累進
8117.T,Central Automotive Products Ltd.,40,30,20,90,118119972864.0,,0.19413164253887272,累進
6273.T,SMC Corporation,40,30,19,89,4587119443968.0,,0.23456790123456792,累進
6258.T,Hirata Corporation,37,22,30,89,117602582528.0,,0.3582288696066628,
6777.T,santec Holdings Corporation,37,22,30,89,267901452288.0,現金比率低い,0.403012728012728,
9619.T,"Ichinen Holdings Co., Ltd.",37,22,30,89,64591695872.0,,0.09452440531324509,
3036.T,ALCONIX Corporation,40,25,24,89,103860953088.0,,0.1731595797135663,累進
9709.T,"NCS&A Co., Ltd.",40,25,24,89,18574129152.0,,0.34009139009139006,累進
6809.T,TOA Corporation,37,27,25,89,59572797440.0,,0.14205038118081595,
6287.T,Sato Corporation,37,27,25,89,88050597888.0,,0.031039569280004883,
9882.T,Yellow Hat Ltd.,40,30,19,89,139793416192.0,,0.1931212156625959,累進
7840.T,"France Bed Holdings Co., Ltd.",37,27,25,89,42883719168.0,,0.056134555000371344,
9887.T,"Matsuya Foods Holdings Co., Ltd.",34,30,25,89,106062888960.0,,-0.0044444444444444444,
9364.T,"Kamigumi Co., Ltd.",40,30,19,89,462714732544.0,,0.25335612601131996,累進
1930.T,"Hokuriku Electrical Construction Co.,Ltd.",37,27,25,89,43096477696.0,,0.1764309729431276,
3925.T,Double Standard Inc.,40,25,24,89,17705758720.0,配当性向70%以上2回,0.31459466459466456,累進
3050.T,"DCM Holdings Co., Ltd.",40,30,19,89,208225878016.0,,0.08662468037468037,累進
9663.T,"NAGAWA Co., Ltd.",37,27,25,89,73928425472.0,,0.05071225071225071,
4800.T,Oricon Inc.,40,25,24,89,17446400000.0,配当性向70%以上2回,0.18988603011493527,累進
6925.T,Ushio Inc.,40,30,19,89,332468191232.0,配当性向70%以上2回,0.14700854700854704,累進
4063.T,"Shin-Etsu Chemical Co., Ltd.",35,30,24,89,10939394949120.0,,0.20067001938467843,
9997.T,"Belluna Co., Ltd.",40,30,19,89,102233595904.0,,0.10224105096416924,累進
3092.T,"ZOZO, Inc.",37,22,30,89,955886731264.0,現金比率低い,0.27684087658085427,
1965.T,Techno Ryowa Ltd.,37,22,30,89,145411047424.0,,0.26074438272607786,
7504.T,Kohsoku Corporation,40,19,30,89,87585341440.0,現金比率低い,0.1436509074356208,累進
2751.T,"TENPOS HOLDINGS Co.,Ltd.",37,27,25,89,45035032576.0,,0.030996472663139332,
6331.T,"Mitsubishi Kakoki Kaisha, Ltd.",40,19,30,89,69937946624.0,,0.25263993605224044,累進
7749.T,"Medikit Co.,Ltd.",37,27,25,89,40060866560.0,,0.14021164021164023,
8022.T,Mizuno Corporation,37,22,30,89,318682660864.0,,0.19908635310762657,
3676.T,"DIGITAL HEARTS HOLDINGS Co., Ltd.",40,25,24,89,23436042240.0,,0.09842767328857617,累進
1942.T,"Kandenko Co.,Ltd.",37,22,30,89,1094974767104.0,現金比率低い,0.26241174801125217,
9171.T,"Kuribayashi Steamship Co., Ltd.",40,25,24,89,17681917952.0,,0.23148148148148145,累進
1948.T,"The Kodensha Co., Ltd.",40,19,30,89,99999719424.0,現金比率低い,0.26082085220016255,累進
7241.T,"Futaba Industrial Co., Ltd.",40,27,22,89,95554256896.0,,0.5194194194194195,累進
1835.T,"Totetsu Kogyo Co., Ltd.",37,22,30,89,132083859456.0,,0.16183906351361038,
6674.T,GS Yuasa Corporation,37,22,30,89,551756365824.0,現金比率低い,0.08465608465608465,
7970.T,"Shin-Etsu Polymer Co.,Ltd.",40,30,19,89,197071454208.0,,0.20934928764284763,累進
7942.T,JSP Corporation,37,27,25,89,79014264832.0,,0.08125701459034791,
2002.T,Nisshin Seifun Group Inc.,40,30,19,89,553208905728.0,,0.1042339633912177,累進
9301.T,Mitsubishi Logistics Corporation,37,30,22,89,496783097856.0,,0.2755377669627862,
2918.T,"Warabeya Nichiyo Holdings Co., Ltd.",37,27,25,89,46475829248.0,,0.15942760942760942,
5444.T,"Yamato Kogyo Co., Ltd.",37,30,22,89,724796702720.0,,0.33333333333333337,
8850.T,Starts Corporation Inc.,37,30,22,89,219951513600.0,,0.11942787315892642,
2154.T,Open Up Group Inc.,35,30,24,89,170854907904.0,,0.1928699067063847,
6590.T,Shibaura Mechatronics Corporation,37,22,30,89,279293820928.0,現金比率低い,0.502537141643912,
8194.T,Life Corporation,37,22,30,89,227887480832.0,現金比率低い,0.17162775496108829,
8014.T,"Chori Co., Ltd.",37,30,22,89,101416140800.0,,0.1973117128388142,
5284.T,"Yamau Holdings Co., Ltd.",40,25,24,89,13480888320.0,,0.4892598829583075,累進
2801.T,Kikkoman Corporation,37,22,30,89,1540511367168.0,現金比率低い,0.14987336980974308,
2222.T,"Kotobuki Spirits Co., Ltd.",37,22,30,89,380368584704.0,現金比率低い,0.33544973544973544,
8818.T,"Keihanshin Building Co., Ltd.",37,27,25,89,95309258752.0,,0.1114412744708311,
2802.T,"Ajinomoto Co., Inc.",37,22,30,89,5011501219840.0,現金比率低い,0.13692577124780514,
6503.T,Mitsubishi Electric Corporation,37,22,30,89,10870667083776.0,現金比率低い,0.08702809089282519,
1967.T,Yamato Corporation,40,19,30,89,48488697856.0,,0.2057142857142857,累進
6961.T,Enplas Corporation,37,27,24,88,96729636864.0,,0.06658249158249158,
8157.T,"Tsuzuki Denki Co., Ltd.",37,27,24,88,78695612416.0,,0.24466939682220654,
5351.T,"Shinagawa Refra Co., Ltd.",37,27,24,88,91403141120.0,,0.2707520874187541,
4462.T,"Ishihara Chemical Co., Ltd.",37,27,24,88,40694251520.0,,0.12298648761580283,
3150.T,"grems,Inc.",37,27,24,88,55221071872.0,,0.5427450110770624,
4743.T,ITFOR Inc.,37,27,24,88,43002630144.0,,0.18193855296426303,
4765.T,"SBI Global Asset Management Co., Ltd.",31,27,30,88,85600362496.0,配当性向70%以上2回,0.17322431549777073,
2326.T,Digital Arts Inc.,37,27,24,88,68196605952.0,,0.21865780824114156,
7715.T,"Nagano Keiki Co., Ltd.",37,27,24,88,81163100160.0,,0.12504436184683262,
9740.T,"Central Security Patrols Co., Ltd.",37,25,25,87,37160550400.0,,0.07314814814814816,
4204.T,"Sekisui Chemical Co., Ltd.",40,22,25,87,1023635357696.0,現金比率低い,0.11204015059532477,累進
4203.T,Sumitomo Bakelite Company Limited,37,30,20,87,745400107008.0,,0.1867424304472808,
3762.T,TechMatrix Corporation,37,20,30,87,100151582720.0,自己資本比率低い,0.29615850570434615,
1798.T,Moriya Corporation,40,17,30,87,11897027584.0,,0.08367928367928368,累進
6488.T,Yoshitake Inc.,37,25,25,87,13290134528.0,,0.15304603348720996,
4901.T,FUJIFILM Holdings Corporation,40,22,25,87,4057997508608.0,現金比率低い,0.13623374039863473,累進
8769.T,"Advantage Risk Management Co., Ltd.",37,20,30,87,8071622656.0,,0.2985409652076319,
3513.T,"Ichikawa Co., Ltd.",37,25,25,87,15419886592.0,,0.035897435897435895,
6479.T,MINEBEA MITSUMI Inc.,37,30,20,87,1535299682304.0,,0.13830118142123646,
8030.T,"Chuo Gyorui Co., Ltd.",37,25,25,87,15537437696.0,,0.09259259259259259,
2784.T,Alfresa Holdings Corporation,37,25,25,87,398268497920.0,,0.07792864106390825,
2804.T,"Bull-Dog Sauce Co., Ltd.",37,25,25,87,22870110208.0,,0.10334190768973378,
2220.T,"Kameda Seika Co.,Ltd.",40,27,20,87,78302453760.0,ROE低い,0.05437854188949553,累進
2186.T,Sobal Corporation,37,20,30,87,7111980544.0,,0.055702491058561523,
2379.T,DIP Corporation,36,27,24,87,93924737024.0,配当性向70%以上2回,0.12807234540031434,
2371.T,"Kakaku.com, Inc.",35,22,30,87,752767008768.0,現金比率低い,0.1131889516312441,
2209.T,"Imuraya Group Co., Ltd.",40,17,30,87,29650761728.0,現金比率低い,0.06862471070044703,累進
3177.T,"Arigatou Services Company, Limited",37,20,30,87,4615660032.0,,0.036009770911731694,
7550.T,"Zensho Holdings Co., Ltd.",40,17,30,87,1688227282944.0,現金比率低い,0.2151248284352785,累進
3661.T,"m-up holdings, Inc.",40,17,30,87,57358733312.0,自己資本比率低い,0.15384800384800384,累進
8864.T,"Airport Facilities Co., Ltd.",40,27,20,87,46417678336.0,ROE低い,0.12252854358117515,累進
2907.T,"Ahjikan Co., Ltd.",37,25,25,87,11385364480.0,,0.12916666666666668,
8876.T,"Relo Group, Inc.",37,20,30,87,347022721024.0,自己資本比率低い,0.14392090354214554,
9006.T,Keikyu Corporation,37,25,25,87,403691929600.0,,0.22446192152074504,
2136.T,HIP Corporation,37,20,30,87,5475670016.0,,0.19037037037037038,
3392.T,"Delica Foods Holdings Co., Ltd.",37,20,30,87,12101535744.0,,0.08796296296296297,
8097.T,"San-Ai Obbli Co., Ltd.",40,30,17,87,149817196544.0,,0.2206488358662272,累進
8058.T,Mitsubishi Corporation,40,25,22,87,17295241904128.0,,0.2309482602664096,累進
8158.T,"Soda Nikka Co., Ltd.",37,25,25,87,30172878848.0,,0.1654865132179107,
8131.T,"Mitsuuroko Group Holdings Co.,Ltd.",40,30,17,87,134371254272.0,,0.1585588221661039,累進
4620.T,"Fujikura Kasei Co., Ltd.",37,25,25,87,31108603904.0,,0.030753968253968256,
2331.T,"Alsok Co.,Ltd.",37,30,20,87,573067362304.0,,0.11575664935896074,
2179.T,"Seigakusha Co.,Ltd.",37,20,30,87,4560372224.0,,0.143917206835399,
5268.T,"Asahi Concrete Works Co., Ltd.",37,25,25,87,10984904704.0,,0.045821462488129155,
4752.T,Showa System Engineering Corporation,37,20,30,87,6828429312.0,,0.1549038389302081,
2733.T,Arata Corporation,40,22,25,87,86436872192.0,,0.15594418391268894,累進
9502.T,"Chubu Electric Power Company, Incorporated",40,30,17,87,1999890546688.0,,0.09629629629629628,累進
4613.T,"Kansai Paint Co., Ltd.",37,25,25,87,498732072960.0,,0.19293712884976222,
2923.T,"Sato Foods Co., Ltd.",37,25,25,87,35809636352.0,,0.18166786874252197,
6645.T,OMRON Corporation,40,30,17,87,1263343894528.0,,0.048884445302361086,累進
9312.T,"The Keihin Co., Ltd.",40,25,22,87,19585613824.0,,0.060317460317460325,累進
7235.T,"Tokyo Radiator Mfg.Co.,Ltd.",37,25,25,87,14891443200.0,,0.33638443981581234,
6332.T,"Tsukishima Holdings Co., Ltd.",35,22,30,87,106368884736.0,,0.2468074177409216,
6301.T,Komatsu Ltd.,35,22,30,87,6739895779328.0,現金比率低い,0.19797633531826142,
8006.T,"Yuasa Funashoku Co., Ltd.",37,25,25,87,26193440768.0,,0.05873015873015873,
7634.T,"Hoshi Iryo-Sanki Co., Ltd.",37,25,25,87,17186949120.0,,0.08468938468938468,
2730.T,EDION Corporation,40,22,25,87,257264713728.0,現金比率低い,0.08597091076583036,累進
7628.T,Ohashi Technica Inc.,37,25,25,87,29643585536.0,,0.07016157026128357,
9845.T,Parker Corporation,37,25,25,87,33813389312.0,,0.18882129752790447,
3353.T,"Medical Ikkou Group Co.,Ltd.",37,25,25,87,10559524864.0,,0.15164306463326072,
9733.T,Nagase Brothers Inc.,35,22,30,87,54132756480.0,配当性向100%以上,0.11538462047337299,
9890.T,"Makiya Co., Ltd.",37,25,25,87,10020325376.0,,0.08421516754850088,
3835.T,"eBASE Co.,Ltd.",37,25,24,86,18983694336.0,,0.2798181517455955,
9474.T,"Zenrin Co., Ltd.",40,27,19,86,48314847232.0,配当性向70%以上2回,0.07301052491599097,累進
1379.T,Hokuto Corporation,34,27,25,86,64273387520.0,,-0.009259259259259257,
9769.T,"Gakkyusha Co.,Ltd.",37,25,24,86,27637815296.0,,0.07213713808541394,
1787.T,"Nakabohtec Corrosion Protecting Co.,Ltd.",37,25,24,86,12169036800.0,,0.15414608630294904,
6315.T,TOWA Corporation,37,30,19,86,181351530496.0,,0.3361111620902824,
3402.T,"Toray Industries, Inc.",37,30,19,86,1793879441408.0,,0.04427624753605145,
3393.T,"Startia Holdings,Inc.",37,25,24,86,29404520448.0,,0.5045763407372217,
7966.T,LINTEC Corporation,37,30,19,86,356001677312.0,,0.06644330782971826,
6363.T,"Torishima Pump Mfg. Co., Ltd.",37,19,30,86,77502308352.0,,0.18636228182205195,
6345.T,Aichi Corporation,40,27,19,86,92836323328.0,,0.16440669228111623,累進
4369.T,Tri Chemical Laboratories Inc.,40,22,24,86,107076648960.0,現金比率低い,0.3766914492489205,累進
3551.T,Dynic Corporation,36,25,25,86,12433010688.0,,0.02592592592592593,
4832.T,"JFE Systems, Inc.",35,27,24,86,60149530624.0,,0.28661938649021756,
6626.T,SEMITEC Corporation,37,25,24,86,23893966848.0,,0.3327920227920228,
2270.T,"MEGMILK SNOW BRAND Co.,Ltd.",40,22,24,86,209704501248.0,現金比率低い,0.15740740740740738,累進
4972.T,"Soken Chemical & Engineering Co., Ltd.",37,19,30,86,73931710464.0,現金比率低い,0.16290227946574698,
5906.T,"MK Seiko Co., Ltd.",37,25,24,86,10834242560.0,,0.03333333333333333,
5715.T,"Furukawa Co.,Ltd.",37,30,19,86,129304371200.0,,0.05816993464052286,
5261.T,"RESOL HOLDINGS Co.,Ltd.",37,19,30,86,42511540224.0,現金比率低い,0.10714285714285715,
6800.T,"Yokowo Co., Ltd.",37,30,19,86,106062667776.0,,0.15968282056530955,
6981.T,"Murata Manufacturing Co., Ltd.",40,22,24,86,15431284817920.0,現金比率低い,0.10604848361922199,累進
4021.T,Nissan Chemical Corporation,40,22,24,86,1127748599808.0,現金比率低い,0.15379398628374782,累進
7240.T,NOK Corporation,37,30,19,86,476054749184.0,,0.15568783068783068,
7259.T,Aisin Corporation,37,30,19,86,1520472293376.0,,0.13091864397637532,
6676.T,Buffalo Inc.,37,27,22,86,85191876608.0,,0.15925925925925927,
6995.T,"Tokai Rika Co., Ltd.",37,30,19,86,266628890624.0,,0.0737231182795699,
7239.T,"TACHI-S Co., Ltd.",37,27,22,86,80138436608.0,,0.34938349724935663,
1904.T,"Taisei Oncho Co., Ltd.",37,25,24,86,31325732864.0,,0.2352338570124017,
4401.T,Adeka Corporation,37,30,19,86,447253610496.0,,0.15311214595750014,
4008.T,"Sumitomo Seika Chemicals Company, Limited.",40,27,19,86,96378011648.0,,0.12378547378547378,累進
1870.T,"Yahagi Construction Co.,Ltd.",37,19,30,86,91674738688.0,,0.15950716706435658,
9534.T,"Hokkaido Gas Co., Ltd.",37,27,22,86,75260813312.0,,0.15991784716722057,
1861.T,"Kumagai Gumi Co.,Ltd.",40,22,24,86,213613477888.0,,0.2272825939492606,累進
9068.T,"Maruzen Showa Unyu Co., Ltd.",37,30,19,86,138035658752.0,,0.17825528874171218,
1951.T,"EXEO Group, Inc.",40,22,24,86,515986882560.0,現金比率低い,0.12939327246611596,累進
4528.T,"Ono Pharmaceutical Co., Ltd.",37,30,19,86,1096293744640.0,,0.09098640393352009,
1982.T,"Hibiya Engineering, Ltd.",40,22,24,86,132873428992.0,,0.09696326177213642,累進
8860.T,Fuji Corporation Limited,40,20,25,85,25787187200.0,,0.031433998100664766,累進
3580.T,"KOMATSU MATERE Co.,Ltd.",40,25,20,85,27456540672.0,ROE低い,0.09800384800384801,累進
2814.T,"Sato Foods Industries Co., Ltd.",40,25,20,85,12547252224.0,ROE低い,0.04502923976608187,累進
2163.T,"Artner Co., Ltd.",35,20,30,85,9963682816.0,配当性向100%以上,0.292122234483967,
8935.T,"FJ Next Holdings Co., Ltd.",40,15,30,85,63866757120.0,営業CF合計マイナス,0.15611816004399126,累進
7769.T,"Rhythm Co.,Ltd.",40,25,20,85,30493112320.0,ROE低い,0.11649866361206568,累進
7743.T,"SEED Co.,Ltd.",40,20,25,85,24000768000.0,,0.08681256979491908,累進
8267.T,"Aeon Co., Ltd.",40,20,25,85,3458280980480.0,自己資本比率低い,0.03685088960158973,累進
2810.T,House Foods Group Inc.,35,30,20,85,360861990912.0,ROE低い/配当性向100%以上,0.055977302354113946,
7004.T,Kanadevia Corporation,40,20,25,85,197357895680.0,自己資本比率低い,0.09608158883521203,累進
3796.T,"e-Seikatsu Co.,Ltd.",40,20,25,85,4085615104.0,,0.027777777777777776,累進
6996.T,Nichicon Corporation,40,30,15,85,179850838016.0,減収傾向,0.06837179704826764,累進
9069.T,"SENKO Group Holdings Co., Ltd.",40,20,25,85,383304892416.0,自己資本比率低い,0.09219658337305396,累進
4471.T,"Sanyo Chemical Industries, Ltd.",40,30,15,85,145938989056.0,減収傾向,0.07638903411850272,累進
5279.T,"Nihon Kogyo Co., Ltd.",40,20,25,85,3534813696.0,,0.08703703703703704,累進
9908.T,"Nihon Denkei Co., Ltd.",37,17,30,84,33502945280.0,,0.16774817924416982,
6849.T,Nihon Kohden Corporation,37,22,25,84,257475575808.0,,0.08600075435743555,
4047.T,"Kanto Denka Kogyo Co., Ltd.",37,30,17,84,140574523392.0,,0.13756613756613756,
3023.T,Rasa Corporation,37,25,22,84,21819346944.0,,0.23058882357522936,
9368.T,"Kimura Unity Co., Ltd.",40,25,19,84,38247256064.0,,0.21420579611417973,累進
1934.T,Yurtec Corporation,35,30,19,84,175357427712.0,,0.21525504938817633,
1717.T,Meiho Facility Works Ltd.,37,17,30,84,10970825728.0,,0.25216405902452416,
7490.T,"Nissin Shoji Co.,Ltd.",35,25,24,84,14627992576.0,,0.04462081128747795,
4828.T,Business Engineering Corporation,37,27,20,84,80582590464.0,,0.3877148071730962,
9306.T,"Toyo Logistics Co., Ltd.",40,25,19,84,15074684928.0,,0.07194079601368604,累進
9305.T,Yamatane Corporation,37,22,25,84,42567184384.0,,0.16429974346641013,
4362.T,"Nippon Fine Chemical Co., Ltd.",40,27,17,84,57877221376.0,,0.15978336664626927,累進
6928.T,"Enomoto Co., Ltd.",40,25,19,84,22398838784.0,,0.21727716727716725,累進
3741.T,"Systems Engineering Consultants Co.,LTD.",37,17,30,84,33130190848.0,,0.19556227470841134,
4464.T,SOFT99corporation,40,27,17,84,87460413440.0,,0.09987252689710385,累進
2267.T,"Yakult Honsha Co.,Ltd.",37,30,17,84,782536146944.0,,0.14761917796359414,
7456.T,"MATSUDA SANGYO Co., Ltd.",40,14,30,84,173916028928.0,現金比率低い,0.14329469449543342,累進
2816.T,"Daisho Co.,Ltd.",34,25,25,84,13552377856.0,,-0.015873015873015872,
8630.T,"Sompo Holdings, Inc.",40,20,24,84,5870514601984.0,自己資本比率低い,0.21601015186851136,累進
8908.T,"Mainichi Comnet Co., Ltd.",35,25,24,84,15085192192.0,,0.05102234152413364,
9059.T,"Kanda Holdings Co.,Ltd.",40,25,19,84,19797274624.0,,0.08201859868526534,累進
7990.T,"Globeride, Inc.",40,27,17,84,50305200128.0,,0.16295057599405427,累進
6368.T,Organo Corporation,40,14,30,84,594321866752.0,現金比率低い,0.37134851125974594,累進
6384.T,"Showa Shinku Co., Ltd.",40,25,19,84,10718051328.0,,0.07407407407407407,累進
6089.T,"Will Group, Inc.",40,20,24,84,26555910144.0,,0.19086162645412436,累進
2674.T,"Hard Off Corporation Co.,Ltd.",37,17,30,84,36813824000.0,現金比率低い,0.09009328877749928,
7981.T,"Takara Standard Co.,Ltd.",37,22,25,84,192077479936.0,,0.1764684542180332,
5933.T,Alinco Incorporated,40,25,19,84,21318191104.0,,0.022708963059840253,累進
5970.T,G-Tekt Corporation,40,27,17,84,95643320320.0,,0.12033561905958834,累進
8031.T,"Mitsui & Co., Ltd.",40,22,22,84,13971965870080.0,現金比率低い,0.1656042536344394,累進
3399.T,Maruchiyo Yamaokaya Corporation,40,19,25,84,75745329152.0,現金比率低い,0.11031746031746031,累進
2749.T,"Jp-Holdings,Inc.",37,27,20,84,54979903488.0,,0.14796774796774798,
2479.T,JTEC Corporation,40,20,24,84,2070991744.0,,0.5555555555555556,累進
8001.T,ITOCHU Corporation,37,17,30,84,15395281960960.0,現金比率低い,0.16591045851443942,
9842.T,Arclands Corporation,40,25,19,84,117164924928.0,,0.05661375661375661,累進
9993.T,"Yamazawa Co., Ltd.",34,25,25,84,11806876672.0,,-0.020202020202020204,
9658.T,Business Brain Showa-Ota Inc.,40,25,19,84,36904382464.0,,0.2602589266038559,累進
1799.T,Daiichi Kensetsu Corporation,40,19,25,84,58964738048.0,,0.21631333445058937,累進
3101.T,"Toyobo Co., Ltd.",40,25,19,84,146927534080.0,,0.015873015873015872,累進
5857.T,"ARE Holdings, Inc.",37,17,30,84,304243605504.0,現金比率低い,0.1559327195633331,
4914.T,Takasago International Corporation,35,30,19,84,125379919872.0,,0.28636664596809525,
8275.T,Forval Corporation,40,25,19,84,27601852416.0,,0.07871921632344193,累進
7608.T,"SK Japan Co.,Ltd.",37,17,30,84,16357693440.0,,0.26984589484589483,
7512.T,Aeon Hokkaido Corporation,37,17,30,84,118814015488.0,現金比率低い,0.0821350762527233,
5714.T,"Dowa Holdings Co., Ltd.",40,22,22,84,525295845376.0,現金比率低い,0.06420252911480981,累進
8041.T,OUG Holdings Inc.,37,17,30,84,23317575680.0,現金比率低い,0.06169312169312169,
2425.T,"Care Service Co.,Ltd.",40,20,24,84,2624889600.0,,0.14451672026835427,累進
6616.T,Torex Semiconductor Ltd.,37,25,22,84,21819596800.0,,0.06934947768281102,
7444.T,"Harima-Kyowa Co.,LTD.",40,25,19,84,10711531520.0,,0.07900084191269473,累進
6323.T,Rorze Corporation,37,22,24,83,732749103104.0,,0.37286083928596,
6282.T,Oiles Corporation,37,27,19,83,81342562304.0,,0.07644257951275495,
9832.T,"Autobacs Seven Co., Ltd.",34,30,19,83,121797165056.0,,0.0026455026455026454,
4097.T,"Koatsu Gas Kogyo Co., Ltd.",37,27,19,83,65912815616.0,,0.097421863482235,
7914.T,"Kyodo Printing Co., Ltd.",37,27,19,83,47476645888.0,,0.23242945326278658,
1433.T,"Besterra Co., Ltd.",40,13,30,83,10601390080.0,営業CF合計マイナス,0.21272145336414425,累進
9304.T,Shibusawa Logistics Corporation,37,22,24,83,115456155648.0,現金比率低い,0.19515943625065535,
7246.T,"Press Kogyo Co., Ltd.",37,27,19,83,95504334848.0,,0.23768051653533506,
3104.T,"Fujibo Holdings, Inc.",37,22,24,83,116663197696.0,現金比率低い,0.11366564363266754,
1939.T,Yondenko Corporation,37,22,24,83,107828248576.0,,0.28790175886500013,
4547.T,"Kissei Pharmaceutical Co., Ltd.",40,18,25,83,160267452416.0,営業CF合計マイナス,0.11458258912607927,累進
9310.T,Japan Transcity Corporation,37,27,19,83,84679827456.0,,0.2051449141874674,
9413.T,TV TOKYO Holdings Corporation,37,27,19,83,88170364928.0,,0.11203703703703703,
3946.T,"Tomoku Co., Ltd.",37,27,19,83,72167104512.0,,0.1758718432847786,
9052.T,"Sanyo Electric Railway Co.,Ltd.",37,27,19,83,43150376960.0,,0.13333333333333333,
8088.T,Iwatani Corporation,37,22,24,83,464493674496.0,現金比率低い,0.20815395761216193,
5706.T,"Mitsui Kinzoku Company, Limited",37,22,24,83,1410037579776.0,現金比率低い,0.1703961887785417,
7460.T,"Yagi & Co.,Ltd.",37,27,19,83,41767411712.0,,0.24766929891938094,
4619.T,"Nihon Tokushu Toryo Co., Ltd.",37,27,19,83,55784640512.0,,0.2497734527904776,
6652.T,IDEC Corporation,31,30,22,83,112741957632.0,配当性向70%以上2回,0.18534868598698387,
5011.T,"Nichireki Group Co., Ltd.",37,27,19,83,64280813568.0,,0.19858716701924994,
8059.T,"Daiichi Jitsugyo Co., Ltd.",37,22,24,83,111184838656.0,,0.15572152262275074,
1921.T,Tomoe Corporation,37,27,19,83,64543948800.0,,0.16693121693121693,
6834.T,"SEIKOH GIKEN Co., Ltd.",37,22,24,83,286950621184.0,現金比率低い,0.20853304284676832,
9746.T,TKC Corporation,40,12,30,82,199932559360.0,,0.12277783944450611,累進
1414.T,"SHO-BOND Holdings Co.,Ltd.",40,12,30,82,252470493184.0,,0.16687400635879152,累進
9984.T,SoftBank Group Corp.,40,12,30,82,38188487802880.0,自己資本比率低い,0.09517657192075796,累進
9994.T,Yamaya Corporation,40,25,17,82,21726033920.0,,0.0742079968222295,累進
9846.T,"Tenmaya Store Co., Ltd.",40,17,25,82,11282065408.0,現金比率低い,0.13232323232323231,累進
7846.T,Pilot Corporation,40,12,30,82,221622812672.0,,0.2170708419909311,累進
6059.T,"UCHIYAMA HOLDINGS Co.,Ltd.",37,20,25,82,7179633664.0,,0.05555555555555555,
3361.T,"Toell Co.,Ltd.",40,25,17,82,16463865856.0,,0.0537037037037037,累進
2503.T,"Kirin Holdings Company, Limited",40,12,30,82,2254012678144.0,,0.07683192026188948,累進
3352.T,"Buffalo Co.,Ltd.",37,20,25,82,4171269888.0,,0.08968253968253968,
7730.T,"Mani, Inc.",40,12,30,82,143912304640.0,,0.16977262511644609,累進
6286.T,Seiko Corporation,37,20,25,82,9810106368.0,,0.046847442680776015,
6284.T,"Nissei ASB Machine Co., Ltd.",40,12,30,82,127873728512.0,,0.21666666666666665,累進
6307.T,"Sansei Co.,Ltd.",40,12,30,82,3582804480.0,,0.07574277574277574,累進
3865.T,Hokuetsu Corporation,40,30,12,82,140592480256.0,ROE低い,0.08412020078686745,累進
9697.T,"Capcom Co., Ltd.",40,22,20,82,1823408259072.0,現金比率低い,0.24766905392874883,累進
7532.T,Pan Pacific International Holdings Corporation,40,12,30,82,2107647066112.0,,0.2613183304359775,累進
5105.T,Toyo Tire Corporation,40,12,30,82,604035416064.0,,0.14165042235217673,累進
3622.T,Netyear Group Corporation,40,20,22,82,3464449024.0,,0.0903010033444816,累進
5344.T,"Maruwa Co.,Ltd.",40,22,20,82,722127814656.0,現金比率低い,0.10840689878370285,累進
5101.T,"The Yokohama Rubber Company, Limited",40,12,30,82,1127893696512.0,,0.11803513893087625,累進
5021.T,"Cosmo Energy Holdings Co., Ltd.",40,20,22,82,661199454208.0,自己資本比率低い,0.3062830687830688,累進
4625.T,"Atomix Co.,Ltd.",37,20,25,82,4744713216.0,,0.014814814814814815,
9042.T,"Hankyu Hanshin Holdings, Inc.",40,17,25,82,1005683408896.0,現金比率低い,0.10083774250440916,累進
9009.T,"Keisei Electric Railway Co., Ltd.",35,22,25,82,640413728768.0,現金比率低い,0.24070810000326176,
4578.T,"Otsuka Holdings Co., Ltd.",40,12,30,82,6014649237504.0,,0.03973063973063973,累進
6648.T,Kawaden Corporation,37,25,20,82,26329456640.0,ROE低い,0.2842488847390808,
3184.T,"International Conglomerate of Distribution for Automobile Holdings Co., Ltd.",40,12,30,82,8598356992.0,現金比率低い,0.044444444444444446,累進
8830.T,"Sumitomo Realty & Development Co., Ltd.",40,17,25,82,2937099911168.0,現金比率低い,0.15019051048774099,累進
7475.T,"ALBIS Co.,Ltd.",37,25,20,82,31499515904.0,ROE低い,0.018518518518518517,
4722.T,Future Corporation,40,12,30,82,215127883776.0,,0.16305109165403284,累進
4633.T,Sakata INX Corporation,40,12,30,82,128371138560.0,,0.17724867724867727,累進
4768.T,Otsuka Corporation,40,12,30,82,1393185128448.0,,0.1328727429096852,累進
7593.T,"Vt Holdings Co.,Ltd.",40,17,25,82,58998325248.0,自己資本比率低い,0.04670408290229119,累進
8411.T,"Mizuho Financial Group, Inc.",40,12,30,82,20843853774848.0,自己資本比率低い,0.08283617194907517,累進
4746.T,"Toukei Computer Co., Ltd.",40,12,30,82,140374933504.0,,0.20115368809228457,累進
4751.T,"CyberAgent, Inc.",40,12,30,82,628042170368.0,,0.12429098407039585,累進
4812.T,Dentsu Soken Inc.,40,12,30,82,558605533184.0,,0.19054884978884645,累進
1914.T,"Japan Foundation Engineering Co., Ltd.",40,25,17,82,14834514944.0,,0.14230769230769233,累進
9311.T,Asagami Corporation,40,25,17,82,10608982016.0,,0.022222222222222223,累進
9319.T,"Chuo Warehouse Co.,Ltd.",37,25,20,82,31032629248.0,ROE低い,0.059766075847767136,
4680.T,Round One Corporation,40,20,22,82,335556968448.0,自己資本比率低い,0.1303975388988132,累進
7022.T,Sanoyas Holdings Corporation,40,12,30,82,11707136000.0,,0.05555555555555555,累進
2924.T,"Ifuji Sangyo Co., Ltd.",35,17,30,82,15476131840.0,,0.19724753240084902,
7254.T,Univance Corporation,37,25,20,82,16548616192.0,ROE低い,0.19398996065662732,
6861.T,Keyence Corporation,40,22,20,82,19693041614848.0,現金比率低い,0.30014245014245017,累進
3766.T,"Systems Design Co., Ltd.",37,20,25,82,5250794496.0,,0.18359449192782526,
4216.T,Asahi Yukizai Corporation,40,30,12,82,134868344832.0,ROE低い,0.17130647130647128,累進
9672.T,"Tokyotokeiba Co.,Ltd.",40,12,30,82,123694366720.0,,0.1337388330013699,累進
9433.T,KDDI Corporation,40,12,30,82,10832866967552.0,現金比率低い/自己資本比率低い,0.08575096118955768,累進
9385.T,Shoei Corporation,40,20,22,82,5756811776.0,,0.13019943019943017,累進
1911.T,"Sumitomo Forestry Co., Ltd.",40,12,30,82,736431374336.0,,0.23667540910737694,累進
6741.T,"Nippon Signal Co., Ltd.",40,22,20,82,112579559424.0,現金比率低い,0.09125127190912925,累進
3064.T,"MonotaRO Co., Ltd.",40,12,30,82,962957475840.0,,0.25862237795745374,累進
4062.T,"Ibiden Co.,Ltd.",37,22,22,81,6744928419840.0,現金比率低い,0.05317460317460317,
9843.T,"Nitori Holdings Co., Ltd.",40,22,19,81,1668615110656.0,現金比率低い,0.10554487652805183,累進
4094.T,"Nihon Kagaku Sangyo Co., Ltd.",40,27,14,81,43868508160.0,ROE低い/配当性向70%以上2回,0.20849282149048934,累進
6702.T,Fujitsu Limited,37,22,22,81,6921317253120.0,現金比率低い,0.21603648806042633,
6737.T,EIZO Corporation,40,22,19,81,121226223616.0,,0.12899737986765095,累進
4212.T,Sekisui Jushi Corporation,40,27,14,81,88850726912.0,ROE低い,0.07620095316531067,累進
6927.T,"Helios Techno Holding Co., Ltd.",32,25,24,81,18024605696.0,配当性向100%以上,0.4321428571428571,
6637.T,"Terasaki Electric Co.,Ltd.",37,19,25,81,52308320256.0,,0.2133437550104217,
6392.T,Yamada Corporation,37,25,19,81,18981025792.0,,0.17966148670653243,
4611.T,"Dai Nippon Toryo Company, Limited",40,27,14,81,44730806272.0,ROE低い/配当性向70%以上2回,0.13253968253968257,累進
2053.T,"Chubu Shiryo Co., Ltd.",40,19,22,81,55842947072.0,,0.1439119774008947,累進
6484.T,KVK Corporation,37,25,19,81,17789276160.0,,0.09280388923246068,
5983.T,Iwabuchi Corporation,36,25,20,81,14857172992.0,ROE低い,0.02584541062801932,
4994.T,"Taisei Lamick Group Head Quarter & Innovation Co.,Ltd.",37,25,19,81,16025568256.0,,0.015873015873015872,
8218.T,"Komeri Co.,Ltd.",40,22,19,81,173370048512.0,現金比率低い,0.045126259093379716,累進
2393.T,"Nippon Care Supply Co., Ltd.",40,11,30,81,68382093312.0,現金比率低い,0.13170002300437086,累進
8174.T,"Nippon Gas Co., Ltd.",35,22,24,81,301986283520.0,現金比率低い/配当性向100%以上,0.28748528172279464,
6247.T,"Hisaka Works, Ltd.",37,19,25,81,43595304960.0,,0.0911744801279685,
6088.T,SIGMAXYZ Holdings Inc.,40,27,14,81,46774190080.0,,0.25865168781835446,累進
6183.T,"BELLSYSTEM24 Holdings, Inc.",40,19,22,81,97987133440.0,現金比率低い,0.06277981277981277,累進
6157.T,"NS Tool Co., Ltd.",37,25,19,81,19161370624.0,,0.055735930735930736,
2269.T,"Meiji Holdings Co., Ltd.",34,22,25,81,1131036672000.0,現金比率低い/配当性向70%以上2回,0.07531546884823757,
9955.T,"The Yonkyu Co.,Ltd.",40,17,24,81,33542068224.0,,0.07407407407407407,累進
7951.T,Yamaha Corporation,40,22,19,81,537554092032.0,,0.04646272096052902,累進
5363.T,TYK Corporation,37,25,19,81,32213026816.0,,0.37366329611838595,
2475.T,"WDB Holdings Co., Ltd.",37,25,19,81,33416726528.0,,0.23784091776377,
4112.T,"Hodogaya Chemical Co., Ltd.",37,25,19,81,33313628160.0,,0.07997594997594998,
8103.T,Meiwa Corporation,37,25,19,81,36789596160.0,,0.5244970365685104,
2531.T,Takara Holdings Inc.,37,30,14,81,500626980864.0,ROE低い,0.13992934602432483,
5922.T,"Nasu Denki-Tekko Co., Ltd.",37,25,19,81,23428999168.0,,0.26111111111111107,
9698.T,"Creo Co.,Ltd.",37,20,24,81,9907789824.0,,0.16608058608058607,
9990.T,Sac's Bar Holdings Inc.,37,25,19,81,22068400128.0,,0.04938271604938271,
6857.T,Advantest Corporation,35,22,24,81,27152651124736.0,現金比率低い,0.529959531756814,
6869.T,Sysmex Corporation,40,22,19,81,1130812276736.0,現金比率低い,0.07429437222725883,累進
6976.T,"Taiyo Yuden Co., Ltd.",34,22,25,81,1315590897664.0,現金比率低い/配当性向70%以上2回,0.21124975242622301,
1770.T,"Fujita Engineering Co., Ltd.",37,25,19,81,19451740160.0,,0.15144300144300143,
1780.T,Yamaura Corporation,40,17,24,81,26734602240.0,,0.32962962962962966,累進
4183.T,"Mitsui Chemicals, Inc.",34,30,17,81,765374300160.0,配当性向70%以上2回,0.1709478554427133,
3861.T,Oji Holdings Corporation,40,22,19,81,717093470208.0,現金比率低い,0.13853738853738853,累進
2332.T,"Quest Co., Ltd.",40,20,20,80,9008186368.0,,0.07864842130333968,累進
1762.T,"Takamatsu Construction Group Co., Ltd.",37,18,25,80,141537067008.0,営業CF合計マイナス,0.10643060656015246,
2668.T,Tabio Corporation,36,20,24,80,8677987328.0,,0.01851851851851852,
4762.T,XNET Corporation,40,16,24,80,9053678592.0,営業CF合計マイナス,0.05779967159277504,累進
3021.T,"Pacific Net Co.,Ltd.",40,10,30,80,8530509824.0,自己資本比率低い,0.1186405979726104,累進
1888.T,"Wakachiku Construction Co., Ltd.",37,19,24,80,47160029184.0,,0.1822963679346658,
6863.T,Nireco Corporation,35,20,25,80,7873400832.0,,0.22123275271023746,
4553.T,"Towa Pharmaceutical Co., Ltd.",35,25,20,80,175743483904.0,ROE低い/配当性向70%以上2回,0.11939318316972661,
2882.T,"Eat & Holdings Co., Ltd.",40,20,20,80,22862837760.0,ROE低い,0.08883597883597884,累進
3682.T,"Encourage Technologies Co., Ltd.",40,20,20,80,4024190976.0,ROE低い/配当性向70%以上2回,0.08901234567901234,累進
1964.T,"Chugai Ro Co., Ltd.",37,13,30,80,27017940992.0,営業CF合計マイナス,0.13902116402116402,
1813.T,Fudo Tetra Corporation,37,19,24,80,44679397376.0,,0.05824915824915825,
8877.T,Eslead Corporation,40,10,30,80,77918093312.0,営業CF合計マイナス,0.2926406926406926,累進
8742.T,"Kobayashi Yoko Co., Ltd.",40,20,20,80,6890482688.0,ROE低い,0.09206349206349206,累進
1827.T,Nakano Corporation,37,19,24,80,50721112064.0,,0.15725478225478226,
3891.T,Nippon Kodoshi Corporation,37,19,24,80,77728915456.0,現金比率低い,0.21016894087069526,
8934.T,"Sun Frontier Fudousan Co., Ltd.",37,18,24,79,130093621248.0,営業CF合計マイナス,0.14027792972010505,
7287.T,"Nippon Seiki Co., Ltd.",37,22,20,79,156064776192.0,ROE低い,0.08051146384479718,
7453.T,"Ryohin Keikaku Co., Ltd.",37,12,30,79,2258143543296.0,,0.1043917144444822,
6848.T,Dkk-Toa Corporation,40,25,14,79,16402215936.0,ROE低い,0.07105059972707031,累進
9983.T,"Fast Retailing Co., Ltd.",37,12,30,79,22323411288064.0,,0.1858060838383797,
4409.T,"Toho Chemical Industry Company, Limited",40,20,19,79,18799017984.0,,0.15849673202614378,累進
6070.T,"Careerlink Co., Ltd.",40,17,22,79,30404202496.0,,0.5502244668911335,累進
6036.T,"KeePer Technical Laboratory Co., Ltd.",40,9,30,79,92789784576.0,,0.4914907648480747,累進
2653.T,"Aeon Kyushu Co., Ltd.",37,17,25,79,94886518784.0,自己資本比率低い,0.230026455026455,
4951.T,S.T. Corporation,40,25,14,79,29446580224.0,ROE低い,0.08134518962348668,累進
8129.T,"Toho Holdings Co., Ltd.",37,17,25,79,242307579904.0,,0.14942007001839855,
4761.T,SAKURA KCS Corporation,37,25,17,79,16343034880.0,,0.15411522633744854,
8020.T,Kanematsu Corporation,37,12,30,79,374091415552.0,自己資本比率低い,0.18222736239977622,
7723.T,"Aichi Tokei Denki Co., Ltd.",37,27,15,79,44306694144.0,EPS低い,0.11688625457279571,
5958.T,"Sanyo Industries, Ltd.",37,25,17,79,12169195520.0,,0.12415643267092541,
6196.T,"Strike Group Co., Ltd.",40,9,30,79,81515724800.0,配当性向70%以上2回,0.48961440355454033,累進
2607.T,"Fuji Oil Co., Ltd.",37,17,25,79,365253623808.0,,0.03102866269532936,
6200.T,"Insource Co., Ltd.",40,9,30,79,54574260224.0,,0.428127772252866,累進
2481.T,"Townnews-Sha Co.,Ltd.",40,20,19,79,4007972352.0,,0.06151244123380346,累進
5602.T,"Kurimoto,Ltd.",35,19,25,79,96912777216.0,,0.3045889758389759,
9533.T,"Toho Gas Co., Ltd.",40,22,17,79,435166150656.0,現金比率低い,0.06519360269360269,累進
1333.T,Umios Corporation,37,17,25,79,186257817600.0,,0.18689675826266647,
3048.T,Bic Camera Inc.,37,12,30,79,285221421056.0,,0.21254856254856253,
4088.T,Air Water Inc.,40,25,14,79,668074967040.0,ROE低い,0.12776399626927623,累進
256A.T,TOBISHIMA HOLDINGS Inc.,40,14,25,79,44109611008.0,,0.19285714285714287,累進
4093.T,"Toho Acetylene Co., Ltd.",37,25,17,79,14857861120.0,,0.14465811965811967,
5233.T,Taiheiyo Cement Corporation,37,22,20,79,445659414528.0,ROE低い,0.05722425722425722,
8045.T,"Yokohama Maruuo Co., Ltd.",40,25,14,79,12234420224.0,ROE低い,0.19831218164551498,累進
3543.T,"KOMEDA Holdings Co., Ltd.",37,22,20,79,128793878528.0,現金比率低い/EPS低い,0.12776738023114836,
7818.T,"TRANSACTION CO.,Ltd.",40,9,30,79,67795283968.0,,0.27016776271162235,累進
9823.T,Mammy Mart Holdings Corporation,40,9,30,79,49405714432.0,,0.2214923571930547,累進
7208.T,Kanemitsu Corporation,40,20,19,79,6601118208.0,,0.055222093534829396,累進
4317.T,Ray Corporation,37,20,22,79,7683019264.0,,0.16203703703703703,
3800.T,UNIRITA Inc.,35,25,19,79,13916682240.0,配当性向70%以上2回,0.041854048246564066,
9380.T,"Azuma Shipping Co., Ltd.",37,25,17,79,12175437824.0,,0.04814814814814815,
2153.T,E J Holdings Inc.,35,25,19,79,33651318784.0,,0.2232428427182269,
7487.T,Ozu Corporation,40,25,14,79,15695769600.0,ROE低い,0.059826463003202796,累進
6328.T,"Ebara Jitsugyo Co.,Ltd.",40,9,30,79,58902573056.0,,0.28058326644497955,累進
4635.T,"Tokyo Printing Ink Mfg. Co., Ltd.",37,17,25,79,25508902912.0,,0.29343434343434344,
4685.T,"Ryoyu Systems Co., Ltd.",40,9,30,79,35075182592.0,現金比率低い,0.24681203570092458,累進
2795.T,Nippon Primex Inc.,40,20,19,79,4991742464.0,,0.027777777777777776,累進
8801.T,"Mitsui Fudosan Co., Ltd.",37,17,25,79,3970971205632.0,現金比率低い,0.14387926380181992,
4667.T,"Aisan Technology Co.,Ltd.",37,17,25,79,16632513536.0,,0.13783130699593082,
2750.T,"S.Ishimitsu & Co.,Ltd.",37,12,30,79,10261794816.0,,0.15529100529100529,
6405.T,Suzumo Machinery Company Limited,37,17,25,79,14817330176.0,,0.3126450759515276,
7747.T,"Asahi Intecc Co., Ltd.",37,12,30,79,892816326656.0,,0.15143875196495016,
6306.T,"Nikko Co., Ltd.",37,17,25,79,39382745088.0,,0.17982757982757983,
9867.T,Solekia Limited,37,12,30,79,9070498816.0,,0.04417989417989418,
9818.T,"Daimaru Enawin Co., Ltd.",37,25,17,79,11749830656.0,,0.06537349246327574,
6989.T,"Hokuriku Electric Industry Co.,Ltd.",37,25,17,79,18694856704.0,,0.1181257014590348,
6727.T,"Wacom Co., Ltd.",35,22,22,79,116165550080.0,,0.1717338217338217,
6877.T,Obara Group Incorporated,40,9,30,79,84033544192.0,,0.06198739532072866,累進
2916.T,"Semba Tohka Industries Co., Ltd",40,20,19,79,8275871232.0,,0.05,累進
8772.T,"Asax Co., Ltd.",40,13,25,78,30206015488.0,営業CF合計マイナス,0.034567901234567905,累進
1979.T,Taikisha Ltd.,37,22,19,78,238205353984.0,,0.11199420530434706,
2060.T,"Feed One Co.,Ltd.",37,19,22,78,54686605312.0,,0.09606544370912187,
7173.T,"Tokyo Kiraboshi Financial Group, Inc.",40,8,30,78,489210085376.0,自己資本比率低い/営業CF合計マイナス,0.13835030841672205,累進
7175.T,"The Imamura Securities Co., Ltd.",37,17,24,78,10540327936.0,,0.43434744268077596,
1945.T,Tokyo Energy & Systems Inc.,40,19,19,78,69914361856.0,,0.09691967998294303,累進
1518.T,"Mitsui Matsushima Holdings Co., Ltd.",37,19,22,78,83090743296.0,現金比率低い,0.373953823953824,
4275.T,"Carlit Co., Ltd.",40,19,19,78,42468900864.0,現金比率低い,0.16936026936026935,累進
6678.T,"Techno Medica Co., Ltd.",34,25,19,78,13492850688.0,,-0.0009630674341684939,
1828.T,Tanabe Engineering Corporation,37,17,24,78,24324677632.0,,0.3129517396184063,
5280.T,"Yoshicon Co.,Ltd.",40,13,25,78,15123255296.0,営業CF合計マイナス,0.14109633768025884,累進
7823.T,Artnature Inc.,34,25,19,78,25486979072.0,,0.0005291005291005288,
6971.T,Kyocera Corporation,37,22,19,78,4762621181952.0,現金比率低い,0.08809974282110505,
6743.T,"Daido Signal Co., Ltd.",40,13,25,78,14220510208.0,営業CF合計マイナス,0.05555555555555555,累進
255A.T,"Gltechno Holdings, Inc.",37,27,14,78,70394822656.0,,0.24390856057522722,
7937.T,"Tsutsumi Jewelry Co.,Ltd.",40,13,25,78,38597804032.0,営業CF合計マイナス,0.15026455026455027,累進
8439.T,Tokyo Century Corporation,40,8,30,78,1282511077376.0,自己資本比率低い/営業CF合計マイナス,0.13379231134501818,累進
2337.T,Ichigo Inc.,40,8,30,78,153658589184.0,自己資本比率低い/営業CF合計マイナス,0.1630952380952381,累進
8012.T,"Nagase & Co., Ltd.",37,22,19,78,474309263360.0,現金比率低い,0.12693569613755504,
8425.T,"Mizuho Leasing Company, Limited",40,8,30,78,367324921856.0,自己資本比率低い/営業CF合計マイナス,0.1815856467974568,累進
6505.T,Toyo Denki Seizo K.K.,37,17,24,78,23166937088.0,,0.17777777777777776,
3179.T,"Syuppin Co., Ltd.",37,17,24,78,27160330240.0,現金比率低い,0.36944644861311526,
7984.T,"Kokuyo Co., Ltd.",40,12,25,77,360148402176.0,,0.18395143698388283,累進
3843.T,"FreeBit Co., Ltd.",40,7,30,77,36290510848.0,,0.2915784832451499,累進
4919.T,"Milbon Co., Ltd.",35,12,30,77,104664186880.0,,0.12615981042033636,
9445.T,"Forval Telecom,Inc.",40,15,22,77,8964438016.0,,0.045430569888774225,累進
5965.T,Fujimak Corporation,40,7,30,77,15661952000.0,,0.18973063973063972,累進
7814.T,"JAPAN Creative Platform Group Co., Ltd.",40,7,30,77,29447915520.0,,0.09502164502164503,累進
8601.T,Daiwa Securities Group Inc.,35,12,30,77,2502895075328.0,自己資本比率低い,0.12249994942427483,
8418.T,"Yamaguchi Financial Group, Inc.",40,12,25,77,708564287488.0,自己資本比率低い,0.15294561382184238,累進
3291.T,"Iida Group Holdings Co., Ltd.",40,18,19,77,598254682112.0,営業CF合計マイナス,0.09595649868716599,累進
6199.T,"SERAKU Co., Ltd.",40,7,30,77,17137606656.0,,0.22286072593528988,累進
7630.T,"Ichibanya Co., Ltd.",30,22,25,77,177800314880.0,現金比率低い/配当性向70%以上2回,0.022514119466680693,
7725.T,Inter Action Corporation,40,25,12,77,18941448192.0,ROE低い,0.2841812508479175,累進
2587.T,Suntory Beverage & Food Limited,40,12,25,77,1396369391616.0,,0.06589314287944426,累進
7819.T,SHOBIDO Corporation,40,7,30,77,12093967360.0,,0.14076054664289958,累進
8091.T,"Nichimo Co., Ltd.",40,12,25,77,19987286016.0,,0.19582146248812915,累進
8060.T,Canon Marketing Japan Inc.,35,12,30,77,772323868672.0,,0.16084656084656085,
4151.T,"Kyowa Kirin Co., Ltd.",40,12,25,77,1196656951296.0,,0.10897606224286022,累進
9699.T,"Nishio Holdings Co., Ltd.",40,12,25,77,121254567936.0,,0.10019041712024168,累進
4099.T,Shikoku Kasei Holdings Corporation,35,12,30,77,206731018240.0,,0.17530396621122157,
4107.T,ISE Chemicals Corporation,35,12,30,77,199244873728.0,,0.2204954954954955,
6807.T,"Japan Aviation Electronics Industry, Limited",35,30,12,77,180303134720.0,ROE低い,0.0993827160493827,
1381.T,"AXYZ Co., Ltd.",40,7,30,77,19851393024.0,,0.15309350220575854,累進
2124.T,"JAC Recruitment Co., Ltd.",35,12,30,77,167537131520.0,,0.2078885831739713,
2914.T,Japan Tobacco Inc.,35,12,30,77,12171851333632.0,,0.0738963141770775,
6465.T,Hoshizaki Corporation,40,12,25,77,731923742720.0,,0.14980316954001166,累進
7581.T,"Saizeriya Co.,Ltd.",40,12,25,77,321300987904.0,,0.0654320987654321,累進
6498.T,KITZ Corporation,35,12,30,77,180540325888.0,,0.18674465434804774,
6914.T,"OPTEX GROUP Company, Limited",35,12,30,77,117608857600.0,,0.11451696451696453,
9996.T,"Satoh & Co., Ltd.",40,17,20,77,16622046208.0,ROE低い,0.055154168947272396,累進
3953.T,"Ohmura Shigyo Co.,Ltd.",40,12,25,77,2835083008.0,,0.2962962962962963,累進
3939.T,"Kanamic Network Co.,LTD",40,7,30,77,23776104448.0,,0.3132220165553179,累進
3778.T,SAKURA Internet Inc.,40,17,20,77,160098648064.0,ROE低い/現金比率低い/配当性向70%以上2回,0.05661375661375661,累進
3799.T,Keyware Solutions Inc.,40,12,25,77,9264350208.0,,0.3574074074074074,累進
4241.T,atect corporation,37,15,25,77,3191840000.0,,0.10740740740740741,
9869.T,"Kato Sangyo Co., Ltd.",40,12,25,77,197994659840.0,,0.13276978524121288,累進
4026.T,"Konoshima Chemical Co.,Ltd.",35,17,25,77,14484714496.0,現金比率低い,0.1373369840502884,
7276.T,"Koito Manufacturing Co., Ltd.",33,30,14,77,702174199808.0,ROE低い/配当性向70%以上2回,0.20417322113799077,
3201.T,"The Japan Wool Textile Co., Ltd.",40,12,25,77,126292983808.0,,0.0908101158101158,累進
3712.T,"Information Planning CO., LTD.",40,7,30,77,14897711104.0,,0.09815420122437667,累進
6361.T,Ebara Corporation,35,12,30,77,2166314237952.0,,0.2678716532225869,
2780.T,"Komehyo Holdings Co.,Ltd.",37,10,30,77,49669865472.0,営業CF合計マイナス,0.23667631409141546,
8803.T,"Heiwa Real Estate Co., Ltd.",40,20,17,77,152093736960.0,自己資本比率低い,0.23944568489757975,累進
3649.T,FINDEX Inc.,40,7,30,77,21127208960.0,,0.14524179667368523,累進
3097.T,The Monogatari Corporation,35,12,30,77,210818220032.0,,0.15812365273151455,
7751.T,Canon Inc.,35,12,30,77,3903102648320.0,,0.03585936166581327,
2221.T,"Iwatsuka Confectionery Co., Ltd.",40,17,20,77,30550439936.0,ROE低い/現金比率低い,0.1463647980858126,累進
4912.T,Lion Corporation,40,12,25,77,481458782208.0,,0.10043670563278408,累進
5911.T,Yokogawa Bridge Holdings Corp.,40,22,15,77,116493156352.0,減収傾向,0.25374530153941915,累進
8252.T,"Marui Group Co., Ltd.",35,12,30,77,482527903744.0,自己資本比率低い/配当性向70%以上2回,0.1893653527003354,
5020.T,"ENEOS Holdings, Inc.",40,17,20,77,3579543289856.0,減収傾向,0.07554218657159834,累進
4979.T,"OAT Agrio Co., Ltd.",40,7,30,77,28409419776.0,,0.19436026936026934,累進
4958.T,"T. Hasegawa Co., Ltd.",40,12,25,77,135983906816.0,,0.1031562777410491,累進
1758.T,"Taiyo Kisokogyo Co.,Ltd.",40,20,17,77,4863767552.0,,0.09021163895238114,累進
9532.T,"Osaka Gas Co., Ltd.",40,22,15,77,2150109544448.0,現金比率低い/減収傾向,0.09967643467643467,累進
9757.T,Funai Soken Holdings Incorporated,35,12,30,77,109522411520.0,,0.16566905316905314,
9824.T,"Senshu Electric Co.,Ltd.",40,12,24,76,139324391424.0,,0.2688777272110605,累進
7222.T,"Nissan Shatai Co., Ltd.",32,30,14,76,124887367680.0,ROE低い,0.010582010582010581,
9765.T,"Ohba Co., Ltd.",35,17,24,76,18998274048.0,,0.18437100586223393,
1418.T,"Interlife Holdings Co., Ltd.",40,12,24,76,9274400768.0,,0.4,累進
4189.T,"KH Neochem Co., Ltd.",40,12,24,76,118329122816.0,,0.08888162672476398,累進
4928.T,"Noevir Holdings Co., Ltd.",34,12,30,76,153019809792.0,配当性向70%以上2回,0.07812187864655251,
6134.T,Fuji Corporation,40,22,14,76,702513348608.0,現金比率低い,0.12600277542806276,累進
2664.T,Cawachi Limited,35,27,14,76,82635505664.0,ROE低い/配当性向100%以上,0.07901234567901233,
7885.T,"Takano Co.,Ltd.",37,25,14,76,16058767360.0,ROE低い,0.14210758377425045,
5956.T,"Toso Company, Limited",36,20,20,76,5152102912.0,ROE低い,0.020370370370370372,
8032.T,Japan Pulp and Paper Company Limited,37,25,14,76,137258360832.0,ROE低い,0.17266917293233083,
4977.T,Nitta Gelatin Inc.,37,17,22,76,21582505984.0,,0.12277047571165219,
8707.T,"IwaiCosmo Holdings, Inc.",37,9,30,76,110044667904.0,現金比率低い,0.18322930156263487,
4519.T,"Chugai Pharmaceutical Co., Ltd.",40,12,24,76,10162586779648.0,,0.2306329789654387,累進
6424.T,"Takamisawa Cybernetics Company, Ltd.",37,20,19,76,3704352256.0,,0.10267662620603797,
6638.T,"Mimaki Engineering Co., Ltd.",35,27,14,76,64701964288.0,,0.3116096866096866,
3166.T,"Ochi Holdings Co., Ltd.",37,20,19,76,18871605248.0,,0.16451397643048496,
1847.T,"Ichiken Co., Ltd.",37,19,20,76,49938014208.0,,0.19737750172532778,
3003.T,"Hulic Co., Ltd.",40,12,24,76,1306253066240.0,,0.15623269366378204,累進
2922.T,"Natori Co., Ltd.",40,17,19,76,25013915648.0,,0.04121351358193463,累進
1950.T,"Nippon Densetsu Kogyo Co., Ltd.",37,14,25,76,232320974848.0,現金比率低い,0.18183569468858873,
6294.T,Okada Aiyon Corporation,40,17,19,76,15565868032.0,,0.1645083451687825,累進
4452.T,Kao Corporation,40,12,24,76,3150367424512.0,,0.05752580167287148,累進
4524.T,"Morishita Jintan Co., Ltd.",37,20,19,76,9164748800.0,,0.05555555555555555,
9351.T,"Toyo Wharf & Warehouse Co., Ltd.",37,25,14,76,13651459072.0,ROE低い,0.07222222222222224,
7523.T,"Art Vivant Co., Ltd.",35,17,24,76,17159411712.0,,0.1962962962962963,
2157.T,"Koshidaka Holdings Co., Ltd.",37,9,30,76,82868002816.0,,0.23364197530864197,
3232.T,"Mie Kotsu Group Holdings, Inc.",37,14,25,76,56327491584.0,現金比率低い,0.1657447490780824,
2264.T,"Morinaga Milk Industry Co., Ltd.",37,14,25,76,342324346880.0,現金比率低い,0.24850489017155686,
3918.T,"PCI Holdings, Inc.",37,25,14,76,11558523904.0,,0.07001918829875818,
3076.T,Ai Holdings Corporation,40,12,24,76,160539197440.0,,0.15070947570947568,累進
4990.T,"Showa Chemical Industry Co., Ltd.",37,20,19,76,5580911616.0,,0.13714927048260384,
7510.T,Takebishi Corporation,37,19,19,75,46494298112.0,,0.10193719581689188,
3123.T,"Saibo Co., Ltd.",36,20,19,75,8276930560.0,,0.02007469654528478,
7477.T,Muraki Corporation,35,20,20,75,2316821504.0,ROE低い,2.157239057239057,
6436.T,Amano Corporation,15,30,30,75,262082658304.0,2回減配あり,0.21563396315891958,
2908.T,"Fujicco Co., Ltd.",34,27,14,75,44760051712.0,ROE低い/配当性向70%以上2回,0.03468933797535071,
9616.T,"Kyoritsu Maintenance Co., Ltd.",15,30,30,75,297814163456.0,2回減配あり,0.22871523038122799,
1514.T,"Sumiseki Holdings,Inc.",33,25,17,75,36650512384.0,配当性向100%以上,0.5185185185185185,
9889.T,JBCC Holdings Inc.,15,30,30,75,105213493248.0,2回減配あり,0.2308068588096067,
9090.T,AZ-COM MARUWA Holdings Inc.,15,30,30,75,115288858624.0,2回減配あり,0.20427560011113596,
9051.T,"Senkon Logistics Co., Ltd.",40,15,20,75,6002973696.0,ROE低い,0.022222222222222223,累進
7270.T,Subaru Corporation,31,30,14,75,1764652220416.0,ROE低い/配当性向70%以上2回,0.030317786753357907,
7296.T,"F.C.C. Co., Ltd.",15,30,30,75,194531655680.0,2回減配あり,0.2288359932307558,
7269.T,Suzuki Motor Corporation,15,30,30,75,3864335482880.0,2回減配あり,0.2173447950880708,
8841.T,"TOC Co., Ltd.",36,27,12,75,87511736320.0,ROE低い,0.01651013054521826,
4732.T,"USS Co., Ltd.",15,30,30,75,831348146176.0,2回減配あり,0.09518477580881703,
7994.T,Okamura Corporation,15,30,30,75,212067467264.0,2回減配あり,0.18758030468556786,
5955.T,"Wise Holdings Co.,Ltd.",36,25,14,75,10937250816.0,ROE低い,0.01851851851851852,
7906.T,"YONEX Co., Ltd.",15,30,30,75,198396837888.0,2回減配あり,0.20707339934982208,
7611.T,Hiday Hidaka Corp.,15,30,30,75,105524854784.0,2回減配あり,0.1151459966741893,
3569.T,"Seiren Co.,Ltd.",15,30,30,75,192586153984.0,2回減配あり,0.14203915287430446,
8159.T,"Tachibana Eletech Co., Ltd.",37,19,19,75,95049572352.0,,0.17764283725359867,
4997.T,"Nihon Nohyaku Co., Ltd.",37,19,19,75,86471442432.0,,0.06465855257730167,
8226.T,Rikei Corporation,37,8,30,75,6093107200.0,営業CF合計マイナス,0.1148148148148148,
9759.T,"NSD Co., Ltd.",15,30,30,75,224175210496.0,2回減配あり,0.21890270372867993,
5464.T,Mory Industries Inc.,35,25,15,75,34482421760.0,減収傾向,0.19838690563328243,
8043.T,Starzen Company Limited,37,19,19,75,84213235712.0,,0.1116787587317921,
8056.T,BIPROGY Inc.,15,30,30,75,451679027200.0,2回減配あり,0.1640624749752539,
8065.T,Sato Shoji Corporation,37,19,19,75,61588684800.0,現金比率低い,0.12880212176134404,
9766.T,Konami Group Corporation,15,30,30,75,3001220595712.0,2回減配あり,0.43645435597483634,
6785.T,"Suzuki Co.,Ltd.",35,9,30,74,48893218816.0,,0.36214801563638777,
3091.T,"BRONCO BILLY Co.,LTD.",35,9,30,74,85914083328.0,,0.04250841750841751,
1768.T,Sonec Corporation,40,12,22,74,7480696832.0,,0.143019943019943,累進
9441.T,"Bell-Park Co.,Ltd.",37,7,30,74,37517783040.0,,0.2359820685583789,
9470.T,"Gakken Holdings Co., Ltd.",40,9,25,74,43080536064.0,,0.06414862914862915,累進
9513.T,"Electric Power Development Co., Ltd.",37,25,12,74,709137399808.0,ROE低い,0.04258214981899192,
3434.T,ALPHA Corporation,37,25,12,74,11812205568.0,ROE低い,0.06759259259259259,
2410.T,"Career Design Center Co., Ltd.",37,7,30,74,13882682368.0,,0.2092685417246821,
4992.T,"Hokko Chemical Industry Co., Ltd.",40,9,25,74,49107378176.0,,0.19074067248731852,累進
5184.T,"Nichirin Co., Ltd.",35,9,30,74,54516957184.0,,0.281733696779225,
2433.T,Hakuhodo DY Holdings Inc,37,25,12,74,469613903872.0,ROE低い,0.04985888809643599,
5423.T,"Tokyo Steel Manufacturing Co., Ltd.",40,22,12,74,170071949312.0,ROE低い,0.23255170755170754,累進
8084.T,Ryoden Corporation,37,22,15,74,103443603456.0,減収傾向,0.11739731631316078,
6428.T,OIZUMI Corporation,40,20,14,74,7423408640.0,ROE低い,0.037037037037037035,累進
1853.T,"Mori-Gumi Co., Ltd.",37,13,24,74,10578152448.0,営業CF合計マイナス,0.2771164021164021,
4624.T,"Isamu Paint Co., Ltd.",34,20,20,74,7526444544.0,ROE低い,0.005555555555555554,
4645.T,"Ichishin Holdings Co.,Ltd.",34,10,30,74,3578287360.0,自己資本比率低い,0.005555555555555554,
8354.T,"Fukuoka Financial Group, Inc.",37,12,25,74,1471785205760.0,自己資本比率低い,0.13675212751451946,
6343.T,Freesia Macross Corporation,40,12,22,74,6750151168.0,,0.022222222222222216,累進
6376.T,"Nikkiso Co., Ltd.",40,4,30,74,232003796992.0,,0.1122615039281706,累進
8804.T,"Tokyo Tatemono Co., Ltd.",40,4,30,74,674237579264.0,,0.16967282764348982,累進
6393.T,"Yuken Kogyo Co., Ltd.",35,25,14,74,10918504448.0,ROE低い,0.14488536155202822,
7887.T,"Nankai Plywood Co.,Ltd.",37,12,25,74,7491846656.0,,0.0962962962962963,
2325.T,"NJS Co., Ltd.",35,9,30,74,43139698688.0,,0.10614352489997485,
3288.T,"Open House Group Co., Ltd.",40,4,30,74,818328633344.0,,0.25186413822335846,累進
6082.T,"RIDE ON EXPRESS HOLDINGS Co., Ltd.",37,20,17,74,9660929024.0,,0.1111111111111111,
4736.T,Nippon RAD Inc.,40,20,14,74,3064127744.0,,0.1111111111111111,累進
8125.T,"Wakita & Co.,LTD.",27,27,20,74,95678193664.0,ROE低い/配当性向100%以上,0.16723202597565925,
7989.T,Tachikawa Corporation,40,9,25,74,53187088384.0,,0.2016735829047415,累進
8018.T,"Sankyo Seiko Co., Ltd.",35,25,14,74,31140282368.0,ROE低い,0.145,
7443.T,"Yokohama Gyorui Co., Ltd.",40,20,14,74,4236226560.0,ROE低い,0.1111111111111111,累進
2877.T,NittoBest Corporation,34,20,20,74,9133873152.0,ROE低い,-0.022222222222222223,
6339.T,"Sintokogio,Ltd.",37,27,10,74,60498939904.0,ROE低い/EPS低い,0.12149518428672196,
7760.T,IMV Corporation,37,7,30,74,33723324416.0,,0.20380096483037657,
4558.T,"Chukyoiyakuhin Co.,Ltd.",34,20,20,74,2135095424.0,ROE低い,0.012698412698412702,
2148.T,ITmedia Inc.,25,25,24,74,22310723584.0,配当性向100%以上,0.4208960484520073,
1992.T,"Kanda Tsushinki Co., Ltd.",40,20,14,74,6781952000.0,ROE低い,0.33636364051178536,累進
9353.T,"Sakurajima Futo Kaisha, Ltd.",40,20,14,74,4534830080.0,ROE低い,0.2037037037037037,累進
4205.T,Zeon Corporation,40,22,12,74,465926291456.0,現金比率低い,0.1928314693188835,累進
9081.T,"Kanagawa Chuo Kotsu Co., Ltd.",35,14,25,74,47979945984.0,現金比率低い,0.20804154995331467,
6518.T,"Sanso Electric Co.,Ltd.",37,20,17,74,7927975424.0,,0.09305862861418417,
3768.T,Riskmonster.com,40,20,14,74,4137899776.0,ROE低い,0.14190346945738544,累進
6864.T,NF Holdings Corporation,37,25,12,74,11328301056.0,ROE低い,0.06375661375661375,
4848.T,"Fullcast Holdings Co., Ltd.",40,9,24,73,63448879104.0,,0.13549595906285045,累進
8132.T,"Sinanen Holdings Co., Ltd.",37,19,17,73,81836367872.0,,0.03148148148148148,
3420.T,KFC Ltd,37,17,19,73,11451441152.0,,0.10899470899470899,
5232.T,"Sumitomo Osaka Cement Co., Ltd.",40,14,19,73,178501042176.0,現金比率低い,0.0336909423883092,累進
5393.T,Nichias Corporation,37,22,14,73,663756800000.0,現金比率低い,0.13264480729854572,
4971.T,MEC Company Ltd.,37,12,24,73,130374746112.0,,0.14073226156559493,
4973.T,"Japan Pure Chemical Co.,Ltd.",37,17,19,73,28232378368.0,,0.06444643568299482,
6062.T,Charm Care Corporation,40,9,24,73,46015393792.0,,0.5071768463925326,累進
7839.T,"Shoei Co., Ltd.",37,12,24,73,110649057280.0,,0.14850093762548294,
4970.T,"Toyo Gosei Co.,Ltd.",40,19,14,73,84050059264.0,ROE低い/現金比率低い,0.19457671957671957,累進
9365.T,Tradia Corporation,36,20,17,73,2356020992.0,,0.029629629629629624,
3663.T,"CELSYS, Inc.",40,9,24,73,53463121920.0,,0.5923280423280423,累進
8600.T,"TOMONY Holdings, Inc.",40,8,25,73,228160569344.0,自己資本比率低い/営業CF合計マイナス,0.14176515635493964,累進
6391.T,Kaji Technology Corporation,34,20,19,73,8047507968.0,,-0.037037037037037035,
6371.T,Tsubakimoto Chain Co.,13,30,30,73,268068519936.0,2回減配あり,0.1510298817397312,
8316.T,"Sumitomo Mitsui Financial Group, Inc.",40,8,25,73,25652317126656.0,自己資本比率低い/営業CF合計マイナス,0.12509927850065508,累進
8750.T,"Daiichi Life Group, Inc.",37,12,24,73,6548784414720.0,自己資本比率低い,0.22299371781108437,
8367.T,"The Nanto Bank, Ltd.",40,8,25,73,317736845312.0,自己資本比率低い/営業CF合計マイナス,0.1395621577334693,累進
8308.T,"Resona Holdings, Inc.",40,8,25,73,5537850195968.0,自己資本比率低い/営業CF合計マイナス,0.05264124718652985,累進
5930.T,"Bunka Shutter Co., Ltd.",13,30,30,73,129141710848.0,2回減配あり,0.20444859068093985,
8331.T,"The Chiba Bank, Ltd.",40,8,25,73,1953859895296.0,自己資本比率低い/営業CF合計マイナス,0.14166714113511725,累進
8253.T,"Credit Saison Co., Ltd.",40,8,25,73,644441964544.0,自己資本比率低い/営業CF合計マイナス,0.15816899150232483,累進
8541.T,"The Ehime Bank, Ltd.",36,12,25,73,139695980544.0,自己資本比率低い,0.015277777777777779,
2003.T,"Nitto Fuji Flour Milling Co.,Ltd.",35,19,19,73,68358742016.0,現金比率低い/配当性向70%以上2回,0.24758619175387242,
7213.T,LECIP Holdings Corporation,37,12,24,73,9812408320.0,,0.1971677559912854,
6501.T,"Hitachi, Ltd.",37,22,14,73,24605255270400.0,現金比率低い,0.19737577893249364,
3375.T,Zoa Corporation,37,12,24,73,2202257664.0,,0.10602201544730279,
3099.T,Isetan Mitsukoshi Holdings Ltd.,37,22,14,73,1138798231552.0,現金比率低い,0.26608354072122187,
4187.T,Osaka Organic Chemical Industry Ltd.,40,9,24,73,92127838208.0,,0.13126878279635237,累進
9007.T,"Odakyu Electric Railway Co., Ltd.",37,17,19,73,587831836672.0,現金比率低い,0.2665272001056315,
6592.T,"Mabuchi Motor Co., Ltd.",35,12,25,72,409743425536.0,,0.07443846465331336,
9233.T,"Asia Air Survey Co., Ltd.",40,7,25,72,20782725120.0,,0.2579706434545144,累進
4318.T,"Quick Co.,Ltd.",15,27,30,72,46850039808.0,2回減配あり,0.1722747825555341,
7721.T,TOKYO KEIKI INC.,37,10,25,72,121439764480.0,現金比率低い/営業CF合計マイナス,0.04558404558404558,
2301.T,"Gakujo Co., Ltd.",35,7,30,72,22788888576.0,,0.1109732330149567,
167A.T,"Ryoyo Ryosan Holdings, Inc.",31,22,19,72,132333117440.0,配当性向70%以上2回,0.18159465806524627,
9782.T,DMS Inc.,28,25,19,72,17581817856.0,配当性向100%以上,0.5420469242972663,
1867.T,UEKI Corporation,40,13,19,72,17858158592.0,営業CF合計マイナス,0.10803671637004969,累進
3763.T,Pro-Ship Incorporated,15,27,30,72,53917409280.0,2回減配あり,0.15250666066268903,
2652.T,Mandarake Inc.,40,7,25,72,13444145152.0,,0.4444444444444444,累進
7713.T,"Sigmakoki Co., Ltd.",35,25,12,72,17705428992.0,ROE低い,0.03150672902724887,
3333.T,"Asahi Co., Ltd.",33,25,14,72,33283403776.0,ROE低い/配当性向70%以上2回,0.18200743424384208,
2676.T,"Takachiho Koheki Co.,Ltd.",40,17,15,72,38647955456.0,EPS低い,0.3549810787261401,累進
2809.T,Kewpie Corporation,35,12,25,72,593160241152.0,,0.07513125472529096,
6357.T,"Sansei Technologies, Inc.",15,27,30,72,47322587136.0,2回減配あり,0.15143407790466612,
7595.T,ARGO GRAPHICS Inc.,15,27,30,72,84310351872.0,2回減配あり,0.21514278796887495,
8101.T,GSI Creos Corporation,40,12,20,72,30443249664.0,,0.3181401925295307,累進
3512.T,"Nippon Felt Co., Ltd.",37,25,10,72,16980862976.0,ROE低い/減収傾向,0.06210826210826211,
25935.T,"Ito En, Ltd.",22,30,20,72,213867479040.0,ROE低い/配当性向100%以上,0.016915306915306915,
2593.T,"Ito En, Ltd.",22,30,20,72,359518601216.0,ROE低い/配当性向100%以上,0.01594976996281591,
7820.T,"Nihon Flush Co., Ltd.",37,25,10,72,15793189888.0,ROE低い/減収傾向,0.07452561449518853,
3916.T,Digital Information Technologies Corporation,35,7,30,72,28078110720.0,,0.36551773328671144,
9795.T,"Step Co.,Ltd.",40,7,25,72,34009831424.0,,0.13212662307986936,累進
3011.T,"Banners Co., Ltd.",37,10,25,72,2174298880.0,自己資本比率低い,0.06481481481481481,
6823.T,"Rion Co., Ltd.",15,27,30,72,42046386176.0,2回減配あり,0.11817876995976441,
9743.T,"Tanseisha Co., Ltd.",15,27,30,72,66600185856.0,2回減配あり,0.19504355629200917,
7976.T,"Mitsubishi Pencil Co., Ltd.",35,12,25,72,171531681792.0,,0.1358524041657273,
5185.T,"Fukoku Co.,Ltd.",27,25,20,72,27961176064.0,ROE低い/配当性向100%以上,0.3565102274392352,
5900.T,"Daiken Co.,Ltd.",40,12,20,72,4748614656.0,ROE低い,0.04497354497354497,累進
2590.T,"DyDo Group Holdings, Inc.",40,22,10,72,92426592256.0,ROE低い/EPS低い,0.037037037037037035,累進
3109.T,Shikibo Ltd.,32,20,20,72,13152009216.0,ROE低い/配当性向100%以上,0.0806878306878307,
6859.T,Espec Corp.,15,27,30,72,87049428992.0,2回減配あり,0.1466634128398834,
9130.T,"Kyoei Tanker Co., Ltd.",33,20,19,72,12718063616.0,配当性向70%以上2回,0.12962962962962965,
9678.T,"Kanamoto Co.,Ltd.",40,12,20,72,182184165376.0,,0.08855141771808438,累進
6340.T,Shibuya Corporation,35,12,25,72,154377797632.0,,0.1883597883597884,
3675.T,Cross Marketing Group Inc.,40,7,25,72,11049540608.0,,0.12051851657043001,累進
4809.T,Paraca Inc.,40,7,25,72,20134121472.0,,0.0600232456213639,累進
7643.T,"Daiichi Co.,Ltd.",40,7,25,72,18552946688.0,,0.16820334473843246,累進
2351.T,ASJ Inc.,40,20,12,72,2621432320.0,ROE低い,0.05555555555555555,累進
5992.T,"Chuo Spring Co.,Ltd.",15,27,30,72,92950585344.0,2回減配あり,0.28727403363368276,
2175.T,"SMS Co., Ltd.",40,22,10,72,221288890368.0,ROE低い/現金比率低い/EPS低い,0.2722490243388076,累進
5162.T,Asahi Rubber Inc.,37,20,14,71,3594627584.0,ROE低い,0.06200329884540412,
2502.T,"Asahi Group Holdings, Ltd.",40,12,19,71,2332946333696.0,,0.13232066823378896,累進
9791.T,Biken Techno Corporation,40,12,19,71,8886544384.0,,0.060317460317460325,累進
3040.T,Soliton Systems K.K.,40,9,22,71,48615526400.0,,0.2868131868131868,累進
8113.T,Unicharm Corporation,40,12,19,71,1612217843712.0,,0.1466648357107692,累進
5108.T,Bridgestone Corporation,35,12,24,71,4742823542784.0,,0.0765063095945449,
2445.T,"Takamiya Co., Ltd.",40,12,19,71,18017241088.0,,0.055468605468605464,累進
7939.T,"Kensoh Co.,Ltd.",37,12,22,71,2265403136.0,,0.11620370370370371,
6964.T,"Sanko Co., Ltd.",37,20,14,71,6166932480.0,ROE低い,0.1922188922188922,
3892.T,"Okayama Paper Industries Co., Ltd.",40,12,19,71,7404008960.0,,0.19642857142857142,累進
1376.T,"Kaneko Seeds Co., Ltd.",35,17,19,71,17172832256.0,,0.040066347043234946,
7849.T,Starts Publishing Corporation,40,7,24,71,11406161920.0,,0.3593073593073593,累進
9896.T,"JK Holdings Co., Ltd.",37,15,19,71,37013618688.0,自己資本比率低い,0.14998034301439875,
3791.T,"IG Port, Inc.",35,17,19,71,22128695296.0,,0.8037037037037037,
2185.T,CMC Corporation,40,7,24,71,25584646144.0,,0.15978654464844327,累進
8137.T,Sun-Wa Technos Corporation,35,19,17,71,75327438848.0,,0.26999002938900635,
6268.T,Nabtesco Corporation,40,12,19,71,578351529984.0,,0.06073120605084075,累進
5971.T,"Kyowakogyosyo Co.,Ltd.",34,25,12,71,11617381376.0,ROE低い,0.01296296296296296,
3134.T,Hamee Corp.,40,12,19,71,4864304128.0,,0.49292451375784707,累進
6875.T,MegaChips Corporation,37,14,20,71,156916236288.0,現金比率低い/減収傾向,0.4250924275434079,
3723.T,Nihon Falcom Corporation,40,7,24,71,25555986432.0,,0.13994708994708993,累進
8929.T,"Aoyama Zaisan Networks Company,Limited",40,7,24,71,32728723456.0,,0.1887285095230432,累進
6278.T,Union Tool Co.,40,12,19,71,311537467392.0,,0.11523328523328523,累進
4612.T,"Nippon Paint Holdings Co., Ltd.",35,12,24,71,2736963452928.0,,0.043706910373577025,
2818.T,"PIETRO Co., Ltd.",36,25,10,71,12130836480.0,ROE低い/EPS低い,0.015677478720956983,
4925.T,"HABA Laboratories,Inc.",40,12,19,71,6447423488.0,,0.09259259259259259,累進
7857.T,"Seki Co., Ltd.",37,20,14,71,5310939648.0,ROE低い,0.009259259259259259,
4186.T,"Tokyo Ohka Kogyo Co., Ltd.",35,12,24,71,1071864807424.0,,0.1537220153174605,
8522.T,"The Bank of Nagoya, Ltd.",40,12,19,71,355201777664.0,自己資本比率低い,0.2126984083446714,累進
8281.T,"Xebio Holdings Co., Ltd.",34,27,10,71,45644263424.0,ROE低い/EPS低い,0.0026455026455026454,
3176.T,"Sanyo Trading Co., Ltd.",40,1,30,71,67581362176.0,,0.10174344215006695,累進
7607.T,"Shinwa Co., Ltd.",37,9,25,71,40780259328.0,,0.11104062202991066,
4410.T,"Harima Chemicals Group, Inc.",40,12,19,71,27956672512.0,,0.13292330442965652,累進
5331.T,"Noritake Co., Limited",37,14,19,70,202727587840.0,現金比率低い,0.21954615634215133,
8053.T,Sumitomo Corporation,15,25,30,70,8279210590208.0,2回減配あり,0.1318925254439979,
5186.T,Nitta Corporation,15,30,25,70,184625233920.0,2回減配あり,0.1297642270379007,
9536.T,"Saibu Gas Holdings Co.,Ltd.",36,17,17,70,88503156736.0,自己資本比率低い,0.020370370370370372,
6966.T,"Mitsui High-tec, Inc.",15,30,25,70,169408610304.0,2回減配あり,0.7280727814783541,
6788.T,"Nihon Trim Co., Ltd.",15,25,30,70,39413395456.0,2回減配あり,0.14017273576097106,
3087.T,"DOUTOR NICHIRES Holdings Co., Ltd.",15,30,25,70,135942348800.0,2回減配あり,0.08238744641730085,
3853.T,Asteria Corporation,15,25,30,70,18497693696.0,2回減配あり,0.166969181754128,
9438.T,MTI Ltd.,40,0,30,70,33990592512.0,,0.020016339869281044,累進
2498.T,Oriental Consultants Holdings Company Limited,40,0,30,70,35817013248.0,営業CF合計マイナス,0.33869865954044454,累進
5844.T,"Kyoto Financial Group,Inc.",37,8,25,70,1341701619712.0,自己資本比率低い/営業CF合計マイナス,0.2505555555555556,
7811.T,"Nakamoto Packs Co., Ltd.",15,25,30,70,20351975424.0,2回減配あり,0.18530843180213266,
4968.T,"Arakawa Chemical Industries, Ltd.",37,19,14,70,47156658176.0,ROE低い,0.05917830650581309,
8593.T,Mitsubishi HC Capital Inc.,37,8,25,70,1899784568832.0,自己資本比率低い/営業CF合計マイナス,0.14376240278776653,
6367.T,"Daikin Industries,Ltd.",15,30,25,70,5840883417088.0,2回減配あり,0.11102434879705557,
8362.T,"The Fukui Bank, Ltd.",37,8,25,70,191614664704.0,自己資本比率低い/営業CF合計マイナス,0.0573905723905724,
8341.T,"The 77 Bank, Ltd.",37,8,25,70,914033606656.0,自己資本比率低い/営業CF合計マイナス,0.23297376025356334,
8881.T,"NISSHIN GROUP HOLDINGS Company, Limited",40,13,17,70,30217889792.0,営業CF合計マイナス,0.10659371492704825,累進
3636.T,"Mitsubishi Research Institute, Inc.",37,9,24,70,76275310592.0,,0.11794155062343917,
8395.T,The Bank of Saga Ltd.,37,8,25,70,117292679168.0,自己資本比率低い/営業CF合計マイナス,0.08432645785586962,
2335.T,Cube System Inc.,15,25,30,70,15662711808.0,2回減配あり,0.17351248491599366,
5975.T,Topre Corporation,15,30,25,70,162764210176.0,2回減配あり,0.1896486229819563,
3407.T,Asahi Kasei Corporation,15,30,25,70,2199737073664.0,2回減配あり,0.08995877721367918,
6093.T,"MITRA Group, Inc.",25,20,25,70,7055294464.0,配当性向100%以上,0.1455026455026455,
6238.T,FURYU Corporation,15,25,30,70,37558198272.0,2回減配あり,0.07234807103228155,
6078.T,"Value HR Co.,Ltd.",31,9,30,70,41207115776.0,配当性向70%以上2回,0.2553209628582476,
8795.T,"T&D Holdings, Inc.",37,8,25,70,2265768263680.0,自己資本比率低い/営業CF合計マイナス,0.10577847346208928,
7486.T,"Sanrin Co., Ltd.",40,20,10,70,9966867456.0,ROE低い/減収傾向,0.03323291393466832,累進
7305.T,"Araya Industrial Co., Ltd.",30,25,15,70,26284736512.0,減収傾向/配当性向100%以上/配当性向70%以上2回,0.31511647394000336,
2894.T,"Ishii Food Co., Ltd.",40,20,10,70,6042759168.0,ROE低い/EPS低い,0.037037037037037035,累進
2897.T,"Nissin Foods Holdings Co.,Ltd.",15,30,25,70,813379682304.0,2回減配あり,0.1238062246993685,
2001.T,Nippn Corporation,15,30,25,70,232700674048.0,2回減配あり,0.10087172818398883,
3222.T,United Super Markets Holdings Inc.,36,30,4,70,168373256192.0,ROE低い/EPS低い,0.016887125220458557,
2700.T,"Kitoku Shinryo Co., Ltd.",40,0,30,70,14587597824.0,,0.12870370370370368,累進
8891.T,"AMG Holdings Co.,Ltd.",37,3,30,70,5885216256.0,営業CF合計マイナス,0.40817091454272864,
6506.T,YASKAWA Electric Corporation,37,14,19,70,1239519461376.0,現金比率低い,0.1762060491500048,
3116.T,Toyota Boshoku Corporation,15,30,25,70,390818070528.0,2回減配あり,0.14541368410182237,
3143.T,O'will Corporation,40,0,30,70,9344733184.0,自己資本比率低い/営業CF合計マイナス,0.0961550467461784,累進
7172.T,"Japan Investment Adviser Co., Ltd.",40,0,30,70,132584947712.0,営業CF合計マイナス,0.41648029369642653,累進
7189.T,"Nishi-Nippon Financial Holdings, Inc.",37,8,25,70,688473243648.0,自己資本比率低い/営業CF合計マイナス,0.14436304436304437,
3139.T,"Lacto Japan Co., Ltd.",40,0,30,70,34636701696.0,営業CF合計マイナス,0.2819001417685628,累進
4095.T,"Nihon Parkerizing Co., Ltd.",15,30,25,70,186888830976.0,2回減配あり,0.134841951512973,
9820.T,MT Genex Corporation,20,20,30,70,4235106816.0,,0.0,
3431.T,"Miyaji Engineering Group,Inc.",33,17,19,69,39443095552.0,配当性向70%以上2回,0.41314351851851855,
1301.T,"Kyokuyo Co., Ltd.",40,10,19,69,54409838592.0,営業CF合計マイナス,0.11816578483245149,累進
7883.T,"Sun Messe Co., Ltd.",37,20,12,69,6989718528.0,ROE低い,0.032407407407407406,
1879.T,Shinnihon Corporation,15,30,24,69,130373115904.0,2回減配あり,0.19337379644397187,
7936.T,ASICS Corporation,35,4,30,69,3012162486272.0,,0.22152361035339757,
4045.T,"Toagosei Co., Ltd.",40,12,17,69,192544620544.0,,0.11510918617836856,累進
3080.T,"Jason Co., Ltd.",40,25,4,69,10825903104.0,ROE低い/EPS低い,0.04938271604938271,累進
5724.T,"Asaka Riken Co.,Ltd.",40,7,22,69,14651393024.0,,0.06296296296296296,累進
1848.T,Fuji P.S Corporation,37,8,24,69,15598055424.0,営業CF合計マイナス,0.12668350168350168,
5851.T,Ryobi Limited,35,9,25,69,86150799360.0,,0.2169402946363731,
6855.T,Japan Electronic Materials Corporation,15,30,24,69,120402255872.0,2回減配あり,0.2373015873015873,
2483.T,Honyaku Center Inc.,32,20,17,69,7582995456.0,配当性向100%以上,0.18999379958499457,
6874.T,Kyoritsu Electric Corporation,37,7,25,69,18955038720.0,,0.16297498797498797,
8008.T,Yondoshi Holdings Inc.,31,19,19,69,45161463808.0,現金比率低い/配当性向100%以上/配当性向70%以上2回,0.07465003100130069,
5273.T,"Mitani Sekisan Co., Ltd.",15,30,24,69,143508111360.0,2回減配あり,0.2986490805188157,
7148.T,"Financial Partners Group Co.,Ltd.",35,4,30,69,136826208256.0,,0.3683976932500663,
7202.T,Isuzu Motors Limited,15,30,24,69,1420862685184.0,2回減配あり,0.1567110050728883,
6736.T,Sun Corporation,37,10,22,69,218726187008.0,現金比率低い/営業CF合計マイナス,0.1851851851851852,
7539.T,"AINAVO HOLDINGS Co.,Ltd.",37,7,25,69,18283132928.0,,0.08581218164551498,
3854.T,I'LL inc.,40,9,20,69,51324493824.0,,0.3342488446686932,累進
8233.T,"Takashimaya Company, Limited",40,25,4,69,610495496192.0,ROE低い/EPS低い,0.11934580867439082,累進
8334.T,"The Gunma Bank, Ltd.",37,8,24,69,1160858435584.0,自己資本比率低い/営業CF合計マイナス,0.2048631461131461,
1815.T,Tekken Corporation,40,10,19,69,63998562304.0,営業CF合計マイナス,0.2818518518518519,累進
2353.T,"NIPPON PARKING DEVELOPMENT Co.,Ltd.",40,9,20,69,79780585472.0,,0.10219671157493654,累進
8242.T,H2O Retailing Corporation,15,30,24,69,308195524608.0,2回減配あり,0.034203783957305084,
3297.T,"Toubujyuhan Co.,Ltd.",40,12,17,69,3243733504.0,,0.06975930616169321,累進
8699.T,"HS Holdings Co., Ltd.",34,13,22,69,33496901632.0,営業CF合計マイナス,0.003703703703703706,
6632.T,JVCKENWOOD Corporation,15,30,24,69,143256616960.0,2回減配あり,0.17679738562091504,
2911.T,"Asahimatsu Foods Co., Ltd.",37,20,12,69,3974826496.0,ROE低い,0.17248677248677247,
9369.T,K.R.S. Corporation,35,9,25,69,71860150272.0,,0.06835380218050585,
6706.T,"DKK Co., Ltd.",37,13,19,69,29471696896.0,営業CF合計マイナス,0.04814814814814814,
4221.T,"Okura Industrial Co., Ltd.",35,9,25,69,60707037184.0,,0.1778422149745679,
4461.T,DKS Co. Ltd.,15,30,24,69,156934569984.0,2回減配あり,0.13680879759311132,
7291.T,"Nihon Plast Co., Ltd.",37,20,12,69,8554655232.0,ROE低い,0.10362752715693892,
5974.T,"Chugokukogyo Co.,Ltd.",40,12,17,69,2761558784.0,,0.09012345679012346,累進
1605.T,Inpex Corporation,40,12,17,69,4175482060800.0,,0.2381668052148172,累進
7461.T,"Kimura Co.,Ltd.",35,20,14,69,6956505600.0,ROE低い,0.05960520960520962,
3950.T,The Pack Corporation,35,9,25,69,77904576512.0,,0.11897950889615028,
6920.T,Lasertec Corporation,35,4,30,69,4100489478144.0,,0.46459748606009044,
9976.T,"Sekichu Co., Ltd.",35,20,14,69,5863672832.0,ROE低い,0.05555555555555555,
3537.T,"Shoei Yakuhin Co.,Ltd.",37,12,19,68,5907043328.0,,0.17711036421441256,
6326.T,Kubota Corporation,40,4,24,68,3064913723392.0,,0.059427963104433684,累進
2734.T,SALA Corporation,40,9,19,68,75318960128.0,,0.08157052640271557,累進
6150.T,"Takeda Machinery Co., Ltd.",37,12,19,68,2564827392.0,,0.20185185185185184,
5302.T,"Nippon Carbon Co., Ltd.",40,9,19,68,54465142784.0,,0.2222222222222222,累進
2464.T,"Aoba-BBT, Inc.",37,12,19,68,4697496576.0,,0.05467171717171716,
3329.T,"Towa Food Service Co., Ltd.",13,25,30,68,17257078784.0,2回減配あり,0.1672348484848485,
4119.T,Nippon Pigment Holdings Company Limited,37,12,19,68,9950667776.0,,0.13611111111111113,
8074.T,"Yuasa Co., Ltd.",13,25,30,68,131401342976.0,2回減配あり,0.07404258004368108,
9076.T,"Seino Holdings Co., Ltd.",13,30,25,68,423116898304.0,2回減配あり/配当性向70%以上2回,0.25756018371439826,
6768.T,Tamura Corporation,37,27,4,68,77110173696.0,ROE低い/EPS低い,0.06512345679012345,
7185.T,Hirose Tusyo Inc.,37,7,24,68,22336229376.0,自己資本比率低い,0.11545649690810983,
4350.T,"Medical System Network Co., Ltd.",36,7,25,68,15520320512.0,自己資本比率低い,0.024786324786324785,
2170.T,Link and Motivation Inc.,29,9,30,68,66320949248.0,配当性向100%以上/配当性向70%以上2回,0.13915347301120393,
4234.T,"Sun A.Kaken Company,Limited",37,12,19,68,9786017792.0,,0.03845563990491527,
9025.T,"Konoike Transport Co.,Ltd.",13,30,25,68,148572733440.0,2回減配あり,0.18915145126887545,
5973.T,Toami Corporation,36,12,20,68,3442818560.0,ROE低い,0.016666666666666663,
3020.T,"Applied Co.,Ltd.",13,25,30,68,13325026304.0,2回減配あり,0.1407203453772081,
6298.T,"Y.A.C. Holdings Co., Ltd.",37,12,19,68,22551236608.0,,0.2234429125185428,
8214.T,AOKI Holdings Inc.,13,30,25,68,142004125696.0,2回減配あり/配当性向70%以上2回,0.35098218199605097,
8511.T,"Japan Securities Finance Co., Ltd.",37,12,19,68,195917692928.0,自己資本比率低い,0.24607749483952088,
3577.T,Tokai Senko K.K.,34,20,14,68,2894062080.0,ROE低い,-0.03395061728395062,
6742.T,"Kyosan Electric Manufacturing Co., Ltd.",37,7,24,68,69622833152.0,現金比率低い/営業CF合計マイナス,0.10340483771856322,
4027.T,Tayca Corporation,37,27,4,68,52618031104.0,ROE低い/EPS低い,0.07262837685954301,
1801.T,Taisei Corporation,37,17,14,68,1988711284736.0,,0.15833927822231914,
6042.T,"Nikki Co., Ltd.",37,12,19,68,7098643456.0,,0.08759696186166775,
8039.T,"Tsukiji Uoichiba Company, Limited",36,7,25,68,7793353728.0,,0.021164021164021163,
7775.T,"Daiken Medical Co., Ltd.",13,25,30,68,12008485888.0,2回減配あり,0.06434465199085082,
3437.T,"Tokuden Co., Ltd.",37,12,19,68,4140065280.0,,0.17474048147807014,
1807.T,"Watanabe Sato Co., Ltd.",37,17,14,68,11760984064.0,ROE低い,0.22910052910052908,
5936.T,"Toyo Shutter Co., Ltd.",37,12,19,68,5610345984.0,,0.15745292143141607,
6083.T,"ERI Holdings Co., Ltd.",13,25,30,68,32459714560.0,2回減配あり,0.24770722252456542,
8160.T,"Kisoji Co., Ltd.",15,27,25,67,65189937152.0,2回減配あり,0.161172363836473,
6061.T,"UNIVERSAL ENGEISHA Co., Ltd.",40,7,20,67,29058244608.0,,0.04615921115921116,累進
2449.T,"PRAP Japan, Inc.",40,2,25,67,4668978176.0,,0.024715999715999713,累進
5802.T,"Sumitomo Electric Industries, Ltd.",15,22,30,67,7390517264384.0,現金比率低い/2回減配あり,0.17101817285179655,
6145.T,"Nittoku Co.,Ltd.",15,27,25,67,47974154240.0,2回減配あり,0.0819803765686618,
6171.T,C.E.Management Integrated Laboratory Co.Ltd,40,2,25,67,5261573632.0,,0.05516847178353886,累進
5713.T,"Sumitomo Metal Mining Co., Ltd.",15,22,30,67,2623125061632.0,現金比率低い/2回減配あり,0.3115254218285124,
3167.T,TOKAI Holdings Corporation,15,22,30,67,160448020480.0,現金比率低い/2回減配あり,0.08229411596822755,
2871.T,Nichirei Corporation,15,22,30,67,529912856576.0,現金比率低い/2回減配あり,0.10059249465441886,
6087.T,"ABIST Co.,Ltd.",40,7,20,67,13329519616.0,,0.05447050978965873,累進
8050.T,Seiko Group Corporation,15,22,30,67,863345901568.0,現金比率低い/2回減配あり,0.09603174603174602,
7956.T,Pigeon Corporation,31,12,24,67,243264716800.0,配当性向70%以上2回,0.0754632831426656,
9716.T,"NOMURA Co., Ltd.",15,22,30,67,137593913344.0,2回減配あり,0.1004389386333831,
1793.T,"Ohmoto Gumi Co., Ltd.",40,15,12,67,53411581952.0,ROE低い/営業CF合計マイナス,0.14725155144968027,累進
9628.T,"SAN Holdings, Inc.",40,7,20,67,31053885440.0,,0.11809315116612175,累進
9729.T,TOKAI Corp.,15,27,25,67,77736566784.0,2回減配あり,0.131745938070825,
9679.T,"HORAI Co., Ltd.",40,2,25,67,9168227328.0,,0.042424232573004886,累進
5957.T,"Nittoseiko Co.,Ltd.",35,7,25,67,27875196928.0,,0.1457600134070722,
1434.T,"Jesco Holdings, Inc.",37,0,30,67,11453723648.0,営業CF合計マイナス,0.23145342312008982,
8410.T,"Seven Bank, Ltd.",30,12,25,67,399104868352.0,自己資本比率低い/配当性向70%以上2回,0.027014956975329806,
7505.T,"Fuso Dentsu Co., Ltd.",37,0,30,67,22975295488.0,,0.4940856391004457,
8368.T,"The Hyakugo Bank, Ltd.",40,8,19,67,623750676480.0,自己資本比率低い/営業CF合計マイナス,0.14565498120597506,累進
4769.T,"Ic Co., Ltd.",40,2,25,67,8257140224.0,配当性向70%以上2回,0.13948627934169555,累進
2304.T,"CSS Holdings,Ltd.",35,2,30,67,4449920000.0,,0.32200435729847493,
2108.T,"Nippon Beet Sugar Manufacturing Co.,Ltd.",37,11,19,67,62995124224.0,現金比率低い,0.08661615953420895,
9010.T,"Fuji Kyuko Co., Ltd.",15,22,30,67,141590921216.0,現金比率低い/2回減配あり,0.16554495385140544,
6272.T,"Rheon Automatic Machinery Co., Ltd.",15,27,25,67,40384372736.0,2回減配あり,0.15575478606753668,
9478.T,"SE Holdings and Incubations Co., Ltd.",40,12,15,67,7423721472.0,減収傾向,0.1216931216931217,累進
8306.T,"Mitsubishi UFJ Financial Group, Inc.",40,8,19,67,40363171512320.0,自己資本比率低い/営業CF合計マイナス,0.18136569737111566,累進
2168.T,Pasona Group Inc.,40,27,0,67,56925102080.0,ROE低い/減収傾向/EPS低い,0.26799727238323734,累進
6508.T,Meidensha Corporation,15,22,30,67,536655560704.0,現金比率低い/2回減配あり,0.17749191934828856,
7279.T,Hi-Lex Corporation,34,9,24,67,87657963520.0,,-0.003557775311382411,
6490.T,PILLAR Corporation,13,30,24,67,253759471616.0,2回減配あり,0.19216919071014057,
1663.T,K&O Energy Group Inc.,40,12,15,67,101181022208.0,減収傾向,0.07961918685602895,累進
4849.T,en Inc.,20,27,20,67,65739796480.0,減収傾向/配当性向100%以上,0.24576446900942278,
3524.T,"Nitto Seimo Co., Ltd.",40,2,25,67,3835289600.0,自己資本比率低い,0.04365079365079365,累進
3300.T,"AMBITION DX HOLDINGS Co., Ltd.",37,0,30,67,13802142720.0,,0.6652395939820758,
9468.T,Kadokawa Corporation,17,30,20,67,557881753600.0,配当性向100%以上,0.1796296296296296,
8337.T,"The Chiba Kogyo Bank, Ltd.",40,8,19,67,159322980352.0,自己資本比率低い/営業CF合計マイナス,0.18518518518518517,累進
2327.T,NS Solutions Corporation,15,22,30,67,696793169920.0,2回減配あり,0.16133160842192287,
4554.T,"Fuji Pharma Co., Ltd.",40,1,25,66,46075256832.0,,0.08359154576193116,累進
7856.T,Hagihara Industries Inc.,40,7,19,66,29063974912.0,,0.0955791575889615,累進
4725.T,CAC Holdings Corporation,35,7,24,66,33552220160.0,,0.11564327485380116,
9381.T,AIT Corporation,15,27,24,66,53682855936.0,2回減配あり,0.13921946489150788,
4716.T,Oracle Corporation Japan,24,22,20,66,1240821399552.0,現金比率低い/配当性向100%以上,-0.02697038301264342,
3199.T,"Watahan & Co.,Ltd.",40,7,19,66,23976724480.0,自己資本比率低い,0.10130617949351965,累進
3359.T,"cotta CO.,LTD",40,2,24,66,5305424384.0,,0.2944443911111218,累進
7609.T,"Daitron Co., Ltd.",35,1,30,66,89635323904.0,,0.2494351139570868,
6333.T,Teikoku Corporation,15,27,24,66,55024713728.0,2回減配あり,0.3391955426438185,
4102.T,"Maruo Calcium Co., Ltd.",34,20,12,66,3096294144.0,ROE低い,0.0026455026455026454,
7987.T,"Nakabayashi Co., Ltd.",37,17,12,66,15026762752.0,ROE低い,0.10081770081770082,
5110.T,"Sumitomo Rubber Industries, Ltd.",35,12,19,66,531475431424.0,,0.09325272428720704,
9543.T,"Shizuoka Gas Co., Ltd.",40,9,17,66,97424719872.0,,0.15363187485220509,累進
8079.T,Shoei Foods Corporation,40,1,25,66,72031649792.0,,0.12242351046698872,累進
1866.T,Kitano Construction Corp.,34,17,15,66,27287797760.0,減収傾向,0.012121212121212123,
6022.T,Akasaka Diesels Limited,40,12,14,66,3826082560.0,ROE低い,0.05555555555555555,累進
9744.T,MEITEC Group Holdings Inc.,6,30,30,66,252851978240.0,配当性向100%以上/2回減配あり/配当性向70%以上2回,0.18215912985000124,
1882.T,Toa Road Corporation,30,19,17,66,73377652736.0,配当性向100%以上,0.34603174603174597,
9644.T,"Tanabe Consulting Group Co.,Ltd.",11,25,30,66,22324373504.0,2回減配あり/配当性向70%以上2回,0.1556668101540811,
7991.T,"Mamiya-OP Co., Ltd.",35,17,14,66,10875167744.0,ROE低い,0.14814814814814814,
5658.T,"Nichia Steel Works, Ltd.",37,17,12,66,18289113088.0,ROE低い,0.06746031746031746,
3105.T,Nisshinbo Holdings Inc.,35,12,19,66,414633394176.0,,0.03986928104575164,
4634.T,"artience Co., Ltd.",35,12,19,66,239178235904.0,,0.04202977487291212,
2874.T,"Yokorei Co.,Ltd.",40,12,14,66,115070476288.0,ROE低い,0.021497584541062802,累進
9022.T,Central Japan Railway Company,14,22,30,66,3486123819008.0,現金比率低い/2回減配あり,0.02503052503052503,
6965.T,Hamamatsu Photonics K.K.,34,12,19,65,694123364352.0,配当性向70%以上2回,0.11387465897269819,
3355.T,Kuriyama Holdings Corporation,40,0,25,65,35770208256.0,,0.16375661375661374,累進
3299.T,"MUGEN ESTATE Co.,Ltd.",35,0,30,65,39800320000.0,営業CF合計マイナス,0.38378781712115045,
8167.T,"Retail Partners Co., Ltd.",13,27,25,65,60056788992.0,2回減配あり,0.12275718661055403,
6932.T,ENDO Lighting Corporation,15,25,25,65,37128306688.0,2回減配あり,0.16163901458019106,
6033.T,"Extreme Co.,Ltd.",15,20,30,65,9006618624.0,2回減配あり,0.4105962072938337,
7826.T,"Furuya Metal Co., Ltd.",37,4,24,65,290763767808.0,,0.2694745915719523,
2753.T,"Amiyaki Tei Co., Ltd.",15,25,25,65,28579166208.0,2回減配あり,0.09845460252390918,
9622.T,"Space Co.,Ltd.",35,0,30,65,34832809984.0,,0.08646073155009605,
5388.T,"Kunimine Industries Co., Ltd.",15,25,25,65,17049679872.0,2回減配あり,0.1372895622895623,
9686.T,"Toyo Tec Co.,Ltd.",15,25,25,65,17506056192.0,2回減配あり,0.07070612335425312,
9763.T,"Maruken Lease Co., Ltd.",15,25,25,65,11934963712.0,2回減配あり,0.1243304501404335,
7878.T,"Kohsai Co.,Ltd.",37,8,20,65,1669986816.0,ROE低い/営業CF合計マイナス,0.14043209876543208,
5357.T,"Yotai Refractories Co., Ltd.",15,25,25,65,31793139712.0,2回減配あり,0.36991510552211426,
7727.T,OVAL Corporation,15,25,25,65,19301672960.0,2回減配あり,0.14285714285714285,
8095.T,"Astena Holdings Co., Ltd.",40,0,25,65,22025463808.0,,0.13897028897028896,累進
7971.T,TOLI Corporation,15,25,25,65,38132633600.0,2回減配あり,0.14477281977281978,
6417.T,"Sankyo Co., Ltd.",13,30,22,65,408162107392.0,2回減配あり,0.21520202020202023,
2883.T,"Dairei Co.,Ltd.",28,25,12,65,11541782528.0,ROE低い/配当性向70%以上2回,0.012876012876012878,
7482.T,"Shimojima Co., Ltd.",15,25,25,65,34103547904.0,2回減配あり,0.21039024853286875,
6493.T,NITTAN Corporation,15,25,25,65,13567352832.0,2回減配あり,0.06499518999519,
6668.T,"Adtec Plasma Technology Co., Ltd.",40,1,24,65,41105534976.0,,0.25132275132275134,累進
4272.T,"Nippon Kayaku Co., Ltd.",15,30,20,65,307104022528.0,2回減配あり,0.1121482481131604,
1981.T,"Kyowanissei Co.,Ltd.",15,25,25,65,13230653440.0,2回減配あり,0.13411598355817422,
9008.T,Keio Corporation,15,25,25,65,435899006976.0,2回減配あり,0.1289521461606085,
9021.T,West Japan Railway Company,15,25,25,65,1320653160448.0,2回減配あり,0.04964041175828931,
8897.T,"MIRARTH HOLDINGS,Inc.",31,9,25,65,58524983296.0,自己資本比率低い/配当性向70%以上2回,0.08942654839713662,
8276.T,"Heiwado Co.,Ltd.",15,30,20,65,126802288640.0,ROE低い/2回減配あり,0.08025601321281559,
8173.T,Joshin Corporation,31,22,12,65,111541403648.0,ROE低い/現金比率低い/配当性向100%以上/配当性向70%以上2回,0.20773809523809522,
8591.T,ORIX Corporation,15,20,30,65,6147358588928.0,自己資本比率低い/2回減配あり,0.14810139322220528,
6322.T,Tacmina Corporation,15,25,25,65,11068167168.0,2回減配あり,0.08010261851531286,
7186.T,"Yokohama Financial Group, Inc.",37,8,20,65,2135599874048.0,自己資本比率低い/営業CF合計マイナス,0.20194228512146317,
2224.T,"Como Co.,Ltd.",34,17,14,65,13203168256.0,ROE低い/現金比率低い,0.014285714285714284,
3231.T,"Nomura Real Estate Holdings, Inc.",40,0,25,65,747176853504.0,現金比率低い/自己資本比率低い/営業CF合計マイナス,0.13205873753472938,累進
4956.T,"Konishi Co., Ltd.",13,27,25,65,90738556928.0,2回減配あり,0.17837330461798134,
8584.T,"JACCS Co., Ltd.",37,8,20,65,157618782208.0,ROE低い/自己資本比率低い/営業CF合計マイナス,0.12759932979229788,
8566.T,"Ricoh Leasing Company, Ltd.",40,0,25,65,203749556224.0,現金比率低い/自己資本比率低い/営業CF合計マイナス,0.14436820532027198,累進
7299.T,Fuji Oozx Inc.,15,25,25,65,17254641664.0,2回減配あり,0.2452136752136752,
9034.T,"NANSO Transport Co.,Ltd.",15,25,25,65,15471352832.0,2回減配あり,0.2974433100822307,
9742.T,INES Corporation,35,27,2,64,46725574656.0,ROE低い/EPS低い,0.16080246913580246,
5951.T,"Dainichi Co., Ltd.",20,25,19,64,18386057216.0,,0.0,
2602.T,"The Nisshin OilliO Group,Ltd.",15,30,19,64,183737581568.0,2回減配あり,0.17038800276117405,
6050.T,E-Guardian Inc.,40,7,17,64,19411443712.0,,0.2876003824928557,累進
7711.T,"Sukegawa Electric Co., Ltd.",37,7,20,64,28180572160.0,ROE低い,0.06873520083949183,
2501.T,Sapporo Breweries Limited,40,12,12,64,712870658048.0,ROE低い/配当性向70%以上2回,0.12080898995792613,累進
5644.T,Metalart Corporation,15,25,24,64,20897271808.0,2回減配あり,0.42334063423729906,
8070.T,"Tokyo Sangyo Co., Ltd.",40,7,17,64,26459981824.0,自己資本比率低い,0.11046504935393825,累進
8052.T,"Tsubakimoto Kogyo Co., Ltd.",15,19,30,64,54946451456.0,2回減配あり,0.18391206865981496,
8057.T,"Uchida Yoko Co., Ltd.",40,4,20,64,110428626944.0,,0.18334472544998862,累進
3317.T,"Flying Garden Co., Ltd.",14,20,30,64,4326716416.0,2回減配あり,0.022222222222222227,
7624.T,"Naito & Co., Ltd.",37,12,15,64,9966543872.0,現金比率低い/減収傾向,0.07407407407407407,
5121.T,FUJIKURA COMPOSITES Inc.,15,27,22,64,55339909120.0,2回減配あり,0.26554648594449587,
5301.T,"Tokai Carbon Co., Ltd.",35,12,17,64,467901480960.0,,0.25370370370370376,
6806.T,"Hirose Electric Co.,Ltd.",15,30,19,64,830152507392.0,2回減配あり,0.12253456221198156,
8098.T,"Inabata & Co.,Ltd.",15,30,19,64,236214960128.0,2回減配あり,0.1676371972289114,
7182.T,"JAPAN POST BANK Co., Ltd.",37,8,19,64,12256793329664.0,自己資本比率低い/営業CF合計マイナス,0.07302832244008714,
7167.T,"Mebuki Financial Group,Inc.",37,8,19,64,1590377185280.0,自己資本比率低い/営業CF合計マイナス,0.1008822900127248,
5201.T,AGC Inc.,35,12,17,64,1229281820672.0,,0.1354842420059811,
9537.T,"Hokuriku Gas Co.,Ltd.",20,25,19,64,19833729024.0,,0.0,
8370.T,"The Kiyo Bank, Ltd.",37,8,19,64,340102053888.0,自己資本比率低い/営業CF合計マイナス,0.19744267565381726,
4754.T,TOSNET Corporation,37,2,25,64,7107148288.0,,0.05283999414434196,
8336.T,"The Musashino Bank, Ltd.",37,8,19,64,280263131136.0,自己資本比率低い/営業CF合計マイナス,0.05998778691111779,
6254.T,"Nomura Micro Science Co., Ltd.",40,5,19,64,136095326208.0,現金比率低い/配当性向70%以上2回/営業CF合計マイナス,0.9040947916764909,累進
7606.T,United Arrows Ltd.,15,19,30,64,64473620480.0,現金比率低い/2回減配あり,0.30698544351083334,
5018.T,MORESCO Corporation,14,25,25,64,21584728064.0,2回減配あり,0.019444444444444445,
6492.T,Okano Valve Mfg.Co.Ltd.,37,7,20,64,25418010624.0,,0.18783068783068782,
2122.T,"Interspace Co.,Ltd.",37,2,25,64,8404676608.0,,0.1321237585943468,
6364.T,Airman Corporation,15,19,30,64,67168219136.0,2回減配あり,0.13005219505219504,
6369.T,Toyo Kanetsu K.K.,33,17,14,64,35226296320.0,ROE低い/配当性向70%以上2回,0.2890141785713585,
8698.T,"Monex Group, Inc.",33,12,19,64,177714118656.0,自己資本比率低い/配当性向70%以上2回,0.32421866734280536,
3277.T,"Sansei Landic Co.,Ltd",40,0,24,64,13678735360.0,営業CF合計マイナス,0.16763680567498168,累進
8912.T,Area Quest Inc.,37,2,25,64,2329046528.0,,0.09259259259259259,
9065.T,Sankyu Inc.,10,30,24,64,399027666944.0,配当性向100%以上/2回減配あり,0.1583312360629434,
6586.T,Makita Corporation,15,30,19,64,1375109120000.0,2回減配あり,0.28294561433481125,
7313.T,"TS TECH Co., Ltd.",20,30,14,64,207364653056.0,ROE低い/配当性向100%以上,0.11173566727677686,
7309.T,Shimano Inc.,35,12,17,64,1498482999296.0,,0.11939649678961844,
9031.T,"Nishi-Nippon Railroad Co., Ltd.",15,25,24,64,215668621312.0,2回減配あり,0.04427655677655677,
1929.T,"Nittoc Construction Co., Ltd.",15,27,22,64,50290020352.0,2回減配あり,0.26163310144328084,
9930.T,"Kitazawa Sangyo Co., Ltd.",40,12,12,64,7343003136.0,ROE低い/配当性向70%以上2回,0.09444444444444444,累進
6905.T,"Cosel Co., Ltd.",35,27,2,64,62030311424.0,ROE低い/EPS低い,0.19542481695259473,
7011.T,"Mitsubishi Heavy Industries, Ltd.",15,25,24,64,12909924057088.0,2回減配あり,0.12631930066712674,
1515.T,"Nittetsu Mining Co., Ltd.",3,30,30,63,253749166080.0,2回減配あり/3回以上減配あり,0.2733800735447742,
5214.T,"Nippon Electric Glass Co., Ltd.",40,4,19,63,370170298368.0,,0.07379996546663214,累進
7902.T,"Sonocom Co.,Ltd.",37,12,14,63,4114924032.0,ROE低い,0.07354497354497355,
7893.T,PRONEXUS Inc.,13,25,25,63,26503563264.0,2回減配あり,0.08947545889750191,
8089.T,Nice Corporation,37,12,14,63,22306398208.0,ROE低い,0.0829059829059829,
6277.T,Hosokawa Micron Corporation,40,9,14,63,96935354368.0,ROE低い,0.12876382876382875,累進
5287.T,"Ito Yogyo Co., Ltd",37,12,14,63,2683041024.0,ROE低い,0.16666666666666663,
7646.T,"PLANT Co.,Ltd.",37,7,19,63,12385717248.0,,0.6518776950794494,
3096.T,Ocean System Corporation,13,25,25,63,14424151040.0,2回減配あり,0.08008489885682869,
7877.T,"Eidai Kako Co.,Ltd.",37,12,14,63,2715981312.0,ROE低い,0.05678005122449566,
4502.T,Takeda Pharmaceutical Company Limited,37,22,4,63,9150982520832.0,ROE低い/現金比率低い/EPS低い,0.010772275899087493,
9936.T,Ohsho Food Service Corp.,3,30,30,63,151657742336.0,2回減配あり/3回以上減配あり,0.03951387557037764,
3028.T,"Alpen Co.,Ltd.",37,1,25,63,91729887232.0,,0.027777777777777776,
3110.T,"Nitto Boseki Co., Ltd.",3,30,30,63,607055380480.0,2回減配あり/3回以上減配あり,0.16517508132877123,
7762.T,"Citizen Watch Co., Ltd.",3,30,30,63,592172285952.0,2回減配あり/3回以上減配あり,0.18386339599648777,
3417.T,"Ohki Healthcare Holdings Co.,Ltd.",40,3,20,63,13455607808.0,ROE低い/自己資本比率低い/営業CF合計マイナス,0.09221086408908907,累進
6018.T,"The Hanshin Diesel Works, Ltd.",13,25,25,63,20196812800.0,2回減配あり,0.17645502645502645,
9115.T,"Meiji Shipping Group Co., Ltd.",34,15,14,63,34465021952.0,ROE低い/自己資本比率低い,0.012698412698412702,
6459.T,Daiwa Ltd.,35,9,19,63,81177731072.0,,0.2592592592592593,
6250.T,Yamabiko Corporation,35,4,24,63,177014816768.0,,0.14731133064466398,
6516.T,"Sanyo Denki Co., Ltd.",15,30,17,62,196753326080.0,2回減配あり,0.10481558781286231,
3841.T,Jedat Inc.,36,12,14,62,5042619904.0,ROE低い/配当性向70%以上2回,0.24259259259259258,
3035.T,ktk Inc.,37,0,25,62,4378561536.0,,0.20073953823953822,
9861.T,"Yoshinoya Holdings Co., Ltd.",15,22,25,62,236287688704.0,現金比率低い/2回減配あり,0.09871794871794871,
8793.T,NEC Capital Solutions Limited,40,5,17,62,88333811712.0,自己資本比率低い/営業CF合計マイナス,0.16410050845041468,累進
6349.T,Komori Corporation,15,22,25,62,103684546560.0,2回減配あり,0.16832654999321667,
3168.T,MERF Inc.,40,0,22,62,18159433728.0,,0.2037037037037037,累進
8802.T,"Mitsubishi Estate Co., Ltd.",15,17,30,62,4303984263168.0,現金比率低い/2回減配あり,0.11496814291184382,
5817.T,"JMACS Japan Co., Ltd.",36,12,14,62,6717204992.0,ROE低い,0.01851851851851852,
4681.T,"Resorttrust, Inc.",15,17,30,62,373629288448.0,現金比率低い/2回減配あり,0.06450368069933288,
4694.T,"BML, Inc.",13,30,19,62,136627724288.0,2回減配あり,0.2051156769931951,
8931.T,Wadakohsan Corporation,35,8,19,62,14452968448.0,営業CF合計マイナス,0.1455015794245354,
7888.T,Sanko Gosei Ltd.,28,20,14,62,27953610752.0,ROE低い/配当性向100%以上/配当性向70%以上2回,0.18923863660705764,
4526.T,"Riken Vitamin Co., Ltd.",15,27,20,62,89257492480.0,2回減配あり,0.14624426532865847,
7781.T,"HIRAYAMA HOLDINGS Co.,Ltd.",35,7,20,62,13533965312.0,,0.27742709945227106,
6016.T,Japan Engine Corporation,15,22,25,62,102196289536.0,現金比率低い/2回減配あり,0.5781317962783035,
9303.T,"The Sumitomo Warehouse Co., Ltd.",13,30,19,62,308207484928.0,2回減配あり,0.1911793234345866,
1852.T,Asanuma Corporation,13,19,30,62,71019200512.0,2回減配あり/配当性向70%以上2回,0.31562853074867714,
4792.T,"YAMADA Consulting Group Co.,Ltd.",15,17,30,62,32897828864.0,2回減配あり,0.12196957708347507,
9072.T,"NIKKON Holdings Co.,Ltd.",15,22,25,62,553060794368.0,現金比率低い/2回減配あり,0.1003891445868225,
6091.T,Wesco Holdings Inc.,40,7,15,62,12313199616.0,,0.10775058275058275,累進
3851.T,"Nippon Ichi Software, Inc.",40,20,2,62,6846510080.0,ROE低い/EPS低い,0.06481481481481481,累進
4208.T,UBE Corporation,15,30,17,62,328834613248.0,2回減配あり,0.1172969460688759,
1814.T,"Daisue Construction Co., Ltd.",15,17,30,62,36239155200.0,2回減配あり,0.35197360139936024,
5451.T,"Yodoko, Ltd.",15,30,17,62,200406106112.0,2回減配あり,0.2649967366033231,
5471.T,"Daido Steel Co., Ltd.",15,30,17,62,497835835392.0,2回減配あり,0.4861594415109679,
2735.T,"Watts Co., Ltd.",37,0,25,62,9730101248.0,,0.07222222222222223,
7180.T,"Kyushu Financial Group, Inc.",40,8,14,62,722638995456.0,ROE低い/自己資本比率低い/営業CF合計マイナス,0.09320987654320988,累進
7636.T,"Handsman Co., Ltd.",40,7,15,62,10897603584.0,,0.04812169312169312,累進
3955.T,"IMURA & Co.,Ltd.",28,20,14,62,8708393984.0,ROE低い/配当性向100%以上/配当性向70%以上2回,0.16243386243386246,
4307.T,"Nomura Research Institute, Ltd.",20,22,20,62,2806666756096.0,ROE低い/現金比率低い/配当性向100%以上,0.12565509204608785,
5391.T,A&A Material Corporation,37,0,25,62,8222608896.0,現金比率低い,0.14312570145903478,
7567.T,Sakae Electronics Corporation,37,12,12,61,3209761280.0,ROE低い,0.1052910052910053,
4046.T,"Osaka Soda Co., Ltd.",15,22,24,61,248836734976.0,現金比率低い/2回減配あり,0.1202356557833866,
5946.T,"Chofu Seisakusho Co., Ltd.",40,9,12,61,67357581312.0,ROE低い,0.04243354942049352,累進
9902.T,NICHIDEN Corporation,15,27,19,61,92788367360.0,2回減配あり,0.12914587037394057,
3433.T,"TOCALO Co.,Ltd.",15,22,24,61,175729999872.0,現金比率低い/2回減配あり,0.18068704266526409,
5816.T,"Onamba Co., Ltd.",35,7,19,61,17634070528.0,,0.23027511646281532,
7867.T,"TOMY Company, Ltd.",1,30,30,61,361287352320.0,2回減配あり/3回以上減配あり,0.35744482439558195,
7244.T,"Ichikoh Industries, Ltd.",35,9,17,61,53930467328.0,,0.2789186122519456,
9991.T,Gecoss Corporation,15,27,19,61,59654811648.0,2回減配あり,0.07766976807674482,
6309.T,"Tomoe Engineering Co., Ltd.",35,1,25,61,57401532416.0,,0.20113373199264992,
7502.T,"Plaza Holdings Co.,Ltd.",37,10,14,61,3384955136.0,ROE低い/自己資本比率低い,0.1052910052910053,
6419.T,Mars Group Holdings Corporation,15,27,19,61,52958482432.0,2回減配あり,0.15297056744425166,
4549.T,"Eiken Chemical Co., Ltd.",15,27,19,61,76051570688.0,2回減配あり,0.13227789102071744,
6360.T,"Tokyo Automatic Machinery Works, Ltd.",37,12,12,61,6862929408.0,ROE低い,0.20925925925925926,
8230.T,"Hasegawa Co., Ltd.",31,20,10,61,5457116160.0,減収傾向/配当性向70%以上2回,0.1580246913580247,
7427.T,"Echo Trading Co., Ltd.",37,7,17,61,5058826240.0,,0.05172502710155453,
1976.T,"MEISEI INDUSTRIAL Co.,Ltd.",15,27,19,61,78538489856.0,2回減配あり,0.24828274049411572,
8035.T,Tokyo Electron Limited,15,22,24,61,28575270961152.0,現金比率低い/2回減配あり,0.30506757442043086,
8002.T,Marubeni Corporation,15,22,24,61,7851407310848.0,現金比率低い/2回減配あり,0.23208016401085318,
1716.T,Dai-Ichi Cutter Kogyo k.k.,37,7,17,61,15253093376.0,,0.2750013923698134,
2432.T,"DeNA Co., Ltd.",15,22,24,61,236506005504.0,2回減配あり,0.32573005698005697,
1420.T,Sanyo Homes Corporation,40,7,14,61,7825465856.0,ROE低い,0.07407407407407407,累進
2685.T,"and ST HD Co.,Ltd.",1,30,30,61,140229705728.0,2回減配あり/3回以上減配あり,0.07959461562402739,
7729.T,"Tokyo Seimitsu Co., Ltd.",15,22,24,61,799211126784.0,現金比率低い/2回減配あり,0.19274851134241874,
6804.T,Hosiden Corporation,15,22,24,61,119783088128.0,2回減配あり,0.4110914394247727,
4182.T,"Mitsubishi Gas Chemical Company, Inc.",37,22,2,61,764488974336.0,ROE低い/現金比率低い/EPS低い,0.1494703920215429,
6517.T,"Denyo Co., Ltd.",15,27,19,61,79848521728.0,2回減配あり,0.1394684249897654,
7965.T,Zojirushi Corporation,35,1,25,61,91242758144.0,,0.07938510291451469,
6870.T,"Fenwal Controls of Japan, Ltd.",35,7,19,61,11943874560.0,,0.04916212005935802,
1968.T,"Taihei Dengyo Kaisha, Ltd.",15,22,24,61,155299872768.0,2回減配あり,0.17427982152777954,
7613.T,SIIX Corporation,40,9,12,61,76787236864.0,ROE低い,0.08334735734655399,累進
6305.T,"Hitachi Construction Machinery Co., Ltd.",15,22,24,61,1170934333440.0,2回減配あり,0.5443646176664392,
3657.T,"Pole To Win Holdings, Inc.",37,20,4,61,12411447296.0,ROE低い/EPS低い,0.08919011462871113,
3640.T,"Densan Co., Ltd.",12,25,24,61,15011844096.0,2回減配あり,-0.0018959435626102318,
3839.T,"ODK Solutions Company, Ltd.",20,20,20,60,5113172480.0,ROE低い,0.0,
7616.T,"Colowide Co.,Ltd.",20,20,20,60,212345815040.0,ROE低い/自己資本比率低い,0.0,
7980.T,"Shigematsu Works Co., Ltd.",15,20,25,60,5973545984.0,2回減配あり,0.06296296296296296,
7236.T,"T.RAD Co., Ltd.",3,27,30,60,84123172864.0,2回減配あり/3回以上減配あり,0.3254223521767382,
3844.T,Comture Corporation,13,27,20,60,41014689792.0,2回減配あり,0.16058995118729877,
8135.T,Zett Corporation,15,20,25,60,8495440384.0,2回減配あり,0.4111111111111111,
1407.T,West Holdings Corporation,37,1,22,60,88043315200.0,,0.14842072452725802,
7844.T,Marvelous Inc.,24,17,19,60,29761388544.0,配当性向100%以上,-0.06632996632996634,
7832.T,BANDAI NAMCO Holdings Inc.,0,30,30,60,3691061182464.0,2回減配あり/3回以上減配あり,0.14818627522790856,
9950.T,"Hachi-Ban Co., Ltd.",28,12,20,60,9819683840.0,ROE低い/現金比率低い/配当性向70%以上2回,-0.037037037037037035,
6074.T,JSS Corporation,15,20,25,60,2028929152.0,2回減配あり,0.1102546529124186,
5463.T,Maruichi Steel Tube Ltd.,15,30,15,60,369793040384.0,減収傾向/2回減配あり,0.07860932089256051,
429A.T,Tekscend Photomask Corp.,0,30,30,60,394939564032.0,無配年あり,,
1946.T,Toenec Corporation,0,30,30,60,200202829824.0,2回減配あり/3回以上減配あり,0.22733246509713537,
6651.T,Nitto Kogyo Corporation,0,30,30,60,167112982528.0,2回減配あり/3回以上減配あり,0.21230575400312376,
3280.T,"STrust Co.,Ltd.",40,0,20,60,5678222848.0,ROE低い/自己資本比率低い/営業CF合計マイナス,0.1590043075550322,累進
3625.T,Techfirm Holdings Inc.,40,0,20,60,5201859584.0,,0.14074074074074072,累進
2288.T,"Marudai Food Co., Ltd.",3,27,30,60,51633938432.0,2回減配あり/3回以上減配あり,0.11574074074074076,
6850.T,Chino Corporation,15,25,20,60,29814097920.0,2回減配あり,0.09598264054785793,
6853.T,"Kyowa Electronic Instruments Co., Ltd.",35,0,25,60,20034138112.0,,0.09405594405594406,
5032.T,ANYCOLOR Inc.,0,30,30,60,185847775232.0,無配年あり,0.23076923076923078,
8595.T,"JAFCO Group Co., Ltd.",28,18,14,60,116930584576.0,ROE低い/配当性向100%以上/配当性向70%以上2回/営業CF合計マイナス,0.18241678555188512,
6237.T,"Iwaki Co., Ltd.",3,27,30,60,90905157632.0,2回減配あり/3回以上減配あり,0.13515835137036503,
7871.T,"Fukuvi Chemical Industry Co.,Ltd.",15,25,20,60,19249213440.0,ROE低い/2回減配あり,0.08931731036994196,
5852.T,Ahresty Corporation,15,25,20,60,16161319936.0,ROE低い/2回減配あり,0.17777777777777778,
9336.T,"Daiei Kankyo Co., Ltd.",0,30,30,60,364048842752.0,無配年あり,0.3366515837104072,
2904.T,"Ichimasa Kamaboko Co., Ltd.",40,0,20,60,13836440576.0,ROE低い/配当性向70%以上2回,0.1029100529100529,累進
7953.T,"Kikusui Chemical Industries Co., Ltd.",28,20,12,60,5078026240.0,ROE低い/配当性向70%以上2回,0.007352941176470588,
2121.T,"MIXI, Inc.",0,30,30,60,243603849216.0,2回減配あり/3回以上減配あり,-0.00043959978754890304,
9706.T,"Japan Airport Terminal Co., Ltd.",0,30,30,60,501714223104.0,2回減配あり/無配年あり/3回以上減配あり,-0.04304305948347061,
4326.T,INTAGE HOLDINGS Inc.,25,9,25,59,75131731968.0,配当性向100%以上,0.1456120185931355,
6999.T,KOA Corporation,15,27,17,59,88498176000.0,2回減配あり,0.4958994708994708,
9476.T,"Chuokeizai-Sha Holdings, Inc.",40,0,19,59,3818162688.0,,0.03333333333333333,累進
4116.T,"Dainichiseika Color & Chemicals Mfg. Co., Ltd.",15,27,17,59,89423011840.0,2回減配あり,0.173977130414156,
9414.T,Nippon BS Broadcasting Corporation,40,7,12,59,17138467840.0,ROE低い,0.06898409086231583,累進
9932.T,"Sugimoto & Co., Ltd.",15,25,19,59,23560699904.0,2回減配あり,0.11891534391534392,
8361.T,"The Ogaki Kyoritsu Bank, Ltd.",32,8,19,59,367079292928.0,自己資本比率低い/配当性向100%以上/営業CF合計マイナス,0.0496031746031746,
7952.T,"Kawai Musical Instruments Manufacturing Co., Ltd.",36,13,10,59,29635334144.0,ROE低い/減収傾向/配当性向70%以上2回/営業CF合計マイナス,0.08403149138443257,
7600.T,"Japan Medical Dynamic Marketing, INC.",20,25,14,59,16207424512.0,ROE低い/配当性向100%以上,0.10758099924766593,
6240.T,Yamashin-Filter Corp.,15,25,19,59,35830915072.0,2回減配あり,0.38069930463547486,
2055.T,"Nichiwa Sangyo Co., Ltd.",37,12,10,59,6302903808.0,ROE低い/減収傾向,0.03148148148148148,
7434.T,Otake Corporation,37,2,20,59,6899490816.0,,0.05787118946539235,
5938.T,LIXIL Corporation,20,25,14,59,485744672768.0,ROE低い/配当性向100%以上,0.04867724867724868,
4248.T,"Takemoto Yohki Co., Ltd.",35,7,17,59,10679291904.0,,0.14268229128814858,
4671.T,"FALCO HOLDINGS Co., Ltd.",15,25,19,59,26745032704.0,2回減配あり,0.153241056683094,
6814.T,"Furuno Electric Co., Ltd.",15,14,30,59,248445353984.0,現金比率低い/2回減配あり,0.44133597883597886,
9119.T,"Iino Kaiun Kaisha, Ltd.",15,22,22,59,177748705280.0,現金比率低い/2回減配あり,0.3180535027026255,
9408.T,"BSN Media Holdings, Inc.",15,25,19,59,15841947648.0,2回減配あり,0.0705026455026455,
3954.T,Showa Paxxs Corporation,15,25,19,59,13521218560.0,2回減配あり,0.034476876838189244,
5187.T,"Create Medic Co., Ltd.",37,2,20,59,9161500672.0,ROE低い,0.029449229449229453,
1969.T,"Takasago Thermal Engineering Co., Ltd.",15,14,30,59,613484920832.0,現金比率低い/2回減配あり,0.2747457394408296,
7932.T,"Nippi,Incorporated",15,25,19,59,31611219968.0,2回減配あり,0.4556758056758057,
8078.T,"Hanwa Co., Ltd.",15,25,19,59,358222430208.0,2回減配あり,0.2544819180249219,
7722.T,"Kokusai Co., Ltd.",12,17,30,59,10119098368.0,2回減配あり,-0.011928811928811924,
9661.T,"Kabuki-Za Co., Ltd.",20,19,20,59,49872334848.0,ROE低い/現金比率低い,0.0,
8046.T,"Marufuji Sheet Piling Co.,Ltd.",15,25,19,59,16724982784.0,2回減配あり,0.04797979797979798,
8154.T,"Kaga Electronics Co.,Ltd.",13,22,24,59,259265134592.0,2回減配あり,0.18733588218714076,
8563.T,"The Daito Bank, Ltd.",37,3,19,59,15714787328.0,自己資本比率低い/営業CF合計マイナス,0.007407407407407408,
4064.T,"Nippon Carbide Industries Co., Inc.",15,25,19,59,35110256640.0,2回減配あり,0.19437321937321936,
3848.T,"Data Applications Company, Limited",25,20,14,59,5421101568.0,配当性向100%以上,0.1327533946628194,
5262.T,Nippon Hume Corporation,15,19,25,59,55983542272.0,2回減配あり,0.1500473988993081,
8416.T,"The Bank Of Kochi, Ltd.",36,3,20,59,12268015616.0,ROE低い/自己資本比率低い/営業CF合計マイナス,0.022500000000000003,
7509.T,I.A Group Corporation,14,20,25,59,6947875328.0,2回減配あり,0.028935185185185182,
4082.T,"Daiichi Kigenso Kagaku Kogyo Co., Ltd.",15,27,17,59,54825758720.0,2回減配あり,0.13373195158092183,
6316.T,"Maruyama Mfg. Co., Inc.",40,0,19,59,10941025280.0,,0.1298220298220298,累進
4113.T,"Taoka Chemical Company, Limited",15,25,19,59,11649172480.0,2回減配あり,0.201987826987827,
8424.T,"Fuyo General Lease Co., Ltd.",37,8,14,59,394541268992.0,ROE低い/自己資本比率低い/営業CF合計マイナス,0.17750037820697112,
9367.T,"Daito Koun Co.,Ltd.",15,25,19,59,17623994368.0,2回減配あり,0.15793010626770218,
9063.T,"Okayamaken Freight Transportation Co., Ltd.",15,20,24,59,8379957760.0,2回減配あり,0.04735449735449736,
8392.T,"The Oita Bank, Ltd.",37,8,14,59,246457139200.0,ROE低い/自己資本比率低い/営業CF合計マイナス,0.09395486264681312,
3252.T,"JINUSHI Co.,Ltd.",35,0,24,59,57144725504.0,営業CF合計マイナス,0.1379266521423384,
4673.T,"Kawasaki Geological Engineering Co., Ltd.",34,0,24,58,4300949504.0,営業CF合計マイナス,0.029629629629629624,
6387.T,SAMCO Inc.,37,1,20,58,73575940096.0,,0.14656084656084656,
7525.T,Rix Corporation,3,25,30,58,28938209280.0,2回減配あり/3回以上減配あり,0.28308692982404504,
4118.T,Kaneka Corporation,3,30,25,58,363230658560.0,2回減配あり/3回以上減配あり,0.058082238974687485,
9539.T,"Keiyo Gas Co., Ltd.",35,9,14,58,43118788608.0,ROE低い,0.08973063614706538,
3031.T,"RACCOON HOLDINGS, Inc.",13,15,30,58,14598183936.0,自己資本比率低い/2回減配あり,0.25967092552089527,
5943.T,Noritz Corporation,40,1,17,58,99451715584.0,,0.10915403053938738,累進
1878.T,"Daito Trust Construction Co.,Ltd.",3,25,30,58,1025079508992.0,2回減配あり/3回以上減配あり,0.06809735980749644,
7752.T,"Ricoh Company, Ltd.",3,30,25,58,931317219328.0,2回減配あり/3回以上減配あり,0.043383781798415955,
6643.T,"Togami Electric Mfg. Co., Ltd.",3,25,30,58,26196316160.0,2回減配あり/3回以上減配あり,0.07496210631989039,
2613.T,"J-Oil Mills, Inc.",37,11,10,58,73515892736.0,ROE低い/現金比率低い/減収傾向,0.07789380859556298,
1972.T,"Sanko Metal Industrial Co., Ltd.",3,25,30,58,25195739136.0,2回減配あり/3回以上減配あり,0.12913980413980414,
9906.T,Fujii Sangyo Holdings Corporation,3,25,30,58,35306156032.0,2回減配あり/3回以上減配あり,0.14816958897147575,
7860.T,Avex Inc.,20,19,19,58,51899817984.0,,0.0,
5333.T,NGK Corporation,3,30,25,58,1566735859712.0,2回減配あり/3回以上減配あり,0.08326635330840544,
4061.T,Denka Company Limited,15,30,12,57,278942253056.0,ROE低い/2回減配あり,0.12993694070072548,
5962.T,"Asaka Industrial Co., Ltd.",15,20,22,57,2080629248.0,2回減配あり,0.08888888888888889,
2329.T,Tohokushinsha Film Corporation,13,27,17,57,67421532160.0,2回減配あり,0.4197272942413789,
8203.T,Mr Max Holdings Ltd.,15,17,25,57,24627320832.0,現金比率低い/2回減配あり,0.14273865491615753,
4689.T,LY Corporation,12,20,25,57,3477082210304.0,自己資本比率低い/2回減配あり,-0.012392546886483453,
5998.T,Advanex Inc.,12,20,25,57,11969970176.0,2回減配あり,0.006349206349206339,
368A.T,Kitazato Corporation,0,27,30,57,56240001024.0,無配年あり,,
5941.T,"Nakanishi Mfg. Co., Ltd.",15,17,25,57,16709155840.0,2回減配あり,0.3054255674610158,
6564.T,"Midac Holdings Co., Ltd.",0,27,30,57,52594331648.0,無配年あり,0.4416666580000004,
9247.T,TRE Holdings Corporation,0,27,30,57,80928899072.0,無配年あり,0.004629629629629632,
2391.T,"Planet, Inc.",40,2,15,57,7666038784.0,,0.015149242623690932,累進
2395.T,"Shin Nippon Biomedical Laboratories, Ltd.",0,27,30,57,55078891520.0,無配年あり,0.9166666666666665,
8133.T,"Itochu Enex Co.,Ltd.",15,22,20,57,255975718912.0,現金比率低い/2回減配あり/減収傾向,0.11611859444255296,
2792.T,"Honeys Holdings Co., Ltd.",13,25,19,57,39419174912.0,2回減配あり,0.16005291005291006,
253A.T,"ETS Group Co.,Ltd",37,0,20,57,6509017600.0,営業CF合計マイナス,0.2043650793650794,
4976.T,"Toyo Drilube Co., Ltd.",40,2,15,57,6422883840.0,,0.15352541364078878,累進
7184.T,"The First Bank Of Toyama, Ltd.",15,12,30,57,221191405568.0,自己資本比率低い/2回減配あり,0.15859788359788357,
7464.T,"Saftec Co.,Ltd.",23,20,14,57,2634198016.0,ROE低い/配当性向100%以上,0.11165624498957832,
6941.T,"Yamaichi Electronics Co.,Ltd.",3,30,24,57,172018499584.0,2回減配あり/3回以上減配あり,0.36413615456265186,
1963.T,JGC Holdings Corporation,3,30,24,57,546002337792.0,2回減配あり/3回以上減配あり,0.104025914459351,
7231.T,"Topy Industries, Limited",15,27,15,57,65816199168.0,減収傾向/2回減配あり,0.2826460952790125,
1802.T,Obayashi Corporation,3,30,24,57,2049890975744.0,2回減配あり/3回以上減配あり,0.21175198134678735,
9962.T,MISUMI Group Inc.,3,30,24,57,1040127229952.0,2回減配あり/3回以上減配あり,0.16834746491978822,
9793.T,"Daiseki Co.,Ltd.",3,30,24,57,167390756864.0,2回減配あり/3回以上減配あり,0.14431444099265964,
9636.T,Kin-Ei Corp.,20,17,20,57,11764870144.0,ROE低い/現金比率低い,0.0,
6058.T,Vector Inc.,0,27,30,57,92636266496.0,無配年あり,0.8792769666490925,
2376.T,Scinex Corporation,17,20,20,57,4301322752.0,ROE低い/配当性向100%以上,0.05555555555555555,
9507.T,"Shikoku Electric Power Company, Incorporated",15,20,22,57,436774109184.0,自己資本比率低い/2回減配あり,0.1917989417989418,
8537.T,"The Taiko Bank, Ltd.",40,3,14,57,32687556608.0,ROE低い/自己資本比率低い/営業CF合計マイナス,0.04141414141414141,累進
9726.T,"KNT-CT Holdings Co., Ltd.",0,27,30,57,55047938048.0,無配年あり,,
9987.T,"Suzuken Co., Ltd.",15,17,25,57,348758310912.0,2回減配あり,0.04992405798883043,
4293.T,"Septeni Holdings Co., Ltd.",30,12,15,57,102745137152.0,配当性向100%以上,0.3633238245130828,
1893.T,"Penta-Ocean Construction Co., Ltd.",15,12,30,57,398060388352.0,自己資本比率低い/2回減配あり,0.2330742112931281,
4188.T,Mitsubishi Chemical Group Corporation,37,20,0,57,1569284554752.0,ROE低い/減収傾向/自己資本比率低い/EPS低い,0.11562821782355831,
6763.T,"Teikoku Tsushin Kogyo Co., Ltd.",13,25,19,57,26380711936.0,2回減配あり/配当性向70%以上2回,0.1936106921401039,
3561.T,"Chikaranomoto Holdings Co., Ltd.",0,27,30,57,41846980608.0,2回減配あり/無配年あり/3回以上減配あり,-0.2727272727272727,
3679.T,"ZIGExN Co., Ltd.",0,27,30,57,42804482048.0,無配年あり,0.3416514041514042,
5631.T,"The Japan Steel Works, Ltd.",15,18,24,57,533678129152.0,2回減配あり/営業CF合計マイナス,0.19506348546161373,
8093.T,"Kyokuto Boeki Kaisha, Ltd.",15,17,25,57,20982278144.0,2回減配あり,0.23763905437388733,
299A.T,"Kurashiru, Inc.",0,27,30,57,51666309120.0,無配年あり,,
5253.T,COVER Corporation,0,27,30,57,96675799040.0,無配年あり,,
5283.T,"Takamisawa Co., Ltd.",40,2,15,57,5195615232.0,,0.1111111111111111,累進
2206.T,"Ezaki Glico Co., Ltd.",31,12,14,57,300378783744.0,ROE低い/配当性向70%以上2回,0.12909100321381023,
9514.T,EF-ON Inc.,40,2,15,57,7256331264.0,,0.08888887688888963,累進
6267.T,"General Packer Co., Ltd.",37,0,20,57,7060080128.0,,0.11103436721414249,
6144.T,"Seibu Electric & Machinery Co., Ltd.",0,27,30,57,41286672384.0,2回減配あり/3回以上減配あり,0.3055144892782047,
8005.T,Scroll Corporation,11,27,19,57,57732931584.0,2回減配あり/配当性向70%以上2回,0.47531139133989847,
7995.T,"Valqua, Ltd.",15,22,20,57,121146048512.0,現金比率低い/2回減配あり/減収傾向,0.12099634112018014,
2492.T,Infomart Corporation,15,12,30,57,191942000640.0,2回減配あり,0.12916202279898215,
9605.T,"Toei Company, Ltd.",3,30,24,57,369922637824.0,2回減配あり/3回以上減配あり,0.10790337999640329,
7297.T,"Car Mate Mfg. Co., Ltd.",34,12,10,56,6129924096.0,ROE低い/減収傾向/配当性向70%以上2回,0.04870931537598204,
9755.T,OYO Corporation,35,1,20,56,62569316352.0,ROE低い,0.18702446475951862,
5940.T,"Fujisash Co.,Ltd.",37,2,17,56,9416857600.0,自己資本比率低い,0.1574074074074074,
4534.T,"Mochida Pharmaceutical Co., Ltd.",15,22,19,56,111901720576.0,2回減配あり,0.04195479982885576,
8919.T,"KATITAS CO., Ltd.",12,14,30,56,273915543552.0,現金比率低い/2回減配あり,-0.07728336335074833,
5801.T,"Furukawa Electric Co., Ltd.",15,17,24,56,2893480984576.0,現金比率低い/2回減配あり,0.18680679342444048,
5901.T,"Toyo Seikan Group Holdings, Ltd.",15,22,19,56,673116258304.0,2回減配あり,0.42670088404838125,
5821.T,Hirakawa Hewtech Corp.,15,27,14,56,50834026496.0,ROE低い/2回減配あり,0.14785287174183231,
6497.T,Hamai Industries Ltd.,35,2,19,56,9799032832.0,,0.0483833039388595,
5905.T,Nihon Seikan k.k.,37,15,4,56,1840562816.0,ROE低い/EPS低い,0.03915343915343915,
7850.T,"Sougou Shouken Co.,Ltd.",35,2,19,56,2390512128.0,,0.07407407407407408,
2462.T,"LIKE, Inc.",1,25,30,56,28957806592.0,2回減配あり/3回以上減配あり,0.14741386826713787,
8151.T,TOYO Corporation,37,0,19,56,39369404416.0,,0.0980954829802439,
3443.T,"Kawada Technologies, Inc.",13,19,24,56,69118607360.0,2回減配あり,0.47427251681521515,
5695.T,"Powdertech Co., Ltd.",30,12,14,56,8149716992.0,ROE低い/現金比率低い/配当性向100%以上,0.09830581355349158,
9074.T,"Japan Oil Transportation Co., Ltd.",12,25,19,56,16989976576.0,2回減配あり,0.011111111111111108,
1860.T,Toda Corporation,15,17,24,56,423040876544.0,2回減配あり,0.1686696905697798,
2226.T,KOIKE-YA Inc.,15,11,30,56,50458591232.0,現金比率低い/2回減配あり,0.125927175488579,
3600.T,FUJIX Ltd.,34,20,2,56,2477667584.0,ROE低い/EPS低い,-0.018412698412698412,
3591.T,Wacoal Holdings Corp.,15,30,10,55,183362125824.0,ROE低い/減収傾向/2回減配あり,0.11463633832054884,
4382.T,"HEROZ, Inc.",0,25,30,55,15225492480.0,無配年あり,,
1723.T,"Nihon Dengi Co., Ltd.",3,22,30,55,138045276160.0,現金比率低い/2回減配あり/3回以上減配あり,0.21118538231765682,
9049.T,"Keifuku Electric Railroad Co.,Ltd.",0,25,30,55,12976141312.0,無配年あり,-0.14285714285714285,
6224.T,"JRC Co.,Ltd.",0,25,30,55,15361567744.0,無配年あり,-0.20588235294117646,
6143.T,"Sodick Co., Ltd.",35,1,19,55,87909326848.0,,0.08022000633111744,
3612.T,"World Co., Ltd.",0,25,30,55,119101865984.0,2回減配あり/無配年あり,0.010253412773598735,
6039.T,"Japan Animal Referral Medical Center Co., Ltd.",0,25,30,55,13105402880.0,無配年あり,0.8500000000000001,
3773.T,"Advanced Media, Inc.",0,25,30,55,16035630080.0,無配年あり,0.3145032051282051,
3979.T,"Uluru.Co.,Ltd.",0,25,30,55,12940854272.0,無配年あり,-0.7142857142857143,
4498.T,"Cybertrust Japan Co., Ltd.",0,25,30,55,18507235328.0,無配年あり,0.15714285714285714,
3915.T,"TerraSky Co.,Ltd.",0,25,30,55,28593162240.0,無配年あり,,
5071.T,"VIS Co., Ltd.",0,25,30,55,11775158272.0,無配年あり,0.3938048552754435,
250A.T,Shimadaya Corporation,0,25,30,55,22330101760.0,無配年あり,,
9201.T,"Japan Airlines Co., Ltd.",0,30,25,55,1298939379712.0,2回減配あり/無配年あり/3回以上減配あり,-0.06761055225344524,
9168.T,"Rise Consulting Group, Inc.",0,25,30,55,10202035200.0,無配年あり,,
9332.T,"NISSO HOLDINGS Co., Ltd",0,25,30,55,22493386752.0,2回減配あり/無配年あり/3回以上減配あり,0.15086973170171722,
4443.T,"Sansan, Inc.",0,25,30,55,256987381760.0,無配年あり,,
9202.T,ANA Holdings Inc.,0,25,30,55,1275722858496.0,無配年あり,-0.07,
7481.T,"Oie Sangyo Co., Ltd.",0,25,30,55,21274447872.0,2回減配あり/無配年あり/3回以上減配あり,0.25469402673350044,
7247.T,Mikuni Corporation,15,20,20,55,12306781184.0,ROE低い/2回減配あり,0.08703703703703704,
2937.T,"St.Cousair Co., Ltd.",0,25,30,55,16088265728.0,無配年あり,0.0,
7134.T,"UP GARAGE GROUP Co., Ltd.",0,25,30,55,11311338496.0,無配年あり,0.2731710321025624,
4577.T,"Daito Pharmaceutical Co.,Ltd.",13,17,25,55,36907327488.0,現金比率低い/2回減配あり,0.12430847228147382,
6197.T,Solasto Corporation,0,25,30,55,101235597312.0,無配年あり,,
4092.T,"Nippon Chemical Industrial Co., Ltd.",3,27,25,55,49966186496.0,2回減配あり/3回以上減配あり,0.1311451761342829,
4714.T,Riso Kyoiku Group Corporation,0,25,30,55,35593035776.0,配当性向100%以上/2回減配あり/3回以上減配あり,0.22673723477511018,
3415.T,"TOKYO BASE Co.,Ltd.",0,25,30,55,15214757888.0,無配年あり,0.625,
3694.T,OPTiM Corporation,0,25,30,55,25723357184.0,無配年あり,,
5076.T,INFRONEER Holdings Inc.,0,25,30,55,696791138304.0,2回減配あり/無配年あり,0.2451923076923077,
2354.T,YE DIGITAL Corporation,0,25,30,55,22407262208.0,無配年あり,0.15122549019607842,
6407.T,CKD Corporation,1,30,24,55,376949473280.0,2回減配あり/3回以上減配あり,0.2501985392406623,
8766.T,"Tokio Marine Holdings, Inc.",15,20,20,55,14767705030656.0,自己資本比率低い/2回減配あり,0.20433403994305502,
7522.T,"Watami Co., Ltd.",0,25,30,55,35051274240.0,2回減配あり/無配年あり/3回以上減配あり,-0.19047619047619047,
6146.T,Disco Corporation,3,22,30,55,6555789426688.0,現金比率低い/2回減配あり/3回以上減配あり,0.19854105998902052,
9060.T,Japan Logistic Systems Corp.,20,15,20,55,5687346176.0,ROE低い,0.0,
5482.T,Aichi Steel Corporation,0,30,25,55,194025340928.0,2回減配あり/3回以上減配あり,0.44719169719169716,
4719.T,Alpha Systems Inc.,3,27,25,55,46257332224.0,2回減配あり/3回以上減配あり,0.21145160529218499,
8217.T,"Okuwa Co., Ltd.",20,25,10,55,31830120448.0,ROE低い/EPS低い,0.0,
8844.T,"Cosmos Initia Co., Ltd.",15,10,30,55,40096989184.0,2回減配あり/営業CF合計マイナス,0.3054743339831059,
6413.T,Riso Kagaku Corporation,9,27,19,55,65198202880.0,2回減配あり/配当性向70%以上2回,0.2722222222222223,
6136.T,OSG Corporation,13,12,30,55,299845713920.0,2回減配あり,0.07920605998311826,
6675.T,"SAXA, Inc.",0,25,30,55,36959731712.0,配当性向100%以上/2回減配あり/無配年あり,0.5039021304229033,
3776.T,"BroadBand Tower, Inc.",34,7,14,55,16567690240.0,ROE低い,0.01851851851851852,
6866.T,Hioki E.E. Corporation,13,12,30,55,149336621056.0,2回減配あり,0.2867564534231201,
7447.T,"Nagaileben Co., Ltd.",29,9,17,55,48076316672.0,配当性向100%以上/配当性向70%以上2回,0.0962962962962963,
366A.T,Wellness Communications Corporation,0,25,30,55,14644495360.0,無配年あり,,
7988.T,Nifco Inc.,3,30,22,55,452379312128.0,2回減配あり/3回以上減配あり,0.046222978457309806,
6539.T,"Matching Service Japan Co., Ltd.",0,25,30,55,24529917952.0,配当性向100%以上/無配年あり,0.37857142857142856,
5192.T,Mitsuboshi Belting Ltd.,0,30,25,55,115979526144.0,2回減配あり/配当性向70%以上2回/3回以上減配あり,0.3733559060444011,
4193.T,"Fabrica Holdings Co., Ltd.",0,25,30,55,10852817920.0,無配年あり,0.3280423280423281,
6184.T,"Kamakura Shinsho, Ltd.",0,25,30,55,25252517888.0,配当性向70%以上2回/無配年あり,0.8833333333333334,
3161.T,AZEARTH Corporation,31,12,12,55,3831312128.0,ROE低い/配当性向70%以上2回,0.11346801346801347,
5199.T,"Fuji Latex Co., Ltd.",25,15,15,55,2490482176.0,減収傾向/配当性向100%以上/配当性向70%以上2回,0.09185185185185185,
3221.T,"Yossix Holdings Co.,Ltd.",0,25,30,55,30882525184.0,2回減配あり/無配年あり,-0.019657097288676244,
5703.T,"Nippon Light Metal Holdings Company, Ltd.",0,30,25,55,177752064000.0,2回減配あり/3回以上減配あり,0.21825137462392366,
5621.T,"Human Technologies, Inc.",0,25,30,55,15138001920.0,無配年あり,0.7083333333333334,
3086.T,"J. Front Retailing Co., Ltd.",13,17,25,55,642033385472.0,現金比率低い/2回減配あり,0.09782480893592006,
8153.T,"Mos Food Services, Inc.",0,30,25,55,117926264832.0,2回減配あり/3回以上減配あり,0.026702962451754728,
7068.T,Feedforce Group Inc.,0,25,30,55,13671600128.0,無配年あり,1.0,
3558.T,"JADE GROUP,Inc",0,25,30,55,19321282560.0,無配年あり,-1.0,
3969.T,ATLED CORP.,0,25,30,55,10422157312.0,無配年あり,0.12166895147546714,
6954.T,Fanuc Corporation,1,30,24,55,5693212983296.0,2回減配あり/3回以上減配あり,0.07446777507820629,
5902.T,Hokkan Limited,13,25,17,55,32189102080.0,2回減配あり,0.15522042744712636,
2689.T,"OLBA DVx HEALTHCARE, Inc.",40,0,15,55,11399598080.0,,0.11988536155202821,累進
4531.T,"Yuki Gosei Kogyo Co., Ltd.",15,20,20,55,7932208128.0,ROE低い/2回減配あり,0.13161375661375663,
7191.T,Entrust Inc.,0,25,30,55,26131691520.0,無配年あり,0.22956059807440624,
7157.T,Lifenet Insurance Company,0,30,25,55,118501974016.0,無配年あり,,
9467.T,"AlphaPolis Co., Ltd.",0,25,30,55,31153577984.0,無配年あり,,
3984.T,"User Local, Inc.",0,25,30,55,24343937024.0,無配年あり,0.5708333333333333,
3397.T,TORIDOLL Holdings Corporation,15,20,20,55,366497071104.0,自己資本比率低い/2回減配あり,0.7989198874733465,
3030.T,"Hub Co., Ltd.",0,25,30,55,11206925312.0,2回減配あり/無配年あり,-0.07924297899354599,
4347.T,Broadmedia Corporation,0,25,30,55,13441841152.0,無配年あり,0.27171717171717175,
1380.T,"Akikawa Foods & Farms Co., Ltd.",20,15,20,55,4169122048.0,ROE低い/配当性向100%以上,0.1388888888888889,
1401.T,Mbs Inc,0,25,30,55,11673322496.0,無配年あり,0.45625,
3922.T,PR TIMES Corporation,0,25,30,55,29555800064.0,無配年あり,,
9273.T,"Koa Shoji Holdings Co.,Ltd.",0,25,30,55,32094300160.0,無配年あり,0.16348103996536673,
2747.T,"Hokuyu Lucky Co.,Ltd.",20,15,19,54,4069806336.0,,0.0,
9302.T,"MITSUI-SOKO HOLDINGS Co., Ltd.",0,30,24,54,241917067264.0,2回減配あり/無配年あり/3回以上減配あり,0.26642898434851053,
3421.T,"Inaba Seisakusho Co., Ltd.",37,7,10,54,25309302784.0,ROE低い,0.07490342907009574,
9739.T,NSW Inc.,15,25,14,54,39200260096.0,2回減配あり,0.1689530742162321,
7014.T,"Namura Shipbuilding Co., Ltd.",0,30,24,54,329295757312.0,2回減配あり/無配年あり/3回以上減配あり,0.10892972573644845,
6379.T,RAIZNEXT Corporation,10,14,30,54,160097386496.0,現金比率低い/配当性向100%以上/2回減配あり,0.17834579960450453,
3248.T,"Early Age Co., Ltd.",35,2,17,54,2827716096.0,,0.06515306676596999,
3687.T,Fixstars Corporation,15,9,30,54,74071367680.0,2回減配あり,0.21488429360282912,
7637.T,"Hakudo Co., Ltd.",3,27,24,54,40716591104.0,2回減配あり/3回以上減配あり,0.08918213398672029,
6135.T,"Makino Milling Machine Co., Ltd.",0,30,24,54,375543496704.0,配当性向100%以上/2回減配あり/3回以上減配あり,0.2763374485596708,
8081.T,Kanaden Corporation,15,19,20,54,58860544000.0,2回減配あり,0.13400098035617455,
2480.T,"System Location Co.,Ltd.",15,20,19,54,6181206528.0,2回減配あり,0.14101151571739806,
5019.T,"Idemitsu Kosan Co.,Ltd.",15,17,22,54,1830880411648.0,2回減配あり,0.17515900947273497,
6480.T,"Nippon Thompson Co., Ltd.",15,22,17,54,131213058048.0,2回減配あり,0.09882375989832129,
3646.T,"Ekitan & Co., Ltd.",32,20,2,54,1626964224.0,ROE低い/EPS低い,-0.011111111111111108,
8025.T,"Tsukamoto Corporation Co., Ltd.",34,8,12,54,5660487680.0,ROE低い/営業CF合計マイナス,0.009259259259259257,
3377.T,BIKE O & COMPANY Ltd.,35,0,19,54,5885190656.0,,0.2794504181600956,
6952.T,"Casio Computer Co.,Ltd.",0,30,24,54,481922416640.0,2回減配あり/3回以上減配あり,0.009838321293429653,
7282.T,"Toyoda Gosei Co., Ltd.",0,30,24,54,611811459072.0,配当性向100%以上/2回減配あり/3回以上減配あり,0.09923450026348908,
9715.T,transcosmos inc.,0,30,24,54,130217656320.0,2回減配あり/3回以上減配あり,0.18330103071155487,
4998.T,Fumakilla Limited,14,20,20,54,18901581824.0,ROE低い/2回減配あり,0.01863506863506864,
3190.T,"HOTMAN Co.,Ltd.",20,20,14,54,4000468480.0,,0.0,
3583.T,AuBEX CORPORATION,15,20,19,54,3714652160.0,2回減配あり,0.0962962962962963,
7919.T,"Nozaki Insatsu Shigyo Co., Ltd.",15,20,19,54,3599796480.0,2回減配あり,0.1574074074074074,
6118.T,"Aida Engineering, Ltd.",15,19,20,54,67105980416.0,ROE低い/2回減配あり,0.04814814814814815,
5729.T,"Nihon Seiko Co., Ltd.",13,17,24,54,16792483840.0,2回減配あり,0.3804843304843305,
7242.T,KYB Corporation,0,30,24,54,187676016640.0,2回減配あり/無配年あり/3回以上減配あり,-0.006297684174809269,
9143.T,"SG Holdings Co.,Ltd.",0,30,24,54,844681969664.0,2回減配あり/無配年あり/3回以上減配あり,0.12922311115588428,
6412.T,Heiwa Holdings Inc.,20,20,14,54,204256362496.0,ROE低い/自己資本比率低い,0.0,
4229.T,"Gun Ei Chemical Industry Co., Ltd.",15,25,14,54,27937345536.0,ROE低い/2回減配あり,0.04335252619566345,
6249.T,"Gamecard Holdings, Inc.",15,25,14,54,38601691136.0,ROE低い/2回減配あり,0.19332010582010584,
5194.T,"Sagami Rubber Industries Co., Ltd.",20,20,14,54,6958695424.0,ROE低い,0.0,
8343.T,"The Akita Bank, Ltd.",32,8,14,54,180024475648.0,自己資本比率低い/配当性向100%以上/営業CF合計マイナス/ROE低い,0.08783068783068783,
6167.T,"Fuji Die Co.,Ltd.",17,25,12,54,19891902464.0,ROE低い/配当性向100%以上,0.07890499194847021,
9401.T,"TBS Holdings,Inc.",3,30,20,53,888729305088.0,ROE低い/2回減配あり/3回以上減配あり,0.13756884519493326,
6073.T,Asante Incorporated,14,25,14,53,13633228800.0,ROE低い/配当性向100%以上,0.0030092921809919218,
9684.T,"Square Enix Holdings Co., Ltd.",1,30,22,53,1041270243328.0,2回減配あり/3回以上減配あり,0.28067850319529525,
6104.T,"Shibaura Machine Co.,Ltd.",17,22,14,53,114569773056.0,ROE低い/配当性向100%以上,0.12292587680518714,
9828.T,Genki Global Dining Concepts Corporation,1,22,30,53,56951971840.0,2回減配あり/3回以上減配あり,0.6368284493284493,
1810.T,"Matsui Construction Co., Ltd.",15,19,19,53,40471101440.0,2回減配あり,0.1921662982366066,
4523.T,"Eisai Co., Ltd.",17,22,14,53,1364046643200.0,ROE低い/配当性向100%以上,0.007407407407407408,
4929.T,"Adjuvant Holdings Co.,Ltd.",29,12,12,53,5888290816.0,ROE低い/配当性向100%以上,-0.05555555555555555,
3710.T,"Jorudan Co.,Ltd.",34,2,17,53,3269559040.0,,-0.059829059829059825,
9307.T,"Sugimura Warehouse Co., Ltd.",3,25,25,53,16204689408.0,2回減配あり/3回以上減配あり,0.08047714812420696,
2681.T,"2nd RETAILING Co., Ltd.",12,22,19,53,91342848000.0,2回減配あり,0.010799338892645179,
4246.T,DaikyoNishikawa Corporation,2,27,24,53,68388118528.0,2回減配あり/3回以上減配あり,0.0274034793128721,
3627.T,Tecmira Holdings Inc.,37,12,4,53,3282918144.0,ROE低い/EPS低い,0.2222222222222222,
9083.T,"Shinki Bus Co.,Ltd.",3,25,25,53,23836188672.0,2回減配あり/3回以上減配あり,0.19315221815221814,
7874.T,"LEC, Inc.",3,25,25,53,31440928768.0,2回減配あり/3回以上減配あり,0.1256604044142201,
2819.T,"EBARA Foods Industry,Inc.",3,25,25,53,24113856512.0,2回減配あり/3回以上減配あり,0.08544322640385969,
3708.T,"Tokushu Tokai Paper Co., Ltd.",0,27,25,52,73108496384.0,2回減配あり/3回以上減配あり,0.14842320411556922,
7446.T,"Tohoku Chemical Co., Ltd.",35,0,17,52,3909940736.0,,0.06282493673798022,
8558.T,"The Towa Bank, Ltd.",37,5,10,52,54288769024.0,ROE低い/EPS低い/自己資本比率低い/営業CF合計マイナス,0.09537037037037037,
1975.T,"Asahi Kogyosha Co., Ltd.",3,19,30,52,99621380096.0,2回減配あり/3回以上減配あり,0.30379146710416066,
7462.T,CAPITA Inc.,37,3,12,52,3091418624.0,営業CF合計マイナス,0.5185185185185186,
9110.T,"NS United Kaiun Kaisha, Ltd.",0,30,22,52,247673274368.0,2回減配あり/3回以上減配あり,0.4544112820011035,
6544.T,"Japan Elevator Service Holdings Co.,Ltd.",0,22,30,52,262961725440.0,現金比率低い/無配年あり,0.6458290239172593,
8142.T,"Toho Co., Ltd.",0,22,30,52,44785610752.0,2回減配あり/無配年あり,0.3314393847107443,
7538.T,"Daisui Co.,Ltd.",15,12,25,52,4704277504.0,2回減配あり,0.03148148148148148,
8381.T,"The San-in Godo Bank,Ltd.",15,12,25,52,385965096960.0,自己資本比率低い/2回減配あり,0.18710379938450114,
4028.T,"Ishihara Sangyo Kaisha,Ltd.",0,22,30,52,108825247744.0,無配年あり,0.6238095238095237,
6752.T,Panasonic Holdings Corporation,13,22,17,52,10623908839424.0,現金比率低い/2回減配あり,0.08973951973951975,
9535.T,"HIROSHIMA GAS Co.,Ltd.",15,25,12,52,28868941824.0,ROE低い/2回減配あり,0.05856637676813116,
9835.T,"Juntendo Co.,Ltd.",37,15,0,52,4144080128.0,ROE低い/減収傾向/EPS低い,0.05555555555555555,
3395.T,"Saint Marc Holdings Co., Ltd.",0,27,25,52,53208121344.0,2回減配あり/3回以上減配あり,-0.019258507419944573,
3374.T,Naigai Tec Corporation,15,17,20,52,17632798720.0,減収傾向/2回減配あり,0.38585681287247053,
1788.T,Santo Corporation,37,0,15,52,2588898816.0,,0.11631393298059962,
7366.T,LITALICO Inc.,0,22,30,52,66407141376.0,無配年あり,0.2185897435897436,
8227.T,"SHIMAMURA Co., Ltd.",15,12,25,52,677521391616.0,2回減配あり,0.09675559403377641,
8914.T,"Arealink Co., Ltd.",13,9,30,52,43101642752.0,2回減配あり,0.13830509914952588,
9075.T,"Fukuyama Transporting Co., Ltd.",3,30,19,52,206402764800.0,2回減配あり/3回以上減配あり,0.07547341547341545,
2612.T,Kadoya Sesame Mills Incorporated,0,27,25,52,79081955328.0,2回減配あり/3回以上減配あり,0.12555430740158557,
5805.T,SWCC Corporation,0,22,30,52,407981621248.0,現金比率低い/無配年あり,0.7939491586108129,
2216.T,Kanro Inc.,13,9,30,52,43341836288.0,2回減配あり,0.3227966837313064,
8871.T,"GOLDCREST Co.,Ltd.",15,18,19,52,102197796864.0,2回減配あり/営業CF合計マイナス,0.13190545721834834,
6103.T,Okuma Corporation,3,30,19,52,281497305088.0,2回減配あり/3回以上減配あり,0.24180014071877354,
5208.T,"Arisawa Mfg. Co., Ltd.",1,27,24,52,92822437888.0,2回減配あり/配当性向70%以上2回/3回以上減配あり,0.23330826096982474,
1871.T,"PS Construction Co., Ltd.",15,7,30,52,98929491968.0,現金比率低い/2回減配あり/営業CF合計マイナス,0.37111392135201654,
5122.T,"Okamoto Industries, Inc.",3,30,19,52,105667551232.0,2回減配あり/3回以上減配あり,0.12519756931521636,
8118.T,"KING Co., Ltd.",15,25,12,52,18812485632.0,ROE低い/2回減配あり,0.10798758249738641,
1812.T,Kajima Corporation,15,17,20,52,2281463611392.0,2回減配あり,0.16171094049307802,
9361.T,"Fushiki Kairiku Unso Co.,Ltd.",35,2,15,52,5191894016.0,,0.09206349206349208,
7162.T,"ASTMAX Co., Ltd.",15,7,30,52,3833729280.0,2回減配あり,0.1889129389129389,
4626.T,"Taiyo Holdings Co., Ltd.",0,22,30,52,537243811840.0,現金比率低い/2回減配あり/無配年あり/3回以上減配あり,0.056485828884040794,
4641.T,Altech Corporation,13,9,30,52,51463077888.0,2回減配あり,0.11174343407410516,
2294.T,"Kakiyasu Honten Co., Ltd.",17,25,10,52,23765594112.0,ROE低い/減収傾向/配当性向100%以上,0.08235776569109902,
6069.T,"Trenders, Inc.",31,7,14,52,5152331776.0,ROE低い/配当性向100%以上/配当性向70%以上2回,0.2897685647685647,
9020.T,East Japan Railway Company,15,12,25,52,3755282006016.0,現金比率低い/自己資本比率低い/2回減配あり,0.07411653807394598,
9045.T,"Keihan Holdings Co., Ltd.",15,17,20,52,315919237120.0,現金比率低い/2回減配あり,0.06904761904761905,
6027.T,"Bengo4.com,Inc.",0,22,30,52,117954699264.0,現金比率低い/無配年あり,,
6787.T,"Meiko Electronics Co., Ltd.",0,22,30,52,649111142400.0,現金比率低い/無配年あり,0.3404757279757279,
2146.T,"UT Group Co.,Ltd.",0,30,22,52,136640192512.0,配当性向100%以上/2回減配あり/無配年あり/3回以上減配あり,-0.5944469975322025,
2156.T,Saylor Advertising.Inc.,36,12,4,52,1400003584.0,ROE低い/EPS低い,0.027777777777777776,
7217.T,"Tein, Inc.",13,20,19,52,4454333952.0,2回減配あり,0.1419576451270163,
8291.T,"Nissan Tokyo Sales Holdings Co., Ltd.",15,25,12,52,32466018304.0,ROE低い/2回減配あり,0.2960374583181601,
5288.T,Asia Pile Holdings Corporation,3,27,22,52,54809718784.0,2回減配あり/3回以上減配あり,0.18941886148893491,
6532.T,"Baycurrent, Inc.",0,22,30,52,1121047150592.0,現金比率低い/無配年あり,0.5729133642871115,
4886.T,"ASKA Pharmaceutical Holdings Co.,Ltd.",0,27,25,52,58350362624.0,無配年あり,0.7273809523809524,
9278.T,Bookoff Group Holdings Limited,0,22,30,52,53535137792.0,無配年あり,0.33055555555555555,
4373.T,"Simplex Holdings, Inc.",0,22,30,52,250048086016.0,現金比率低い/無配年あり,0.319144237405107,
7931.T,"Mirai Industry Co.,Ltd.",0,27,25,52,58586456064.0,無配年あり,0.2742003367003367,
2678.T,ASKUL Corporation,35,12,4,51,111111159808.0,ROE低い/EPS低い/自己資本比率低い,0.04074557013153504,
2654.T,Asmo Corporation,20,12,19,51,5372327936.0,,0.0,
5445.T,"Tokyo Tekko Co., Ltd.",0,27,24,51,50059317248.0,2回減配あり/3回以上減配あり,0.9741238127665911,
2415.T,"Human Holdings Co., Ltd.",1,20,30,51,16729274368.0,2回減配あり/3回以上減配あり,0.23966505934766413,
3391.T,Tsuruha Holdings Inc.,1,30,20,51,949680734208.0,2回減配あり/3回以上減配あり,0.0981084157068904,
5921.T,"Kawagishi Bridge Works Co., Ltd.",37,0,14,51,11973553152.0,ROE低い,0.10629629629629629,
7565.T,Mansei Corporation,15,17,19,51,11804255232.0,2回減配あり,0.18446295008161137,
4801.T,"Central Sports Co., Ltd.",1,25,25,51,26153431040.0,2回減配あり/3回以上減配あり,0.0732776013738166,
1822.T,Daiho Corporation,15,19,17,51,68936679424.0,2回減配あり,0.7352698572773719,
3002.T,Gunze Limited,17,22,12,51,128200867840.0,ROE低い/現金比率低い/配当性向100%以上,0.24525077195275713,
8609.T,Okasan Securities Group Inc.,15,12,24,51,249188663296.0,自己資本比率低い/2回減配あり,0.06666666666666665,
6257.T,"Fujishoji Co.,Ltd.",32,17,2,51,20924551168.0,ROE低い/EPS低い,0.014814814814814817,
4623.T,Asahipen Corporation,14,20,17,51,6313659904.0,2回減配あり,0.028991841491841492,
2204.T,"Nakamuraya Co., Ltd.",12,25,14,51,17601103872.0,2回減配あり,-0.01732973382589751,
8624.T,"Ichiyoshi Securities Co., Ltd.",0,27,24,51,53643599872.0,2回減配あり/3回以上減配あり,0.04178745165434014,
2207.T,"Meito Co., Ltd.",15,11,25,51,54498648064.0,現金比率低い/2回減配あり,0.09639953667731445,
3131.T,Shinden Hightex Corporation,15,12,24,51,15212910592.0,2回減配あり,0.3600103600103599,
4231.T,Tigers Polymer Corporation,1,25,25,51,19518814208.0,2回減配あり/3回以上減配あり,0.3443858379839224,
9831.T,"Yamada Holdings Co., Ltd.",15,22,14,51,473994461184.0,ROE低い/現金比率低い/2回減配あり,0.04472934472934473,
6203.T,"Howa Machinery, Ltd.",20,17,14,51,31149314048.0,ROE低い,0.0,
7521.T,"Musashi Co., Ltd.",15,17,19,51,18541588480.0,2回減配あり,0.1077659767610748,
8061.T,Seika Corporation,15,12,24,51,104209137664.0,自己資本比率低い/2回減配あり,0.26227049668425434,
2768.T,Sojitz Corporation,15,12,24,51,1166593753088.0,自己資本比率低い/2回減配あり,0.21450664065606595,
5290.T,Vertex Corporation,0,27,24,51,59687886848.0,無配年あり,0.191468249018566,
6904.T,"Harada Industry Co., Ltd.",14,20,17,51,19015587840.0,2回減配あり,0.027777777777777776,
6137.T,"Koike Sanso Kogyo Co.,Ltd.",1,25,25,51,31897638912.0,2回減配あり/3回以上減配あり,0.22354497354497355,
6566.T,"Kaname Kogyo Co.,Ltd.",0,25,25,50,20156561408.0,2回減配あり/無配年あり,0.12618084631237717,
6572.T,"OPEN Group, Inc.",0,25,25,50,14654867456.0,無配年あり,,
9346.T,"Cocorport, Inc.",0,20,30,50,6869971968.0,無配年あり,,
4274.T,"Hosoya Pyro-Engineering Co., Ltd.",13,12,25,50,4426718720.0,2回減配あり,0.12936507936507935,
3181.T,"Kaitori Okoku Co., Ltd.",0,20,30,50,3876953344.0,無配年あり,0.1503968253968254,
3178.T,"Chimney Co., Ltd.",0,25,25,50,22032496640.0,2回減配あり/無配年あり/3回以上減配あり,-0.17142857142857143,
303A.T,visumo Inc.,0,20,30,50,1259129856.0,無配年あり,,
9857.T,Eiwa Corporation,3,17,30,50,16732815360.0,2回減配あり/3回以上減配あり,0.21135161005850658,
1808.T,HASEKO Corporation,3,17,30,50,701604954112.0,2回減配あり/3回以上減配あり,0.2896293702666252,
9982.T,"Takihyo Co., Ltd.",14,17,19,50,23252011008.0,2回減配あり,0.027777777777777783,
5888.T,"Daiwa Cycle Co.,Ltd.",0,20,30,50,7663174144.0,無配年あり,0.3469387755102041,
4262.T,"NIFTY Lifestyle Co., Ltd.",0,20,30,50,8867480576.0,無配年あり,0.9015444015444016,
6570.T,Kyowa Corporation,0,20,30,50,24431515648.0,2回減配あり/無配年あり,-5.42322192034642e-05,
2109.T,"Mitsui DM Sugar Co.,Ltd.",0,30,20,50,119954677760.0,ROE低い/配当性向100%以上/2回減配あり/3回以上減配あり,0.15642861790204785,
4496.T,Commerce One Holdings Inc.,0,20,30,50,5145374208.0,2回減配あり/無配年あり,-0.1349206349206349,
7927.T,Muto Seiko Co.,0,25,25,50,16399472640.0,2回減配あり/無配年あり/3回以上減配あり,0.45502915977976965,
6496.T,"Nakakita Seisakusho Co., Ltd.",12,13,25,50,20071985152.0,2回減配あり/営業CF合計マイナス,0.022426201249730666,
6549.T,"DM Solutions Co.,Ltd",0,20,30,50,6183887360.0,無配年あり,2.1666666666666665,
6819.T,"Izu Shaboten Resort Co.,Ltd",0,20,30,50,8733809664.0,無配年あり,0.5,
7094.T,NexTone Inc.,0,20,30,50,17778397184.0,無配年あり,,
7087.T,"WILLTEC Co.,Ltd.",0,20,30,50,8617274368.0,2回減配あり/無配年あり,0.1,
7596.T,"Uoriki Co., Ltd.",0,25,25,50,31306584064.0,2回減配あり/3回以上減配あり,0.03695040069309075,
7610.T,"Tay Two Co., Ltd.",0,20,30,50,8544010240.0,無配年あり,0.3333333333333333,
8225.T,"Takachiho Co.,Ltd.",0,20,30,50,2584054016.0,2回減配あり/無配年あり,-0.16,
8283.T,Paltac Corporation,0,30,20,50,401983012864.0,無配年あり,,
7562.T,"Anrakutei Co., Ltd.",0,20,30,50,17248886784.0,無配年あり,,
4380.T,M - mart Inc.,0,20,30,50,6875851776.0,無配年あり,0.37025641025641026,
7374.T,Interworks Confidence Inc.,0,20,30,50,9377195008.0,無配年あり,0.06069182389937106,
4887.T,"Sawai Group Holdings Co., Ltd.",0,30,20,50,185527664640.0,無配年あり,0.30821676606386694,
2268.T,"B-R 31 Ice Cream Co.,Ltd.",13,7,30,50,39073320960.0,2回減配あり,0.12222222222222223,
9220.T,"FB Care Service Co.,Ltd.",0,20,30,50,3214007296.0,無配年あり,0.5128205128205129,
7367.T,"CELM,Inc.",0,20,30,50,7026845184.0,無配年あり,0.30793650793650795,
4386.T,"SIG Group Co., Ltd.",0,20,30,50,5102115328.0,2回減配あり/無配年あり,0.081132228719948,
4442.T,"Valtes Holdings Co.,Ltd.",0,20,30,50,8198149632.0,無配年あり,0.0,
9685.T,"KYCOM Holdings Co., Ltd.",0,20,30,50,2951155712.0,無配年あり,0.5,
4437.T,"gooddays holdings, Inc.",0,20,30,50,5449459712.0,無配年あり,0.26666666666666666,
4432.T,WingArc1st Inc.,0,30,20,50,116040515584.0,無配年あり,0.5658177454988057,
7187.T,"J-Lease Co.,Ltd.",0,20,30,50,23500699648.0,無配年あり,0.24018140589569165,
3321.T,"Mitachi Co., Ltd.",13,13,24,50,15296606208.0,2回減配あり/営業CF合計マイナス,0.19175084175084176,
3284.T,"Hoosiers Holdings Co., Ltd.",15,5,30,50,49981833216.0,自己資本比率低い/2回減配あり/営業CF合計マイナス,0.17873551150784936,
330A.T,TalentX Inc.,0,20,30,50,3026657536.0,無配年あり,,
9434.T,SoftBank Corp.,0,20,30,50,11518359896064.0,自己資本比率低い/配当性向70%以上2回/無配年あり,0.012432992202729039,
7544.T,"Three F Co.,Ltd.",0,20,30,50,4234068480.0,無配年あり,0.3527777777777778,
4041.T,"Nippon Soda Co., Ltd.",3,30,17,50,199137099776.0,2回減配あり/3回以上減配あり,0.26701776471258315,
2579.T,Coca-Cola Bottlers Japan Holdings Inc.,13,12,25,50,632858738688.0,2回減配あり,0.0872178719102427,
4031.T,Katakura & Co-op Agri Corporation,34,12,4,50,9482935296.0,ROE低い/EPS低い,-0.02879142300194932,
2488.T,"JTP Co.,Ltd.",0,20,30,50,7567785984.0,2回減配あり/3回以上減配あり,0.1839606146957985,
5244.T,"jig.jp Co., Ltd.",0,20,30,50,7388529152.0,無配年あり,0.13306890554422493,
3562.T,"No.1 Co.,Ltd",0,20,30,50,10397615104.0,無配年あり,0.18324723666361617,
9424.T,Japan Communications Inc.,0,20,30,50,20123908096.0,無配年あり,,
4430.T,"Tokai Soft Co., Ltd.",0,20,30,50,8322824704.0,無配年あり,0.31309101654846333,
5698.T,Envipro Holdings Inc.,3,25,22,50,20438597632.0,2回減配あり/3回以上減配あり,0.24386087768440706,
5576.T,O.B.System Inc.,0,20,30,50,7035638784.0,無配年あり,0.8958333333333334,
5575.T,Globee Inc.,0,20,30,50,5829394432.0,無配年あり,,
5599.T,S&J Corporation,0,20,30,50,6161751552.0,無配年あり,,
6543.T,Nissen Inc.,0,20,30,50,4666298368.0,無配年あり,0.11503518411413147,
6538.T,Disruptors Inc.,0,20,30,50,4990096384.0,無配年あり,0.1,
4076.T,"CNS Co.,Ltd",0,20,30,50,5823547904.0,無配年あり,0.20972222222222223,
7687.T,"MICREED Co.,Ltd.",0,20,30,50,3009458688.0,2回減配あり/無配年あり,-0.2968442656698371,
9602.T,"Toho Co., Ltd.",3,22,25,50,1303926800384.0,現金比率低い/2回減配あり/3回以上減配あり,0.17574048758259284,
8848.T,Leopalace21 Corporation,0,20,30,50,324097867776.0,自己資本比率低い/2回減配あり/無配年あり,-0.2709090909090909,
2130.T,"Members Co., Ltd.",0,20,30,50,9869892608.0,無配年あり,0.20673732854704657,
4705.T,CLIP Corporation,34,12,4,50,2813308928.0,ROE低い/EPS低い,-0.008333333333333335,
324A.T,"Booking Resort Co., Ltd.",0,20,30,50,3931144704.0,無配年あり,,
6471.T,NSK Ltd.,0,30,20,50,539965718528.0,ROE低い/2回減配あり/配当性向70%以上2回/3回以上減配あり,0.016897634885439758,
4491.T,"Computer Management Co., Ltd.",0,20,30,50,6153884160.0,無配年あり,0.21666666666666665,
5838.T,"Rakuten Bank, Ltd.",0,20,30,50,1106396708864.0,自己資本比率低い/無配年あり,,
9341.T,"GENOVA, Inc.",0,25,25,50,10732241920.0,配当性向100%以上/無配年あり,,
2915.T,"KENKO Mayonnaise Co.,Ltd.",0,25,25,50,28651493376.0,2回減配あり/3回以上減配あり,0.09850581181901277,
9325.T,PHYZ Holdings Inc.,0,20,30,50,11299658752.0,2回減配あり/無配年あり,0.704945054945055,
6195.T,"Hope, Inc.",0,20,30,50,2717812736.0,無配年あり,-1.0,
274A.T,"Garden Co., Ltd.",0,25,25,50,15991708672.0,配当性向100%以上/無配年あり,,
8945.T,SUNNEXTA GROUP Inc.,35,0,15,50,10233565184.0,,0.11810939856907404,
6044.T,Sanki Service Corporation,3,17,30,50,12195591168.0,2回減配あり/3回以上減配あり,0.09899930986887509,
339A.T,"Progress Technologies Group, Inc.",0,20,30,50,7191439360.0,無配年あり,,
3842.T,"Nextgen,Inc.",0,20,30,50,4240017664.0,2回減配あり/無配年あり,-0.16666666666666666,
2373.T,Care Twentyone Corporation,23,2,25,50,5977926656.0,配当性向100%以上,0.06861772362005754,
9913.T,Nippo Ltd.,0,25,25,50,33547100160.0,無配年あり,0.7742073242073243,
4335.T,"IPS Holdings Co., Ltd.",40,0,10,50,2459573248.0,EPS低い,0.41693121693121693,累進
4270.T,BeeX Inc.,0,20,30,50,4224555776.0,無配年あり,,
3917.T,"iRidge, Inc.",0,20,30,50,3898933760.0,無配年あり,,
3935.T,"Edia Co., Ltd.",0,20,30,50,4198474752.0,無配年あり,0.4,
3010.T,"Polaris Holdings Co., Ltd.",0,19,30,49,44443455488.0,無配年あり,,
9708.T,"Imperial Hotel, Ltd.",0,30,19,49,111228289024.0,2回減配あり/3回以上減配あり,0.19904684095860567,
5889.T,"Japan Eyewear Holdings Co., Ltd.",0,19,30,49,54501367808.0,現金比率低い/無配年あり,1.0975609756097562,
9629.T,PCA Corporation,0,25,24,49,31080495104.0,配当性向100%以上/2回減配あり,0.559591729115685,
5985.T,Suncall Corporation,0,27,22,49,75122368512.0,2回減配あり/3回以上減配あり,-0.09988185953098233,
3962.T,"CHANGE Holdings,Inc.",0,19,30,49,70547218432.0,無配年あり,0.7366230936819173,
3382.T,"Seven & i Holdings Co., Ltd.",15,17,17,49,4532984086528.0,現金比率低い/2回減配あり,0.04638664153270539,
9503.T,"The Kansai Electric Power Company, Incorporated",0,25,24,49,2977873526784.0,無配年あり,0.05337752525252526,
7119.T,"halmek holdings Co.,Ltd.",0,25,24,49,21035661312.0,無配年あり,,
7264.T,Muro Corporation,15,20,14,49,8156694528.0,ROE低い/2回減配あり,0.07251727671517777,
1961.T,"Sanki Engineering Co., Ltd.",5,14,30,49,405871591424.0,現金比率低い/配当性向100%以上/2回減配あり,0.27042751723117175,
3816.T,"Daiwa Computer Co., Ltd.",37,2,10,49,4324477440.0,ROE低い,0.059156186060663224,
4125.T,Sanwayuka Industry Corporation,0,25,24,49,15812348928.0,無配年あり,0.1287037037037037,
6231.T,"KIMURA KOHKI Co.,Ltd.",0,19,30,49,43001004032.0,現金比率低い/無配年あり,0.4366666666666667,
4109.T,Stella Chemifa Corporation,3,27,19,49,65430315008.0,2回減配あり/3回以上減配あり,0.20961690447257209,
6226.T,"Moriya Transportation Engineering and Manufacturing Co.,Ltd.",0,19,30,49,78782398464.0,現金比率低い/無配年あり,0.43333333333333335,
8200.T,"Ringer Hut Co.,Ltd.",0,19,30,49,59525382144.0,現金比率低い/2回減配あり/無配年あり/3回以上減配あり,-0.0633578431372549,
4417.T,Global Security Experts Inc.,0,19,30,49,82909560832.0,現金比率低い/無配年あり,1.12221392481061,
6526.T,Socionext Inc.,0,30,19,49,384058490880.0,配当性向100%以上/無配年あり,-0.11538461538461539,
6507.T,"Sinfonia Technology Co.,Ltd.",3,22,24,49,390787170304.0,現金比率低い/2回減配あり/3回以上減配あり,0.3206349206349206,
4389.T,"Property Data Bank, Inc.",0,25,24,49,11883518976.0,無配年あり,0.10675241140420999,
4413.T,"baudroie,inc.",0,19,30,49,92556312576.0,現金比率低い/無配年あり,,
6584.T,"Sanoh Industrial Co., Ltd.",15,20,14,49,27930679296.0,ROE低い/2回減配あり,0.06296107331821617,
7278.T,EXEDY Corporation,0,30,19,49,206170947584.0,配当性向100%以上/2回減配あり/3回以上減配あり,0.21190926663062887,
300A.T,"MIC Co., Ltd.",0,25,24,49,20365150208.0,無配年あり,,
2790.T,"NAFCO Co., Ltd.",20,19,10,49,49411178496.0,ROE低い/減収傾向/配当性向100%以上,0.049991742923199474,
332A.T,MEEQ Inc.,0,25,24,49,13182058496.0,無配年あり,,
7554.T,Kourakuen Corporation,0,25,24,49,22207934464.0,2回減配あり/無配年あり/3回以上減配あり,-0.18333333333333332,
3447.T,"Shinwa Co., Ltd.",0,25,24,49,13084319744.0,2回減配あり/無配年あり,-0.0074212742616912575,
1826.T,"Sata Construction Co., Ltd.",13,17,19,49,12840164352.0,2回減配あり/配当性向70%以上2回,0.2688916022249356,
6098.T,"Recruit Holdings Co., Ltd.",3,22,24,49,23270510297088.0,現金比率低い/2回減配あり/3回以上減配あり,0.0824938889670796,
9107.T,"Kawasaki Kisen Kaisha, Ltd.",0,30,19,49,1935855583232.0,2回減配あり/無配年あり,-0.20416665479166626,
6703.T,"Oki Electric Industry Co., Ltd.",3,22,24,49,236295602176.0,2回減配あり/3回以上減配あり,0.09259259259259259,
287A.T,"Kuroda Group Co., Ltd.",0,27,22,49,49666478080.0,配当性向100%以上/無配年あり,,
6408.T,"Ogura Clutch Co.,Ltd.",12,20,17,49,6349950976.0,2回減配あり,-0.05185185185185185,
9073.T,"Kyogoku unyu shoji Co., Ltd.",15,20,14,49,3665243648.0,ROE低い/2回減配あり,0.10899470899470899,
2910.T,"Rock Field Co.,Ltd.",12,25,12,49,36204752896.0,ROE低い/配当性向100%以上,0.00560606060606061,
6460.T,Sega Sammy Holdings Inc.,15,30,4,49,683515052032.0,ROE低い/EPS低い/2回減配あり,0.056722727690469626,
8628.T,"Matsui Securities Co., Ltd.",11,8,30,49,291339730944.0,自己資本比率低い/2回減配あり/配当性向70%以上2回/営業CF合計マイナス,0.03370604470348716,
6485.T,"Maezawa Kyuso Industries Co.,Ltd.",13,17,19,49,33728903168.0,2回減配あり,0.15550109910575027,
4544.T,"H.U. Group Holdings, Inc.",0,30,19,49,192887570432.0,配当性向100%以上/2回減配あり,0.021919851089487585,
9322.T,"Kawanishi Warehouse Co.,Ltd.",10,25,14,49,18244775936.0,ROE低い/配当性向100%以上/2回減配あり,0.11935712556627588,
296A.T,"Reiwa Accounting Holdings Co., Ltd.",0,19,30,49,42976047104.0,現金比率低い/配当性向70%以上2回/無配年あり,,
7740.T,"Tamron Co.,Ltd.",13,12,24,49,219445493760.0,2回減配あり,0.2422858633475563,
7261.T,Mazda Motor Corporation,0,30,19,49,698168573952.0,2回減配あり/配当性向70%以上2回/無配年あり/配当性向100%以上/3回以上減配あり,-0.11190476190476191,
5406.T,"Kobe Steel, Ltd.",0,30,19,49,793476464640.0,2回減配あり/無配年あり,0.06613756613756615,
5939.T,"Otani Kogyo Co.,Ltd.",20,12,17,49,3638205440.0,,0.0,
3937.T,"Ubicom Holdings, Inc.",0,25,24,49,14038713344.0,無配年あり,0.5277796277796277,
7472.T,"TOBA, INC.",15,17,17,49,14852946944.0,2回減配あり,0.0610981610981611,
8917.T,"First Juken Co., Ltd.",35,0,14,49,14984929280.0,ROE低い,0.008333333333333333,
3692.T,"FFRI Security, Inc.",0,19,30,49,60033142784.0,現金比率低い/無配年あり,0.4,
4365.T,"Matsumoto Yushi-Seiyaku Co., Ltd.",3,27,19,49,68176789504.0,2回減配あり/3回以上減配あり,0.04708994708994709,
6035.T,"IR Japan Holdings, Ltd.",0,25,24,49,13340295168.0,配当性向100%以上/2回減配あり/3回以上減配あり,0.143492559618353,
3673.T,"Broadleaf Co., Ltd.",15,9,25,49,85338636288.0,2回減配あり,0.22210606612229328,
5355.T,"Nippon Crucible Co., Ltd.",3,20,25,48,4419154432.0,2回減配あり/3回以上減配あり,0.14894179894179893,
3951.T,"Asahi Printing Co.,Ltd.",3,25,20,48,18334609408.0,ROE低い/2回減配あり/3回以上減配あり,0.059754690569422224,
7003.T,"MITSUI E&S Co., Ltd.",0,18,30,48,427286298624.0,2回減配あり/無配年あり/営業CF合計マイナス,1.0833333333333335,
8399.T,"Bank of The Ryukyus, Limited",15,8,25,48,134091005952.0,自己資本比率低い/2回減配あり/営業CF合計マイナス,0.03933862433862434,
4224.T,Lonseal Corporation,3,20,25,48,9888854016.0,2回減配あり/3回以上減配あり,0.09418667752001082,
9362.T,"Hyoki Kaiun Kaisha, Ltd.",13,20,15,48,4495661056.0,減収傾向/2回減配あり,0.14778335191378666,
8544.T,"The Keiyo Bank, Ltd.",15,8,25,48,339269550080.0,自己資本比率低い/2回減配あり/営業CF合計マイナス,0.07041041967833496,
4927.T,Pola Orbis Holdings Inc.,19,12,17,48,302494187520.0,配当性向100%以上,0.022218331777155313,
8282.T,K's Holdings Corporation,15,14,19,48,270779580416.0,現金比率低い/2回減配あり,0.11512345679012347,
4218.T,"Nichiban Co., Ltd.",3,25,20,48,38162096128.0,ROE低い/2回減配あり/3回以上減配あり,0.07129481954043355,
3641.T,"Papyless Co., Ltd.",40,8,0,48,7726912512.0,ROE低い/減収傾向/営業CF合計マイナス/EPS低い,0.1851851851851852,累進
4629.T,"Daishin Chemical Co.,Ltd.",14,17,17,48,11177157632.0,2回減配あり,0.020997920997921,
2004.T,"Showa Sangyo Co., Ltd.",15,14,19,48,121213214720.0,現金比率低い/2回減配あり,0.0644349477682811,
5820.T,"Mitsuboshi Co., Ltd.",3,20,25,48,3684119808.0,2回減配あり/3回以上減配あり,0.05343305005077524,
8747.T,"Yutaka Trusty Securities Co., Ltd.",3,15,30,48,12828246016.0,自己資本比率低い/2回減配あり/3回以上減配あり,0.3694995714864461,
8714.T,"Senshu Ikeda Holdings, Inc.",15,8,25,48,314642628608.0,自己資本比率低い/2回減配あり/営業CF合計マイナス,0.05381593714927049,
9036.T,"Tohbu Network Co., Ltd.",14,20,14,48,6680278016.0,ROE低い/2回減配あり,0.018518518518518514,
8737.T,Akatsuki Corp.,15,3,30,48,17736935424.0,自己資本比率低い/2回減配あり/営業CF合計マイナス,0.12410840805644953,
4662.T,Focus Systems Corporation,3,25,20,48,23759835136.0,2回減配あり/3回以上減配あり,0.16187014070937242,
9979.T,Daisyo Corporation,15,7,25,47,21027043328.0,2回減配あり,0.08730158730158728,
1662.T,"Japan Petroleum Exploration Co., Ltd.",0,30,17,47,445950787584.0,2回減配あり/3回以上減配あり,0.5000094108789761,
6958.T,CMK Corporation,0,27,20,47,56891678720.0,ROE低い/2回減配あり/無配年あり/3回以上減配あり,0.011283519664766904,
8011.T,Sanyo Shokai Ltd.,0,25,22,47,38642630656.0,2回減配あり/無配年あり,-0.02499997568181685,
8023.T,"DAIKO XTECH, Ltd.",0,25,22,47,12831375360.0,無配年あり,0.43813628899835794,
8051.T,Yamazen Corporation,3,25,19,47,174840676352.0,2回減配あり/3回以上減配あり,0.1319904315231986,
2573.T,"Hokkaido Coca-Cola Bottling Co.,Ltd.",18,9,20,47,56333103104.0,ROE低い,0.0,
9104.T,"Mitsui O.S.K. Lines, Ltd.",0,22,25,47,2423552999424.0,現金比率低い/2回減配あり/3回以上減配あり,1.2343706884076127,
9193.T,"Tokyo Kisen Co.,Ltd.",3,20,24,47,8689121280.0,2回減配あり/3回以上減配あり,0.2001469723691946,
4431.T,"Smaregi, Inc.",0,27,20,47,66165985280.0,無配年あり,,
4483.T,JMDC Inc.,0,22,25,47,243447922688.0,無配年あり,0.16984126984126982,
5592.T,"Kusurinomadoguchi, Inc.",0,17,30,47,28425553920.0,無配年あり,,
1885.T,TOA Corporation,0,17,30,47,164172922880.0,無配年あり,0.43993055555555555,
7735.T,"SCREEN Holdings Co., Ltd.",1,22,24,47,2947879272448.0,現金比率低い/2回減配あり/3回以上減配あり,0.6187911596293387,
7716.T,Nakanishi Inc.,15,12,20,47,242313478144.0,ROE低い/配当性向100%以上,0.12244936272986766,
7130.T,"Yamae Group Holdings Co.,Ltd.",0,17,30,47,75736997888.0,自己資本比率低い/無配年あり,0.20555555555555557,
3046.T,JINS HOLDINGS Inc.,15,12,20,47,132368482304.0,2回減配あり,0.2913825023826039,
3542.T,"Vega Corporation Co.,Ltd.",0,25,22,47,16575557632.0,無配年あり,0.025,
1820.T,"Nishimatsu Construction Co., Ltd.",3,20,24,47,210807390208.0,自己資本比率低い/2回減配あり/3回以上減配あり,0.17453970522031434,
2296.T,Itoham Yonekyu Holdings Inc.,0,22,25,47,276375273472.0,現金比率低い/無配年あり,0.20780563479572434,
7599.T,IDOM Inc.,0,17,30,47,116472389632.0,2回減配あり/3回以上減配あり,0.25177632309784664,
4114.T,"Nippon Shokubai Co., Ltd.",0,30,17,47,377418907648.0,配当性向100%以上/2回減配あり/3回以上減配あり,0.1635679927355194,
9446.T,"SAKAI Holdings CO.,LTD",15,2,30,47,5097461760.0,2回減配あり,0.031916264090177136,
4902.T,"Konica Minolta, Inc.",0,30,17,47,333178634240.0,2回減配あり/無配年あり/3回以上減配あり,-0.125,
3238.T,"Central General Development Co., Ltd.",28,0,19,47,3701242880.0,自己資本比率低い/配当性向100%以上/配当性向70%以上2回/営業CF合計マイナス,0.17160493827160492,
8616.T,"Tokai Tokyo Financial Holdings, Inc.",3,20,24,47,225642971136.0,自己資本比率低い/2回減配あり/3回以上減配あり,0.18530666864000198,
6395.T,Tadano Ltd.,13,4,30,47,170267885568.0,2回減配あり,0.08660123718603253,
6346.T,"Kikukawa Enterprise, Inc.",13,20,14,47,6672984576.0,ROE低い/2回減配あり,0.16322187359009066,
2183.T,"Linical Co., Ltd.",40,7,0,47,4562459136.0,ROE低い/減収傾向/EPS低い,0.05507455507455507,累進
9405.T,Asahi Broadcasting Group Holdings Corporation,2,25,20,47,33918939136.0,ROE低い/2回減配あり/3回以上減配あり,0.024044679600235166,
4538.T,"Fuso Pharmaceutical Industries,Ltd.",14,8,25,47,18831126528.0,2回減配あり/営業CF合計マイナス,0.015793650793650794,
3106.T,Kurabo Industries Ltd.,10,22,15,47,187118698496.0,現金比率低い/配当性向100%以上/2回減配あり/減収傾向,0.2773809523809524,
7480.T,Suzuden Corporation,0,27,20,47,48946593792.0,2回減配あり/配当性向70%以上2回/減収傾向/配当性向100%以上/3回以上減配あり,0.20713075779126336,
7974.T,"Nintendo Co., Ltd.",3,30,14,47,9153813676032.0,2回減配あり/3回以上減配あり,0.5247921829578154,
4665.T,"Duskin Co., Ltd.",0,22,25,47,219292745728.0,現金比率低い/2回減配あり/3回以上減配あり,0.15392055264324145,
6430.T,"Daikoku Denki Co., Ltd.",3,25,19,47,34672689152.0,2回減配あり/3回以上減配あり,0.14518598685265352,
8898.T,Century21 Real Estate of Japan Ltd,0,17,30,47,11626560512.0,現金比率低い/2回減配あり/3回以上減配あり,0.01994909074741007,
6463.T,"TPR Co., Ltd.",3,27,17,47,97043513344.0,2回減配あり/3回以上減配あり,0.09521578362307512,
7500.T,"Nishikawa Keisoku Co., Ltd.",15,7,25,47,37003882496.0,2回減配あり,0.2566431510875955,
7266.T,"Imasen Electric Industrial Co., Ltd.",15,17,15,47,20710283264.0,減収傾向/2回減配あり,0.0430543939997345,
3877.T,"Chuetsu Pulp & Paper Co., Ltd.",3,25,19,47,27492950016.0,2回減配あり/3回以上減配あり,0.15615125615125613,
5885.T,"GDEP ADVANCE,Inc.",0,17,30,47,17125934080.0,無配年あり,0.373134328358209,
9633.T,"Tokyo Theatres Company, Incorporated",0,17,30,47,12295168000.0,無配年あり,-0.125,
9221.T,Fuluhashi EPO Corporation,0,17,30,47,13389905920.0,現金比率低い/無配年あり,0.6127865961199294,
4570.T,"Immuno-Biological Laboratories Co., Ltd.",0,17,30,47,10924686336.0,現金比率低い/無配年あり,,
9142.T,Kyushu Railway Company,0,22,25,47,524573507584.0,現金比率低い/2回減配あり/無配年あり,0.12565955499347448,
7326.T,"SBI Insurance Group Co., Ltd.",0,17,30,47,53115629568.0,自己資本比率低い/無配年あり,0.538888888888889,
9837.T,"Morito Co., Ltd.",13,9,25,47,45343469568.0,2回減配あり,0.213639221163731,
7283.T,"Aisan Industry Co., Ltd.",3,30,14,47,126236524544.0,EPS低い/2回減配あり/3回以上減配あり,0.16221981125408122,
4343.T,"AEON Fantasy Co.,LTD.",0,17,30,47,53509693440.0,自己資本比率低い/2回減配あり/無配年あり/3回以上減配あり,-0.16527777777777777,
5942.T,"Nippon Filcon Co., Ltd.",35,7,4,46,14028134400.0,ROE低い/EPS低い,0.09743881308208795,
8524.T,"North Pacific Bank,Ltd.",13,8,25,46,510669815808.0,自己資本比率低い/2回減配あり/営業CF合計マイナス,0.19177133655394524,
3293.T,"AZUMA HOUSE Co., Ltd.",14,20,12,46,6069825024.0,ROE低い/2回減配あり,0.020502645502645498,
5702.T,"Daiki Aluminium Industry Co., Ltd.",13,19,14,46,69805490176.0,2回減配あり/配当性向70%以上2回,0.24356021863268243,
4552.T,"JCR Pharmaceuticals Co., Ltd.",17,15,14,46,61252448256.0,ROE低い/配当性向100%以上/営業CF合計マイナス,0.18353909465020576,
5013.T,Yushiro Inc.,0,27,19,46,40365740032.0,2回減配あり/3回以上減配あり,0.18560187074058965,
8138.T,Sankyo Kasei Corporation,15,12,19,46,3713003264.0,2回減配あり,0.04471618231422154,
6794.T,"Foster Electric Company, Limited",0,27,19,46,73357385728.0,2回減配あり/3回以上減配あり,0.19828042328042328,
3103.T,Unitika Ltd.,0,22,24,46,91035426816.0,無配年あり,,
4249.T,"Moriroku Company, Ltd.",0,27,19,46,40551407616.0,2回減配あり/無配年あり/3回以上減配あり,-0.004964557623112496,
1436.T,GreenEnergy & Company Inc.,12,4,30,46,24450932736.0,現金比率低い/2回減配あり,-0.08569087828211512,
9632.T,"Subaru Enterprise Co., Ltd.",0,27,19,46,62844633088.0,2回減配あり/3回以上減配あり,0.19815006480904643,
8622.T,"Mito Securities Co., Ltd.",3,19,24,46,54030069760.0,2回減配あり/3回以上減配あり,0.3757631532817469,
3059.T,"Hiraki Co.,Ltd.",34,12,0,46,3450991616.0,ROE低い/減収傾向/EPS低い,0.0010101010101010105,
5803.T,Fujikura Ltd.,0,22,24,46,8887800430592.0,現金比率低い/2回減配あり/無配年あり,0.2927903247789609,
6779.T,"Nihon Dempa Kogyo Co., Ltd.",0,27,19,46,82547195904.0,2回減配あり/無配年あり,-0.11111111111111112,
5909.T,Corona Corporation,14,17,14,45,27256180736.0,ROE低い/配当性向70%以上2回,0.0,
3372.T,"KANMONKAI Co., Ltd.",0,20,25,45,2945231872.0,無配年あり,,
5989.T,"H-One Co.,Ltd.",1,22,22,45,40144531456.0,2回減配あり/3回以上減配あり,0.25449088922773133,
7731.T,Nikon Corporation,13,30,2,45,645656870912.0,ROE低い/EPS低い/2回減配あり,0.2530648363981698,
3484.T,"Innovation Holdings CO.,LTD.",0,15,30,45,21097228288.0,自己資本比率低い/無配年あり,0.3360544217687074,
6383.T,"Daifuku Co., Ltd.",13,12,20,45,2168566054912.0,2回減配あり,0.29793781939848407,
8706.T,"Kyokuto Securities Co., Ltd.",0,15,30,45,56287485952.0,2回減配あり/配当性向70%以上2回/営業CF合計マイナス/3回以上減配あり,0.1938407271740605,
3156.T,Restar Corporation,3,12,30,45,172924026880.0,自己資本比率低い/2回減配あり/3回以上減配あり,0.11666023961849732,
5033.T,Nulab Inc.,0,20,25,45,7841355264.0,無配年あり,,
2789.T,"Karula Co.,LTD.",0,20,25,45,2772655360.0,無配年あり,-0.16666666666666666,
3559.T,p-ban.com Corp.,0,20,25,45,2125800320.0,無配年あり,0.12142857142857143,
4044.T,"Central Glass Co., Ltd.",3,30,12,45,113303019520.0,2回減配あり/3回以上減配あり,0.21247485565328877,
4042.T,Tosoh Corporation,11,22,12,45,814370521088.0,2回減配あり/配当性向70%以上2回,0.18532678279350998,
7621.T,"Ukai Co.,Ltd.",0,25,20,45,18362675200.0,ROE低い/2回減配あり/無配年あり,-0.11204481792717089,
6230.T,Sanei Ltd.,0,20,25,45,9892729856.0,無配年あり,0.08635727939213306,
7678.T,"Asakuma Co.,Ltd",0,25,20,45,19969259520.0,2回減配あり/無配年あり,-0.75,
7679.T,"YAKUODO HOLDINGS Co., Ltd.",0,20,25,45,31393898496.0,無配年あり,0.04950450998277085,
7114.T,"Foodison, Inc.",0,20,25,45,3582911232.0,無配年あり,,
4922.T,KOSE Holdings Corporation,13,12,20,45,310935715840.0,ROE低い/2回減配あり,0.048138827067885956,
3075.T,"Choushimaru Co., Ltd.",0,25,20,45,21210212352.0,無配年あり,0.0,
6092.T,"EnBio Holdings, Inc",0,20,25,45,6339841536.0,無配年あり,0.041666666666666664,
523A.T,"SEIWA HOLDINGS Co., Ltd.",0,25,20,45,37507629056.0,無配年あり,,
8086.T,Nipro Corporation,0,20,25,45,220260843520.0,自己資本比率低い/2回減配あり/3回以上減配あり,0.15831531539416843,
8136.T,"Sanrio Company, Ltd.",3,22,20,45,1444610572288.0,現金比率低い/2回減配あり/3回以上減配あり,0.38387340157640903,
2469.T,Hibino Corporation,3,12,30,45,26096695296.0,2回減配あり/3回以上減配あり,0.13244471577804912,
5697.T,"Sanyu Co., Ltd.",0,20,25,45,4920165888.0,2回減配あり/3回以上減配あり,0.6480062213614846,
7075.T,"QLS Holdings Co., Ltd",0,15,30,45,7515823616.0,無配年あり,-0.5,
2411.T,Gendai Agency Inc.,3,20,22,45,5008019968.0,2回減配あり/3回以上減配あり,0.24048424049800035,
2477.T,"Temairazu, Inc.",13,7,25,45,18878939136.0,2回減配あり,0.42127440106367314,
2708.T,"Kuze Co., Ltd.",0,15,30,45,8697399296.0,2回減配あり/無配年あり,0.14285714285714285,
6209.T,NPR-Riken Corporation,0,30,15,45,105332932608.0,無配年あり,0.17391304347826086,
7686.T,"HitoMile Co., Ltd.",0,15,30,45,12767152128.0,自己資本比率低い/2回減配あり/無配年あり,0.1674001180414681,
7695.T,"Koukandekirukun, Inc.",0,15,30,45,6670147584.0,無配年あり,,
5252.T,"Nihon Knowledge Co,Ltd.",0,20,25,45,4035202816.0,無配年あり,0.16666670000000003,
372A.T,Rent Corporation,0,15,30,45,21969678336.0,自己資本比率低い/無配年あり,,
6358.T,"Sakai Heavy Industries, Ltd.",3,25,17,45,18059030528.0,2回減配あり/3回以上減配あり,0.16956046956046955,
2831.T,Hagoromo Foods Corporation,3,17,25,45,34489704448.0,2回減配あり/3回以上減配あり,0.0775641840107249,
6545.T,internet infinity Inc.,0,15,30,45,4148419072.0,無配年あり,1.4,
3159.T,"Maruzen CHI Holdings Co.,Ltd.",0,20,25,45,34981826560.0,無配年あり,0.07142857142857142,
4488.T,AI inside Inc.,0,20,25,45,8445878784.0,無配年あり,,
6555.T,"MS&Consulting Co., Ltd.",0,20,25,45,1894415360.0,2回減配あり/無配年あり,-0.26095238095238094,
4539.T,"Nippon Chemiphar Co., Ltd.",28,3,14,45,5679992832.0,ROE低い/配当性向70%以上2回/営業CF合計マイナス,-0.05555555555555555,
2139.T,"Chuco Co., Ltd.",0,15,30,45,3474812160.0,2回減配あり/無配年あり,0.028030303030303037,
4569.T,"KYORIN Pharmaceutical Co., Ltd.",4,27,14,45,63076032512.0,ROE低い/2回減配あり/配当性向70%以上2回,0.004241720266061034,
9048.T,"Nagoya Railroad Co., Ltd.",0,25,20,45,362154557440.0,ROE低い/無配年あり,0.059375,
9044.T,"NANKAI Co., Ltd.",3,17,25,45,326330220544.0,現金比率低い/2回減配あり/3回以上減配あり,0.07592592592592594,
4661.T,"Oriental Land Co., Ltd.",3,22,20,45,4725663072256.0,現金比率低い/2回減配あり/3回以上減配あり,0.11152444875849131,
9041.T,"Kintetsu Group Holdings Co.,Ltd.",0,20,25,45,636996943872.0,自己資本比率低い/2回減配あり/無配年あり,0.029166666666666667,
8999.T,Grandy House Corporation,20,8,17,45,16382662656.0,配当性向100%以上/営業CF合計マイナス,0.11916072387086879,
7245.T,"Daido Metal Co., Ltd.",3,22,20,45,57257922560.0,2回減配あり/3回以上減配あり,0.36804232804232806,
4256.T,"CYND Co., Ltd.",0,20,25,45,7327645696.0,無配年あり,,
297A.T,"Alpico Holdings Co., Ltd.",0,15,30,45,14494020608.0,自己資本比率低い/無配年あり,,
9166.T,GENDA Inc.,0,20,25,45,118423896064.0,自己資本比率低い/無配年あり,,
4337.T,PIA Corporation,0,15,30,45,38443954176.0,自己資本比率低い/2回減配あり/無配年あり/3回以上減配あり,-0.26796558704453444,
4346.T,Nexyz. Group Corporation,15,0,30,45,12396483584.0,2回減配あり,0.13487654320987652,
7318.T,"Serendip Holdings Co.,Ltd.",0,15,30,45,23805274112.0,自己資本比率低い/無配年あり,,
3772.T,"Wealth Management, Inc.",40,3,2,45,20405948416.0,ROE低い/EPS低い/自己資本比率低い/営業CF合計マイナス,0.3115124412338035,累進
9256.T,"Succeed co.,ltd.",0,20,25,45,3463020288.0,無配年あり,0.14285714285714285,
9033.T,"Hiroshima Electric Railway Co.,Ltd.",0,25,20,45,18932361216.0,ROE低い/2回減配あり/無配年あり,-0.12380952380952381,
9701.T,"Tokyo Kaikan Co., Ltd.",0,25,20,45,15010491392.0,ROE低い/無配年あり,-0.07142857142857142,
7273.T,"ikuyo Co.,Ltd.",0,25,20,45,17761560576.0,ROE低い/2回減配あり/無配年あり,0.16493055555555555,
9816.T,Striders Corporation,0,20,25,45,2286935040.0,無配年あり,0.13333333333333333,
4023.T,Kureha Corporation,15,30,0,45,154030850048.0,ROE低い/減収傾向/2回減配あり/EPS低い,0.19804028873333196,
3943.T,"Ohishi Sangyo Co., Ltd.",0,25,20,45,10290362368.0,ROE低い/無配年あり,0.28715796019900497,
3024.T,Create Corporation,0,15,30,45,4688235520.0,2回減配あり/無配年あり/3回以上減配あり,-0.05319940476190477,
7064.T,"Howtelevision, Inc.",0,20,25,45,2777269760.0,無配年あり,,
7046.T,TDSE Inc.,0,20,25,45,2746223360.0,無配年あり,0.0,
7059.T,"COPRO-HOLDINGS. Co., Ltd.",0,15,30,45,37136031744.0,自己資本比率低い/無配年あり,0.31309407438439696,
6994.T,Shizuki Electric Company Inc.,3,17,25,45,33790973952.0,2回減配あり/3回以上減配あり,0.17081274561924717,
1375.T,"Yukiguni Factory Co., Ltd.",0,14,30,44,46224191488.0,現金比率低い/2回減配あり/無配年あり,0.40710622710622707,
147A.T,"Soracom, Inc.",0,19,25,44,44734189568.0,無配年あり,,
1811.T,The Zenitaka Corporation,15,15,14,44,54355996672.0,ROE低い/2回減配あり/営業CF合計マイナス,0.12037037037037036,
7863.T,"Hiraga Co.,Ltd.",0,20,24,44,2728346624.0,2回減配あり/無配年あり,0.05208333333333332,
8920.T,"Tosho Co., Ltd.",3,17,24,44,23499681792.0,2回減配あり/3回以上減配あり,0.0869797600060758,
6473.T,JTEKT Corporation,0,30,14,44,688551755776.0,ROE低い/配当性向100%以上/2回減配あり,0.08298260381593715,
8729.T,Sony Financial Group Inc.,0,20,24,44,1027733848064.0,自己資本比率低い/配当性向100%以上/無配年あり,,
416A.T,"Fuji United Holdings Company,Ltd.",0,20,24,44,8724574208.0,2回減配あり/配当性向70%以上2回/3回以上減配あり,0.7589598997493734,
4202.T,Daicel Corporation,0,30,14,44,367042985984.0,ROE低い/配当性向100%以上/2回減配あり,0.1034150580719208,
4631.T,DIC Corporation,10,12,22,44,469172617216.0,2回減配あり,0.010185185185185183,
9159.T,W TOKYO Inc.,0,20,24,44,4968544768.0,無配年あり,,
6472.T,NTN Corporation,0,25,19,44,227458121728.0,2回減配あり/無配年あり,0.24727891156462584,
3132.T,"Macnica Holdings, Inc.",3,17,24,44,749786300416.0,現金比率低い/2回減配あり/3回以上減配あり,0.2187934753571952,
8613.T,"Marusan Securities Co., Ltd.",0,19,25,44,82821840896.0,2回減配あり/配当性向70%以上2回/3回以上減配あり,0.1537508103346158,
4222.T,"Kodama Chemical Industry Co.,Ltd.",0,25,19,44,10166243328.0,無配年あり,,
5440.T,Kyoei Steel Ltd.,0,27,17,44,83049938944.0,2回減配あり/3回以上減配あり,0.17625661375661378,
5401.T,Nippon Steel Corporation,0,25,19,44,3397091065856.0,配当性向100%以上/2回減配あり/無配年あり/3回以上減配あり,0.4822916666666666,
6718.T,"Aiphone Co.,Ltd.",11,19,14,44,45385228288.0,ROE低い/2回減配あり/配当性向70%以上2回,0.20001981432303562,
6724.T,Seiko Epson Corporation,0,30,14,44,1051643871232.0,ROE低い/配当性向100%以上/2回減配あり,0.026767716552662787,
2705.T,"OOTOYA Holdings Co., Ltd.",0,14,30,44,61114826752.0,現金比率低い/2回減配あり/無配年あり,0.004761904761904761,
5356.T,"Mino Ceramic Co., Ltd.",0,25,19,44,13042027520.0,無配年あり,0.17647058823529413,
7226.T,"Kyokuto Kaihatsu Kogyo Co.,Ltd.",0,19,25,44,83789955072.0,配当性向100%以上/2回減配あり,0.24063826122999485,
5659.T,"Nippon Seisen Co.,Ltd.",0,27,17,44,42936520704.0,2回減配あり/3回以上減配あり,0.23083377081282666,
6090.T,"Human Metabolome Technologies, Inc.",0,20,24,44,3323343872.0,無配年あり,0.25,
6138.T,"Dijet Industrial Co., Ltd.",0,20,24,44,6177613312.0,2回減配あり/無配年あり/3回以上減配あり,-0.12351190476190475,
7220.T,"Musashi Seimitsu Industry Co., Ltd.",0,30,14,44,200882765824.0,ROE低い/配当性向100%以上/2回減配あり,0.23281327814821065,
6113.T,"Amada Co., Ltd.",0,30,14,44,801576779776.0,2回減配あり/3回以上減配あり,0.0571654978517938,
2585.T,"Lifedrink Company, Inc.",0,14,30,44,69012611072.0,現金比率低い/無配年あり,0.23188298188298187,
9509.T,"Hokkaido Electric Power Company, Incorporated",15,12,17,44,227733340160.0,自己資本比率低い/2回減配あり,0.5185185185185186,
1909.T,Nippon Dry-Chemical Co Ltd,0,20,24,44,22200.0,無配年あり,,
5949.T,Unipres Corporation,15,27,2,44,58327891968.0,ROE低い/EPS低い/2回減配あり,0.24189514189514189,
1720.T,"Tokyu Construction Co., Ltd.",3,17,24,44,127634112512.0,2回減配あり/3回以上減配あり,0.08464980174190084,
6810.T,"Maxell, Ltd.",0,27,17,44,95949783040.0,2回減配あり/無配年あり,0.06328914141414141,
4960.T,"Chemipro Kasei Kaisha, Ltd.",15,7,22,44,8991059968.0,2回減配あり,0.07354497354497355,
4334.T,"YUKE'S Co.,Ltd.",15,12,17,44,3199037696.0,配当性向100%以上,0.0,
4366.T,Daito Chemix Corporation,0,25,19,44,16103024640.0,2回減配あり/無配年あり/3回以上減配あり,0.018079824712616772,
5025.T,MERCURY Inc.,0,20,24,44,1542912640.0,無配年あり,,
8244.T,"Kintetsu Department Store Co., Ltd.",0,14,30,44,75295047680.0,現金比率低い/無配年あり,0.0,
8219.T,"Aoyama Trading Co., Ltd.",0,30,14,44,103201792000.0,配当性向100%以上/2回減配あり/無配年あり,0.6632767706468972,
7079.T,"WDB coco Co., Ltd.",0,20,24,44,6305522176.0,無配年あり,0.21864077338252375,
7807.T,"Kowa Co.,Ltd.",0,20,24,44,3636058880.0,2回減配あり/無配年あり/3回以上減配あり,-0.03683093568456175,
7916.T,"Mitsumura Printing Co., Ltd.",20,12,12,44,5755876864.0,ROE低い,0.0,
7875.T,"Takeda iP Holdings Co.,Ltd.",0,25,19,44,14489978880.0,2回減配あり/無配年あり,0.14829656558979867,
2117.T,"WELLNEO SUGAR Co., Ltd.",0,19,25,44,92584632320.0,2回減配あり/3回以上減配あり,0.0289593622978825,
7908.T,"Kimoto Co., Ltd.",13,17,14,44,10610814976.0,ROE低い/2回減配あり,0.07116402116402115,
6366.T,Chiyoda Corporation,0,20,24,44,175467216896.0,自己資本比率低い/2回減配あり/無配年あり,-0.2875,
6356.T,"Nippon Gear Co., Ltd.",0,25,19,44,19661191168.0,2回減配あり/3回以上減配あり,0.0675485008818342,
8338.T,"Tsukuba Bank, Ltd.",20,5,19,44,66093096960.0,自己資本比率低い/営業CF合計マイナス,0.0,
9064.T,"Yamato Holdings Co., Ltd.",0,30,14,44,626861277184.0,ROE低い/配当性向100%以上/2回減配あり,0.06834913214585014,
3246.T,"KOSE R.E. Co.,Ltd.",15,12,17,44,7058915328.0,2回減配あり,0.18234654234654235,
5210.T,"Nihon Yamamura Glass Co., Ltd.",0,25,19,44,28873828352.0,2回減配あり/無配年あり/3回以上減配あり,-0.05793650793650792,
2796.T,Pharmarise Holdings Corporation,14,10,20,44,5843282944.0,自己資本比率低い/配当性向100%以上,0.014285714285714284,
4228.T,"Sekisui Kasei Co., Ltd.",0,25,19,44,28179296256.0,2回減配あり/無配年あり/3回以上減配あり,-0.15037000037000037,
7272.T,"Yamaha Motor Co., Ltd.",13,12,19,44,1750711795712.0,2回減配あり,0.11712962169052236,
3539.T,"JM Holdings Co.,Ltd.",15,9,20,44,74806042624.0,2回減配あり,0.24761904761904763,
4398.T,"BroadBand Security, Inc.",0,20,24,44,6603291648.0,無配年あり,-0.06666666666666667,
9272.T,"Boutiques, Inc.",0,25,19,44,15017167872.0,無配年あり,,
5016.T,JX Advanced Metals Corporation,0,22,22,44,3221409234944.0,現金比率低い/無配年あり,,
6962.T,Daishinku Corp.,17,12,14,43,28146477056.0,配当性向100%以上,0.3692877492877493,
9856.T,"Ku Holdings Co.,Ltd.",1,17,25,43,37721182208.0,2回減配あり/3回以上減配あり,0.11645600910306791,
7463.T,"Advan Group Co., Ltd.",14,7,22,43,32103096320.0,2回減配あり,0.025128692642304256,
8572.T,"Acom Co., Ltd.",0,18,25,43,717509165056.0,無配年あり/営業CF合計マイナス,0.36834276834276825,
9761.T,"Tokai Lease Co.,Ltd.",3,20,20,43,8337236480.0,ROE低い/2回減配あり/3回以上減配あり,0.4130952380952381,
2499.T,"Nihonwasou Holdings, Inc.",31,0,12,43,2766882560.0,ROE低い/配当性向70%以上2回,0.17937987937987934,
9082.T,"Daiwa Motor Transportation Co., Ltd.",3,20,20,43,13184205824.0,ROE低い/2回減配あり/3回以上減配あり,0.08333333333333333,
8614.T,"Toyo Securities Co., Ltd.",0,19,24,43,47948713984.0,2回減配あり/配当性向70%以上2回/3回以上減配あり,0.9290598290598291,
8150.T,"Sanshin Electronics Co., Ltd.",0,19,24,43,41380048896.0,2回減配あり/3回以上減配あり,0.22760235415300498,
4022.T,"Rasa Industries, Ltd.",0,19,24,43,81638211584.0,現金比率低い/無配年あり,0.33645574083291857,
3501.T,"SUMINOE Co., Ltd.",13,20,10,43,15534870528.0,ROE低い/EPS低い/2回減配あり,0.08784992784992786,
6856.T,"HORIBA, Ltd.",1,12,30,43,1060834181120.0,2回減配あり/3回以上減配あり,0.25388221306795633,
5480.T,"Nippon Yakin Kogyo Co., Ltd.",1,27,15,43,73147817984.0,減収傾向/2回減配あり/3回以上減配あり,0.4805689747718735,
4767.T,"TOW Co.,Ltd.",13,0,30,43,16420400128.0,2回減配あり,0.03719171560695649,
8869.T,Meiwa Estate Company Limited,15,3,25,43,18805043200.0,自己資本比率低い/2回減配あり/営業CF合計マイナス,0.11199294532627865,
9986.T,"ZAOH Company, Ltd.",0,25,17,42,13589741568.0,2回減配あり/配当性向70%以上2回/3回以上減配あり,0.08615223941830608,
3697.T,SHIFT Inc.,0,12,30,42,220229353472.0,無配年あり,,
5981.T,"Tokyo Rope Mfg. Co., Ltd.",0,25,17,42,29020989440.0,無配年あり,0.13973214285714286,
3038.T,"Kobe Bussan Co., Ltd.",0,12,30,42,667694858240.0,無配年あり,0.22881402011836796,
9508.T,KYUDEN Holdings Inc.,0,20,22,42,991888539648.0,自己資本比率低い/2回減配あり/無配年あり/3回以上減配あり,-0.14060701203558346,
9449.T,"GMO internet group, Inc.",0,12,30,42,373192785920.0,2回減配あり/3回以上減配あり,0.1337237051265445,
2876.T,Delsole Corporation,13,12,17,42,4185349120.0,2回減配あり,0.057407407407407414,
4595.T,"Mizuho Medy Co.,Ltd.",13,7,22,42,32877969408.0,2回減配あり,1.7020759103295255,
3659.T,"NEXON Co., Ltd.",0,12,30,42,2069088043008.0,配当性向100%以上/無配年あり,0.4404761904761904,
4704.T,Trend Micro Incorporated,0,12,30,42,865844658176.0,配当性向100%以上/2回減配あり/無配年あり/3回以上減配あり,0.04015433549638899,
9023.T,"Tokyo Metro Co., Ltd.",0,17,25,42,851155025920.0,現金比率低い/無配年あり,,
4666.T,"PARK24 Co., Ltd.",0,12,30,42,314913652736.0,無配年あり,-0.18461538461538463,
3169.T,"Misawa & Co., Ltd.",0,20,22,42,4915804672.0,無配年あり,0.10833333333333332,
7012.T,"Kawasaki Heavy Industries, Ltd.",0,12,30,42,2053760221184.0,現金比率低い/自己資本比率低い/2回減配あり/無配年あり,0.21643356643356645,
1491.T,"Chugai Mining Co., Ltd.",0,17,25,42,10159361024.0,無配年あり,0.16666666666666666,
268A.T,Rigaku Holdings Corporation,0,12,30,42,414488592384.0,無配年あり,2.1666666666666665,
3151.T,"Vital KSK Holdings, Inc.",3,14,25,42,74552819712.0,2回減配あり/3回以上減配あり,0.18853203157550982,
5367.T,Nikkato Corporation,0,25,17,42,17873104896.0,2回減配あり/3回以上減配あり,0.09381329218285742,
7744.T,"Noritsu Koki Co., Ltd.",13,4,25,42,210549555200.0,2回減配あり,0.8711756518512076,
7685.T,"BuySell Technologies Co.,Ltd.",0,12,30,42,176270868480.0,無配年あり,0.40198412698412694,
7551.T,"Weds Co., Ltd.",0,25,17,42,10729480192.0,2回減配あり/3回以上減配あり,0.0213236515152224,
2930.T,Kitanotatsujin Corporation,0,25,17,42,18545940480.0,2回減配あり/配当性向70%以上2回/3回以上減配あり,0.34976348146496716,
2935.T,"Pickles Holdings Co.,Ltd.",0,25,17,42,14758254592.0,無配年あり,0.22095959595959597,
9418.T,"U-NEXT HOLDINGS Co.,Ltd.",0,12,30,42,320345833472.0,無配年あり,0.4674189474923358,
8152.T,SOMAR Corporation,0,17,25,42,13835792384.0,無配年あり,0.1869047619047619,
8163.T,"SRS Holdings Co.,Ltd.",0,22,20,42,57565634560.0,2回減配あり/無配年あり/3回以上減配あり,-0.28095238095238095,
7673.T,"Daiko Tsusan Co.,Ltd.",0,12,30,42,9091922944.0,無配年あり,0.11847906580049437,
7619.T,"Tanaka Co.,Ltd.",3,20,19,42,8243018240.0,2回減配あり/3回以上減配あり,0.03624652320304494,
2461.T,"FAN Communications, Inc.",23,7,12,42,25293817856.0,ROE低い/配当性向100%以上,0.05295646523716699,
6629.T,"Techno Horizon Co.,Ltd.",0,12,30,42,14150847488.0,無配年あり,0.41041666666666665,
331A.T,Medix Inc.,0,20,22,42,3507621120.0,無配年あり,,
3769.T,"GMO Payment Gateway, Inc.",0,12,30,42,653186367488.0,無配年あり,0.11189409455538486,
3563.T,Food & Life Companies Ltd.,0,12,30,42,1156347199488.0,無配年あり,0.19722222222222224,
6396.T,"Unozawa-gumi Iron Works, Limited",0,20,22,42,5157501440.0,無配年あり,0.1875,
4932.T,"Almado, Inc.",0,12,30,42,7319292928.0,配当性向100%以上/無配年あり,0.21016483516483517,
4776.T,"Cybozu, Inc.",0,12,30,42,134817955840.0,無配年あり,0.2175244040664954,
6728.T,"ULVAC, Inc.",13,12,17,42,408142577664.0,2回減配あり,0.2517355343050556,
2485.T,Tear Corporation,20,2,20,42,9878528000.0,ROE低い/配当性向100%以上,0.16683501683501684,
3045.T,"Kawasaki & Co., Ltd.",15,2,25,42,3124464128.0,2回減配あり,0.12878306878306878,
5711.T,Mitsubishi Materials Corporation,0,20,22,42,660051722240.0,自己資本比率低い/2回減配あり/3回以上減配あり,0.12178739613447516,
5845.T,"Zenhoren Co.,Ltd.",0,12,30,42,32181280768.0,無配年あり,0.16666666666666666,
9506.T,"Tohoku Electric Power Company, Incorporated",15,12,15,42,634007060480.0,減収傾向/自己資本比率低い/2回減配あり,0.4046296296296297,
7133.T,"HYUGA PRIMARY CARE Co.,Ltd.",0,12,30,42,14998327296.0,現金比率低い/無配年あり,,
9531.T,"Tokyo Gas Co.,Ltd.",3,22,17,42,1995928371200.0,現金比率低い/2回減配あり/3回以上減配あり,0.06295308682531736,
2702.T,"McDonald's Holdings Company (Japan), Ltd.",0,12,30,42,1005167443968.0,無配年あり,0.07425167425167427,
7212.T,F-Tech Inc.,3,20,19,42,13558411264.0,2回減配あり/3回以上減配あり,0.09897119341563786,
9279.T,Gift Holdings Inc.,0,12,30,42,167376601088.0,無配年あり,0.3098124098124098,
6622.T,DAIHEN Corporation,0,22,20,42,320934641664.0,2回減配あり/3回以上減配あり,0.14398325161527198,
9216.T,"Bewith, Inc.",0,25,17,42,23968372736.0,配当性向100%以上/無配年あり,0.19233867774327718,
7417.T,NANYO Corporation,0,25,17,42,22004473856.0,2回減配あり/無配年あり,0.08988458865965683,
3197.T,"Skylark Holdings Co., Ltd.",0,12,30,42,720927260672.0,2回減配あり/無配年あり/3回以上減配あり,0.00793603663917291,
7561.T,Hurxley Holdings Corporation,3,20,19,42,12740390912.0,2回減配あり/3回以上減配あり,0.11143879814478724,
1898.T,"Seikitokyu Kogyo Co., Ltd.",1,19,22,42,53299765248.0,2回減配あり/3回以上減配あり,0.2818017763974516,
6302.T,"Sumitomo Heavy Industries, Ltd.",13,12,17,42,724126728192.0,2回減配あり,0.16509605730036542,
5029.T,circlace Inc,0,12,30,42,4281492224.0,無配年あり,,
8179.T,"ROYAL HOLDINGS Co., Ltd.",0,12,30,42,129081319424.0,無配年あり,0.2588341346153846,
6627.T,"Tera Probe, Inc.",0,12,30,42,117033263104.0,無配年あり,0.8033769063180829,
2340.T,"Gokurakuyu Holdings Co., Ltd.",0,12,30,42,16241625088.0,現金比率低い/無配年あり,-0.2,
3480.T,J.S.B.Co Ltd,0,12,30,42,188578775040.0,無配年あり,,
2281.T,"Prima Meat Packers, Ltd.",0,22,20,42,116357332992.0,現金比率低い/2回減配あり/配当性向70%以上2回/ROE低い/3回以上減配あり,0.2272163566281213,
8359.T,"Hachijuni Nagano Bank, Ltd.",15,8,19,42,1277073162240.0,自己資本比率低い/2回減配あり/営業CF合計マイナス,0.17024600913489799,
6336.T,"Ishii Hyoki Co., Ltd.",0,25,17,42,12181329920.0,無配年あり,0.2619047619047619,
319A.T,Next Generation Technology Group Inc.,0,12,30,42,188860203008.0,無配年あり,,
7345.T,AI Partners Financial Inc.,0,12,30,42,3097159936.0,無配年あり,-0.06666666666666667,
4414.T,"FLECT Co., Ltd.",0,12,30,42,6223385088.0,無配年あり,,
340A.T,"zig-zag,Inc.",0,12,30,42,2605826048.0,無配年あり,,
5945.T,"Tenryu Saw Mfg. Co., Ltd.",3,25,14,42,20239525888.0,ROE低い/2回減配あり/3回以上減配あり,0.16192302801498204,
1905.T,Tenox Corporation,3,20,19,42,9735499776.0,2回減配あり/3回以上減配あり,0.0933983943554763,
3945.T,"Superbag Company, Limited",0,12,30,42,3286634752.0,無配年あり,-0.1388888888888889,
3964.T,Aucnet Inc.,0,12,30,42,124377997312.0,無配年あり,0.25420943619025793,
9722.T,Fujita Kanko Inc.,0,12,30,42,179814907904.0,2回減配あり/無配年あり,-0.1,
7062.T,"Fureasu Co.,Ltd.",0,12,30,42,1805106176.0,無配年あり,-0.3333333333333333,
5966.T,"Kyoto Tool Co., Ltd.",3,20,19,42,6736783872.0,2回減配あり/3回以上減配あり,0.05249147119065818,
173A.T,Hammock Inc.,0,12,30,42,6736946176.0,無配年あり,,
7089.T,"for Startups, Inc.",0,12,30,42,8969278464.0,無配年あり,,
9640.T,"Saison Technology Co., Ltd.",0,25,17,42,31572586496.0,配当性向100%以上/無配年あり,0.16985294117647057,
7806.T,"MTG Co., Ltd.",0,12,30,42,355583688704.0,2回減配あり/無配年あり,0.03510909380474599,
5918.T,"The Takigami Steel Construction Co., Ltd.",15,13,14,42,15746503680.0,ROE低い/2回減配あり/営業CF合計マイナス,0.04545454545454545,
9003.T,"Sotetsu Holdings, Inc.",0,12,30,42,238243217408.0,現金比率低い/自己資本比率低い/2回減配あり/3回以上減配あり,0.2294810853634383,
3929.T,"Socialwire Co., Ltd.",0,20,22,42,2845225472.0,2回減配あり/無配年あり,-0.14963423050379573,
6797.T,"Nagoya Electric Works Co., Ltd.",0,25,17,42,13941138432.0,無配年あり,,
4040.T,"Nankai Chemical Company,Limited",0,12,30,42,8132555776.0,無配年あり,1.3787878787878787,
6844.T,"Shindengen Electric Manufacturing Co.,Ltd.",0,17,25,42,31357071360.0,2回減配あり/無配年あり/3回以上減配あり,-0.2125,
6820.T,Icom Incorporated,1,27,14,42,54395031552.0,ROE低い/2回減配あり/3回以上減配あり,0.17895269622397939,
7095.T,"Macbee Planet, Inc.",0,17,24,41,14297781248.0,無配年あり,0.14285714285714285,
1850.T,"Nankai Tatsumura Construction Co., Ltd.",0,17,24,41,12191980544.0,無配年あり,0.27777777777777773,
7943.T,Nichiha Corporation,0,27,14,41,92975038464.0,ROE低い/配当性向100%以上/2回減配あり,0.157248828632205,
6141.T,"DMG Mori Co., Ltd.",15,12,14,41,456124727296.0,ROE低い/配当性向100%以上,0.2798466965133632,
6140.T,"Asahi Diamond Industrial Co., Ltd.",0,27,14,41,54196981760.0,ROE低い/2回減配あり/配当性向70%以上2回/3回以上減配あり,0.10827801827801828,
2588.T,"Premium Water Holdings,Inc.",0,17,24,41,77800693760.0,自己資本比率低い/無配年あり,0.6677760710018775,
4259.T,ExaWizards Inc.,0,11,30,41,81834721280.0,現金比率低い/無配年あり,,
3182.T,Oisix Inc.,0,17,24,41,57343852544.0,自己資本比率低い/無配年あり,,
6418.T,"Japan Cash Machine Co., Ltd.",0,17,24,41,33933420544.0,2回減配あり/無配年あり,0.17569789279348105,
7717.T,"V Technology Co., Ltd.",3,19,19,41,62318604288.0,2回減配あり/3回以上減配あり,0.24247141747141743,
7702.T,"JMS Co.,Ltd.",12,25,4,41,11014191104.0,ROE低い/EPS低い/2回減配あり,-0.014980158730158732,
6677.T,"SK-Electronics CO.,LTD.",15,7,19,41,32594302976.0,2回減配あり,0.4056319456936699,
6757.T,"OSG Corporation Co., Ltd.",20,7,14,41,4749818368.0,ROE低い/配当性向100%以上,0.05661375661375661,
2698.T,"Can Do Co., Ltd.",15,6,20,41,52164022272.0,ROE低い/現金比率低い/2回減配あり,0.05238095238095238,
3793.T,"Drecom Co.,Ltd.",0,17,24,41,15818358784.0,無配年あり,-0.5,
8358.T,Suruga Bank Ltd.,3,8,30,41,500663943168.0,自己資本比率低い/2回減配あり/営業CF合計マイナス/3回以上減配あり,0.21507813402068857,
7514.T,"HIMARAYA Co.,Ltd.",37,0,4,41,10441777152.0,ROE低い/EPS低い,0.05074074074074073,
3479.T,TKP Corporation,0,17,24,41,67333955584.0,自己資本比率低い/無配年あり,,
1960.T,Sanyo Engineering & Construction Inc.,0,17,24,41,25565126656.0,2回減配あり/3回以上減配あり,0.19012345679012344,
4967.T,"Kobayashi Pharmaceutical Co., Ltd.",15,12,14,41,519552630784.0,ROE低い/配当性向100%以上,0.04192020745299149,
9308.T,"Inui Global Logistics Co., Ltd.",0,27,14,41,57363382272.0,ROE低い/配当性向100%以上/2回減配あり/3回以上減配あり,2.5137311841235825,
5976.T,"Neturen Co., Ltd.",0,27,14,41,46183555072.0,ROE低い/配当性向100%以上/2回減配あり,0.2530801873686681,
3405.T,"Kuraray Co., Ltd.",15,12,14,41,540827877376.0,ROE低い/配当性向100%以上,0.03257053696078086,
3934.T,"BENEFIT JAPAN Co., Ltd.",0,17,24,41,13625320448.0,無配年あり,0.35674603174603176,
3932.T,Akatsuki Inc.,0,19,22,41,46492688384.0,無配年あり,0.7011905460535797,
7050.T,Frontier International Inc.,0,17,24,41,13213344768.0,2回減配あり/無配年あり/3回以上減配あり,0.31732392712813523,
3910.T,MKSystem Corporation,12,7,22,41,1595683200.0,2回減配あり,-0.043469785575048735,
1803.T,Shimizu Corporation,0,17,24,41,1442685255680.0,2回減配あり/3回以上減配あり,0.1777280462558276,
2169.T,"CDS Co.,Ltd.",20,7,14,41,12002457600.0,ROE低い/配当性向100%以上,0.07294557294557295,
1450.T,TANAKEN Inc.,0,17,24,41,13082919936.0,無配年あり,0.20740330378726832,
5411.T,"JFE Holdings, Inc.",0,30,10,40,1107513311232.0,2回減配あり/配当性向70%以上2回/無配年あり/減収傾向/ROE低い/3回以上減配あり,0.5766290726817043,
6946.T,"Nippon Avionics Co., Ltd.",0,10,30,40,105887899648.0,現金比率低い/無配年あり/営業CF合計マイナス,0.0,
9850.T,"Gourmet Kineya Co.,Ltd.",0,20,20,40,21791035392.0,ROE低い/2回減配あり/配当性向70%以上2回/無配年あり,-0.13253968253968254,
9017.T,"Niigata Kotsu Co., Ltd.",0,15,25,40,7620506112.0,無配年あり,-0.25,
9012.T,"Chichibu Railway Co., Ltd.",0,15,25,40,3101026560.0,無配年あり,,
4691.T,Washington Hotel Corporation,0,20,20,40,24348942336.0,ROE低い/無配年あり,0.0,
6557.T,AIAI Group Corporation,0,10,30,40,4459709440.0,自己資本比率低い/無配年あり,,
2820.T,Yamami Company,1,9,30,40,43126509568.0,2回減配あり/3回以上減配あり,0.17892510193045666,
3645.T,"Medical Net, Inc.",3,12,25,40,2367224320.0,2回減配あり/3回以上減配あり,0.39722222222222225,
7946.T,Koyosha Inc.,0,20,20,40,798922240.0,ROE低い/2回減配あり/無配年あり/3回以上減配あり,-0.6066666666666667,
9005.T,Tokyu Corporation,3,17,20,40,896973275136.0,現金比率低い/2回減配あり/3回以上減配あり,0.060205226871893544,
2666.T,"AUTOWAVE Co., Ltd.",0,20,20,40,2745649920.0,ROE低い/無配年あり,0.125,
1873.T,"Nihon House Holdings Co., Ltd.",0,25,15,40,12519434240.0,減収傾向/2回減配あり/3回以上減配あり,0.010839160839160823,
7091.T,"Living Platform,Ltd.",0,10,30,40,5363751424.0,自己資本比率低い/無配年あり,,
9904.T,"Verite Co., Ltd.",0,20,20,40,6240873472.0,2回減配あり/無配年あり/ROE低い/配当性向100%以上/3回以上減配あり,-0.03823879915288899,
4238.T,"Miraial Co., Ltd.",3,25,12,40,17769480192.0,ROE低い/2回減配あり/3回以上減配あり,0.18148148148148147,
7975.T,"Lihit Lab.,Inc.",14,12,14,40,4003690496.0,ROE低い/配当性向100%以上,0.003703703703703706,
2435.T,"CEDAR.Co.,Ltd.",0,10,30,40,2300502528.0,自己資本比率低い/2回減配あり/無配年あり,0.3,
4245.T,"Daiki Axis Co., Ltd.",13,2,25,40,9625943040.0,2回減配あり,0.09444444444444446,
2798.T,Y's Table Corporation,0,10,30,40,9910693888.0,自己資本比率低い/無配年あり,,
2323.T,fonfun corporation,0,20,20,40,7560679424.0,無配年あり,,
4388.T,"AI,Inc.",0,20,20,40,2169865216.0,2回減配あり/無配年あり/3回以上減配あり,-0.3861607142857143,
4301.T,Amuse Inc.,3,17,20,40,29803638784.0,ROE低い/2回減配あり/3回以上減配あり,0.11896621896621896,
8303.T,"SBI Shinsei Bank, Limited",0,20,20,40,1356666503168.0,自己資本比率低い/配当性向100%以上/2回減配あり/無配年あり,-0.2571428571428572,
6562.T,"Geniee, Inc.",0,20,20,40,12190353408.0,ROE低い/無配年あり,,
7271.T,Yasunaga Corporation,3,15,22,40,8108720640.0,2回減配あり/3回以上減配あり,0.12371964455297786,
3370.T,"FUJITA CORPORATION Co.,Ltd.",0,10,30,40,1633737216.0,自己資本比率低い/無配年あり,,
5237.T,Nozawa Corporation,1,25,14,40,14014732288.0,ROE低い/2回減配あり/配当性向70%以上2回/3回以上減配あり,0.24483787817121147,
8147.T,"Tomita Co., Ltd.",3,12,25,40,7635437568.0,2回減配あり/3回以上減配あり,0.09095543365130583,
5247.T,"BTM, Inc.",0,15,25,40,1608416768.0,無配年あり,,
7218.T,"Tanaka Seimitsu Kogyo Co., Ltd.",1,20,19,40,9947565056.0,2回減配あり/3回以上減配あり,0.3383733550400217,
4429.T,"Ricksoft Co., Ltd.",0,15,25,40,3267097344.0,無配年あり,,
9127.T,"Tamai Steamship Co., Ltd.",0,20,20,40,5492592128.0,減収傾向/2回減配あり/無配年あり,-0.27999999999999997,
5202.T,"Nippon Sheet Glass Company, Limited",0,20,20,40,252569649152.0,ROE低い/自己資本比率低い/2回減配あり/無配年あり,-0.6666666666666666,
5138.T,"Rebase, Inc.",0,20,20,40,2236760832.0,ROE低い/配当性向100%以上/無配年あり,,
8387.T,"The Shikoku Bank, Ltd.",15,8,17,40,192457654272.0,自己資本比率低い/2回減配あり/営業CF合計マイナス,0.08188199256310712,
4237.T,Fujipream Corporation,20,20,0,40,9886895104.0,ROE低い/減収傾向/EPS低い,0.0,
2933.T,Kibun Foods Inc.,0,20,20,40,24952836096.0,ROE低い/無配年あり,0.10187908496732027,
291A.T,Reskill Corp.,0,20,20,40,4134807552.0,無配年あり,,
6337.T,TESEC Corporation,0,25,15,40,19136868352.0,2回減配あり/配当性向70%以上2回/無配年あり/減収傾向/配当性向100%以上/3回以上減配あり,0.8875000000000001,
4885.T,Muromachi Chemicals Inc.,0,20,20,40,3662817280.0,無配年あり,0.2538676236044657,
3863.T,"Nippon Paper Industries Co., Ltd.",0,20,20,40,151745986560.0,自己資本比率低い/2回減配あり/無配年あり/ROE低い/3回以上減配あり,-0.11458333333333334,
3895.T,Havix Corporation,1,20,19,40,3353664256.0,2回減配あり/3回以上減配あり,0.10318138651471985,
8550.T,"The Tochigi Bank, Ltd.",15,8,17,40,121626845184.0,自己資本比率低い/2回減配あり/営業CF合計マイナス,0.1360109389521154,
4490.T,VisasQ Inc.,0,10,30,40,6303413248.0,自己資本比率低い/無配年あり,,
7698.T,Iceco Inc.,0,15,25,40,10715255808.0,自己資本比率低い/無配年あり,0.25675675675675674,
9204.T,Skymark Airlines Inc.,0,15,25,40,25864097792.0,自己資本比率低い/配当性向100%以上/無配年あり,-0.2,
5967.T,"Tone Co., Ltd.",3,12,25,40,9533577216.0,2回減配あり/3回以上減配あり,0.11409536714414761,
3963.T,"Synchro Food Co., Ltd.",0,20,20,40,9282096128.0,ROE低い/配当性向100%以上/無配年あり,0.5,
262A.T,Intermestic Inc.,0,9,30,39,52197445632.0,無配年あり,0.09452736318407952,
3733.T,"Software Service, Inc.",0,9,30,39,52650508288.0,無配年あり,0.11159751229926668,
7771.T,"Nihon Seimitsu Co., Ltd.",0,15,24,39,6208296448.0,無配年あり,,
4071.T,"Plus Alpha Consulting Co.,Ltd.",0,9,30,39,85924970496.0,無配年あり,0.4344284188034188,
6798.T,SMK Corporation,0,25,14,39,21232046080.0,ROE低い/配当性向100%以上/2回減配あり/3回以上減配あり,0.07392484059150727,
6832.T,"AOI Electronics Co., Ltd.",0,25,14,39,28669278208.0,ROE低い/配当性向100%以上/2回減配あり,0.005249661434147807,
4078.T,"Sakai Chemical Industry Co., Ltd.",0,27,12,39,57680936960.0,ROE低い/配当性向100%以上/2回減配あり/3回以上減配あり,0.21483007733007733,
9621.T,"CTI Engineering Co., Ltd.",0,9,30,39,90993606656.0,無配年あり,0.2797017797017797,
7791.T,"Dreambed Co.,Ltd.",0,20,19,39,3309430528.0,無配年あり,-0.04341397849462366,
2669.T,"Kanemi Co., Ltd.",0,25,14,39,36820684800.0,ROE低い/2回減配あり/3回以上減配あり,0.023852895464772445,
6929.T,"Nippon Ceramic Co., Ltd.",0,9,30,39,76431736832.0,無配年あり,0.16095238095238096,
8918.T,"LAND Co., Ltd.",0,17,22,39,15378829312.0,無配年あり,0.0,
9001.T,"Tobu Railway Co., Ltd.",3,17,19,39,546998943744.0,現金比率低い/2回減配あり/3回以上減配あり,0.14696629859673338,
212A.T,FIT EASY Inc.,0,9,30,39,46844039168.0,無配年あり,0.25,
9158.T,CUC Inc.,0,20,19,39,22455525376.0,無配年あり,,
4433.T,"HITO-Communications Holdings,Inc.",20,7,12,39,15058985984.0,ROE低い/配当性向100%以上,0.12822395934482628,
4481.T,"Base Co., Ltd.",0,9,30,39,58350301184.0,無配年あり,0.37390140851121106,
6523.T,PHC Holdings Corporation,0,20,19,39,213051916288.0,自己資本比率低い/配当性向100%以上/2回減配あり/無配年あり,-0.13614576114576113,
1997.T,"Akatsuki Eazima Co., Ltd.",15,0,24,39,8128367616.0,2回減配あり,0.17857543690877029,
8115.T,"MOONBAT Co.,Ltd.",0,20,19,39,5931431936.0,無配年あり,0.7077380952380952,
9416.T,Vision Inc.,0,9,30,39,50164346880.0,無配年あり,0.0,
6317.T,Kitagawa Corporation,0,25,14,39,23970652160.0,ROE低い/2回減配あり/無配年あり/3回以上減配あり,-0.07704540091295914,
7368.T,"HYOJITO Co., Ltd.",0,20,19,39,8118685696.0,無配年あり,0.25833333333333336,
9101.T,Nippon Yusen Kabushiki Kaisha,0,22,17,39,2880987201536.0,現金比率低い/2回減配あり/無配年あり/3回以上減配あり,0.9310466707542947,
7433.T,"Hakuto Co., Ltd.",0,22,17,39,107536334848.0,配当性向100%以上/2回減配あり/3回以上減配あり,0.3051929458959676,
7399.T,"Nansin Co., Ltd.",15,12,12,39,3954260736.0,ROE低い/2回減配あり,0.14232804232804233,
7255.T,Sakurai Ltd.,15,12,12,39,1687209984.0,ROE低い/2回減配あり,0.07122507122507121,
2341.T,"Arbeit-Times Co., Ltd.",0,20,19,39,3292106752.0,2回減配あり/無配年あり,-0.06944444444444446,
4980.T,Dexerials Corporation,3,22,14,39,559483912192.0,現金比率低い/2回減配あり/3回以上減配あり,0.19154359138714425,
3496.T,"Azoom Co.,Ltd",0,9,30,39,59086274560.0,無配年あり,2.1408333333333336,
4377.T,ONE CAREER Inc.,0,9,30,39,44984983552.0,無配年あり,0.0,
4308.T,J-Stream Inc.,0,20,19,39,8927014912.0,2回減配あり/配当性向70%以上2回/無配年あり,0.324094708396179,
7085.T,"CURVES HOLDINGS Co., Ltd.",0,9,30,39,81074257920.0,無配年あり,0.3223809523809524,
5984.T,Kanefusa Corporation,0,25,14,39,10800236544.0,ROE低い/2回減配あり/3回以上減配あり,0.13268709382260954,
4416.T,True Data Inc.,0,20,19,39,1970368384.0,無配年あり,,
6625.T,JALCO Holdings Inc.,0,15,24,39,37261320192.0,自己資本比率低い/配当性向100%以上/無配年あり,1.0,
4475.T,Hennge K.K.,0,9,30,39,55674208256.0,無配年あり,0.6666666666666666,
277A.T,Globe-ing Inc.,0,19,20,39,52641628160.0,無配年あり,,
6289.T,Giken Ltd.,13,9,17,39,51315503104.0,2回減配あり/配当性向70%以上2回,0.10953937130407718,
4247.T,"POVAL KOGYO Co., Ltd.",0,20,19,39,3735825920.0,無配年あり,0.013516804475708586,
5204.T,"Ishizuka Glass Co., Ltd.",0,20,19,39,12844043264.0,2回減配あり/無配年あり/3回以上減配あり,0.0270795177045177,
5282.T,GEOSTR Corporation,0,9,30,39,12162055168.0,現金比率低い/2回減配あり/3回以上減配あり,0.15220874308095406,
5741.T,UACJ Corporation,0,25,14,39,388212359168.0,EPS低い/2回減配あり/無配年あり/3回以上減配あり,-0.1336138658868838,
5819.T,"Canare Electric Co., Ltd.",13,7,19,39,11834426368.0,2回減配あり,0.07682036823928959,
5726.T,"OSAKA Titanium technologies Co.,Ltd.",0,22,17,39,107963039744.0,現金比率低い/配当性向100%以上/2回減配あり/無配年あり,0.36666666666666664,
5660.T,Kobelco Wire Co Ltd,0,25,14,39,11228370944.0,ROE低い/無配年あり,,
7962.T,"King Jim Co., Ltd.",0,25,14,39,22077562880.0,ROE低い/2回減配あり/3回以上減配あり,0.027429759782700965,
4240.T,"Cluster Technology Co.,Ltd.",0,20,19,39,1736229632.0,無配年あり,,
6099.T,Elan Corporation,0,9,30,39,43065999360.0,無配年あり,0.3075782242448909,
2737.T,Tomen Devices Corporation,15,0,24,39,278154477568.0,現金比率低い/自己資本比率低い/2回減配あり/営業CF合計マイナス,0.3101851851851852,
9366.T,Sanritsu Corporation,0,20,19,39,7160615424.0,2回減配あり/3回以上減配あり,0.21456111789445126,
7211.T,Mitsubishi Motors Corporation,0,25,14,39,464809852928.0,ROE低い/配当性向100%以上/2回減配あり/無配年あり,-0.026709401709401726,
4931.T,"Shinnihonseiyaku Co., Ltd.",0,9,30,39,42114453504.0,無配年あり,0.21588180338180338,
4728.T,"Tose Co., Ltd.",20,0,19,39,4911473152.0,,0.0,
4521.T,"Kaken Pharmaceutical Co., Ltd.",0,22,17,39,145224990720.0,配当性向100%以上/2回減配あり,0.015755073959408325,
6165.T,"Punch Industry Co., Ltd.",0,25,14,39,14869505024.0,ROE低い/2回減配あり/3回以上減配あり,0.3692654785066462,
6185.T,SMN Corporation,0,20,19,39,5353494016.0,無配年あり,,
5368.T,"Japan Insulation Co., Ltd.",0,20,19,39,8970352640.0,無配年あり,0.012644787644787644,
4480.T,"Medley, Inc.",0,9,30,39,70203113472.0,無配年あり,,
6151.T,"Nitto Kohki Co., Ltd.",0,25,14,39,31982028800.0,ROE低い/2回減配あり/3回以上減配あり,0.014067884673985766,
3565.T,Ascentech K.K.,0,15,24,39,21465358336.0,自己資本比率低い/無配年あり,0.3326531060933878,
3157.T,GEOLIVE Group Corporation,0,15,24,39,19230691328.0,自己資本比率低い/2回減配あり/無配年あり,0.26121485713800946,
464A.T,QPS Holdings Inc.,0,19,20,39,93616447488.0,ROE低い/無配年あり,,
9552.T,"Quants Research Institute Holdings, Inc.",0,9,30,39,51810721792.0,無配年あり,,
6469.T,"Hoden Seimitsu Kako Kenkyusho Co., Ltd.",0,9,30,39,31241136128.0,現金比率低い/2回減配あり/無配年あり,0.003869047619047619,
3553.T,"Kyowa Leather Cloth Co., Ltd.",0,25,14,39,21280817152.0,ROE低い/配当性向100%以上/2回減配あり/3回以上減配あり,0.036043205160852215,
4839.T,Wowow Inc.,0,25,14,39,27345745920.0,ROE低い/配当性向100%以上/2回減配あり/3回以上減配あり,-0.07486772486772487,
8713.T,FIDEA Holdings Co. Ltd.,15,5,19,39,50905088000.0,自己資本比率低い/2回減配あり/営業CF合計マイナス,0.05015432098765434,
8604.T,"Nomura Holdings, Inc.",1,8,30,39,4525633568768.0,自己資本比率低い/2回減配あり/営業CF合計マイナス/3回以上減配あり,0.2605835038481873,
3660.T,istyle Inc.,0,9,30,39,48346259456.0,無配年あり,-0.3333333333333333,
9900.T,Sagami Holdings Corporation,0,19,20,39,65490767872.0,現金比率低い/2回減配あり/無配年あり,-0.017261904761904763,
9876.T,"Cox Co., Ltd.",0,20,19,39,6187738624.0,無配年あり,,
3678.T,"MEDIA DO Co., Ltd.",0,20,19,39,18047862784.0,無配年あり,0.11315594128094127,
6998.T,"Nippon Tungsten Co., Ltd.",0,25,14,39,19792654336.0,2回減配あり/配当性向70%以上2回/ROE低い/配当性向100%以上/3回以上減配あり,0.20935789356841988,
343A.T,IACE TRAVEL Corporation.,0,8,30,38,6150461952.0,無配年あり/営業CF合計マイナス,,
4644.T,"Imagineer Co.,Ltd.",13,8,17,38,9947484160.0,2回減配あり/配当性向70%以上2回/営業CF合計マイナス,0.08973580837615924,
3160.T,"Oomitsu Co., Ltd.",18,0,20,38,8294697472.0,自己資本比率低い/現金比率低い/配当性向100%以上/ROE低い,0.10969143420123811,
7442.T,"Nakayamafuku Co.,Ltd.",12,12,14,38,8930160640.0,ROE低い/2回減配あり,-0.04403292181069959,
5757.T,"CK SAN-ETSU Co., Ltd.",0,19,19,38,41569243136.0,現金比率低い/2回減配あり/無配年あり,0.2191964285714286,
3068.T,WDI Corporation,3,15,20,38,19391690752.0,ROE低い/自己資本比率低い/2回減配あり/3回以上減配あり,0.09423076923076924,
8892.T,ES-CON JAPAN Ltd.,0,8,30,38,101930147840.0,自己資本比率低い/無配年あり/営業CF合計マイナス,0.01979166666666668,
8835.T,Taiheiyo Kouhatsu Incorporated,9,15,14,38,6161185792.0,ROE低い/2回減配あり/配当性向70%以上2回,0.06592670894996476,
9511.T,"The Okinawa Electric Power Company, Incorporated",15,9,14,38,63657254912.0,ROE低い/自己資本比率低い/2回減配あり,0.2147117929372747,
5410.T,"Godo Steel, Ltd.",1,27,10,38,41939017728.0,ROE低い/減収傾向/2回減配あり/3回以上減配あり,0.7267335004177109,
8077.T,TORQ Inc.,18,0,20,38,4749339648.0,ROE低い,0.0,
4385.T,"Mercari, Inc.",0,8,30,38,590713847808.0,自己資本比率低い/無配年あり/営業CF合計マイナス,,
7267.T,"Honda Motor Co., Ltd.",3,25,10,38,6601816145920.0,ROE低い/EPS低い/2回減配あり/3回以上減配あり,0.12174312497452015,
3489.T,"FaithNetwork Co.,Ltd",0,8,30,38,22612774912.0,無配年あり/営業CF合計マイナス,0.39335775053530997,
3538.T,WILLPLUS Holdings Corporation,13,0,25,38,9275797504.0,2回減配あり,0.19017939756482788,
4169.T,ENECHANGE Ltd.,0,13,25,38,10398336000.0,無配年あり/営業CF合計マイナス,,
2980.T,SRE Holdings Corporation,0,8,30,38,37591527424.0,無配年あり/営業CF合計マイナス,,
2981.T,Landix Inc.,0,8,30,38,12674197504.0,無配年あり/営業CF合計マイナス,0.2774123995800063,
3936.T,"Globalway, Inc.",0,8,30,38,4679960064.0,無配年あり/営業CF合計マイナス,,
9849.T,Kyodo Paper Holdings,14,12,12,38,3018157056.0,ROE低い/配当性向70%以上2回,0.0,
8944.T,"Land Business Co.,Ltd.",14,0,24,38,5040913408.0,配当性向70%以上2回,0.0,
9830.T,Trusco Nakayama Corporation,1,12,25,38,158173790208.0,2回減配あり/3回以上減配あり,0.058081454037314434,
4651.T,Sanix Holdings Incorporated,0,15,22,37,11807542272.0,自己資本比率低い/無配年あり,,
3175.T,"AP Holdings Co.,Ltd.",0,7,30,37,12053653504.0,現金比率低い/自己資本比率低い/無配年あり,,
3560.T,"Hobonichi Co., Ltd.",0,7,30,37,11908228096.0,無配年あり,0.125,
3445.T,"RS Technologies Co., Ltd.",0,12,25,37,168089305088.0,無配年あり,0.41322751322751317,
5542.T,Shinhokoku Material Corp.,13,2,22,37,9052203008.0,2回減配あり,0.13888888888888887,
9553.T,"MicroAd, Inc.",0,7,30,37,17191542784.0,無配年あり,,
3054.T,HYPER Inc.,12,0,25,37,3702917632.0,2回減配あり,0.024691358024691364,
5589.T,"Auto Server Co., Ltd.",0,7,30,37,21696696320.0,無配年あり,0.040983606557377046,
2173.T,Hakuten Corporation,0,7,30,37,12326813696.0,2回減配あり/無配年あり,0.15392331042002094,
8542.T,"Tomato Bank, Ltd.",20,3,14,37,22485139456.0,ROE低い/自己資本比率低い/営業CF合計マイナス,0.0,
4668.T,"Meiko Network Japan Co., Ltd.",0,7,30,37,19149176832.0,2回減配あり/3回以上減配あり,0.009475262726036722,
8570.T,"AEON Financial Service Co., Ltd.",0,12,25,37,327712178176.0,自己資本比率低い/2回減配あり/3回以上減配あり,0.00738097627922533,
4933.T,"I-ne CO., LTD.",0,7,30,37,38837813248.0,無配年あり,0.07692307692307693,
2722.T,"IK HOLDINGS Co.,Ltd.",0,20,17,37,2722321408.0,無配年あり,0.07916666666666665,
7792.T,"Colan Totte.Co.,Ltd.",0,7,30,37,13426962432.0,無配年あり,0.37083333333333335,
5571.T,"Excite Holdings Co., Ltd.",0,7,30,37,4910393344.0,配当性向100%以上/無配年あり,-0.5,
4811.T,DreamArts Corporation,0,7,30,37,10804725760.0,無配年あり,0.7499999437500042,
4819.T,"Digital Garage, Inc.",0,17,20,37,111637520384.0,ROE低い/配当性向100%以上/2回減配あり,0.08772837687311373,
2597.T,Unicafe Inc.,0,7,30,37,17646682112.0,無配年あり,-0.027777777777777776,
135A.T,"VRAIN Solution, Inc.",0,7,30,37,53536321536.0,現金比率低い/無配年あり/営業CF合計マイナス,,
6071.T,"IBJ, Inc.",0,7,30,37,34207981568.0,無配年あり,0.08333333333333333,
7872.T,"Estelle Holdings Co.,Ltd.",16,7,14,37,6464660480.0,ROE低い/配当性向100%以上,0.016666666666666666,
7777.T,"3-D Matrix, Ltd.",0,7,30,37,55287894016.0,現金比率低い/無配年あり/営業CF合計マイナス,,
153A.T,Caulis Inc.,0,7,30,37,10598488064.0,無配年あり,,
3996.T,Signpost Corporation,0,12,25,37,2892568576.0,2回減配あり/無配年あり,-0.5833333333333334,
3983.T,"oRo Co., Ltd.",0,7,30,37,28866277376.0,無配年あり,0.2869047619047619,
9980.T,MRK Holdings Inc.,0,12,25,37,8105183232.0,無配年あり,0.0,
7836.T,"AVIX,Inc.",0,12,25,37,2599588096.0,無配年あり,,
6919.T,KEL Corporation,0,25,12,37,10272777216.0,ROE低い/配当性向100%以上/2回減配あり/3回以上減配あり,0.175340091938063,
3901.T,"MarkLines Co., Ltd.",0,7,30,37,19553150976.0,無配年あり,0.1968107216233153,
7111.T,"INEST, Inc.",0,12,25,37,4256209408.0,無配年あり,,
4058.T,"Toyokumo, Inc.",0,7,30,37,23895635968.0,無配年あり,0.4142857142857143,
3696.T,Ceres Inc.,0,7,30,37,24355545088.0,無配年あり,0.38095238095238093,
3683.T,"Cyberlinks Co., Ltd.",0,7,30,37,12189191168.0,無配年あり,0.23531697061108828,
7435.T,"Nadex Co., Ltd.",0,25,12,37,11101304832.0,ROE低い/2回減配あり/3回以上減配あり,0.21459482073937156,
8928.T,Anabuki Kosan Inc.,13,0,24,37,24650977280.0,2回減配あり/営業CF合計マイナス,0.07140755152888942,
285A.T,Kioxia Holdings Corporation,0,17,20,37,30512536092672.0,現金比率低い/無配年あり,,
6445.T,JANOME Corporation,0,25,12,37,22224449536.0,ROE低い/配当性向100%以上/無配年あり,0.23645833333333333,
7358.T,Poppins Corporation,0,7,30,37,17115074560.0,無配年あり,0.05357142857142857,
2212.T,"Yamazaki Baking Co., Ltd.",0,12,25,37,705116110848.0,無配年あり,0.16855999609622796,
8304.T,"Aozora Bank, Ltd.",0,12,25,37,483349561344.0,自己資本比率低い/2回減配あり/3回以上減配あり,-0.039475731330739464,
5015.T,BP Castrol K.K.,0,7,30,37,22934755328.0,2回減配あり/配当性向70%以上2回/3回以上減配あり,-0.058822884040275344,
7238.T,"Akebono Brake Industry Co., Ltd.",0,20,17,37,29043011584.0,無配年あり,,
4985.T,Earth Corporation,0,12,25,37,101485821952.0,無配年あり,0.012020115177815989,
9245.T,Livero Inc.,0,7,30,37,11002802176.0,無配年あり,0.0,
4482.T,WILLs Inc.,0,7,30,37,15166670848.0,無配年あり,0.2993711551606289,
4493.T,"Cyber Security Cloud, Inc.",0,7,30,37,20401367040.0,無配年あり,0.6666666666666666,
9560.T,PROGRIT Inc.,0,7,30,37,10207439872.0,無配年あり,0.46153846153846156,
9251.T,"AB&Company Co.,Ltd.",0,7,30,37,22138359808.0,無配年あり,0.0,
7373.T,"Aidma Holdings, Inc.",0,7,30,37,12833924096.0,無配年あり,0.0,
6262.T,"Pegasus Co., Ltd.",0,25,12,37,12569299968.0,ROE低い/配当性向100%以上/2回減配あり,0.2911775531468626,
6325.T,"Takakita Co., Ltd.",13,12,12,37,4732063232.0,ROE低い/2回減配あり/配当性向70%以上2回,0.03713200379867046,
9160.T,"ON THE PAGE, Inc.",0,7,30,37,12796107776.0,無配年あり,,
9145.T,"Being Holdings Co., Ltd.",0,7,30,37,12941302784.0,無配年あり,0.21281258383560178,
8377.T,"Hokuhoku Financial Group, Inc.",10,8,19,37,1051456110592.0,自己資本比率低い/配当性向100%以上/2回減配あり/営業CF合計マイナス,0.0806352303411127,
9163.T,Nareru Group Inc.,0,7,30,37,20746643456.0,無配年あり,0.10167464114832536,
6229.T,Okumura Engineering corp.,0,12,25,37,6485220864.0,無配年あり,0.034722222222222224,
2436.T,"Kyodo Public Relations Co., Ltd.",0,7,30,37,10095021056.0,無配年あり,0.30374149659863947,
7719.T,Tokyo Koki Co. Ltd.,0,7,30,37,3640696320.0,無配年あり,,
9564.T,FCE Inc.,0,7,30,37,12206774272.0,無配年あり,0.25,
9519.T,"RENOVA, Inc.",0,17,20,37,76587261952.0,ROE低い/自己資本比率低い/無配年あり,,
7683.T,"WA, Inc.",0,17,20,37,26889635840.0,ROE低い/現金比率低い/配当性向100%以上/無配年あり,0.560677966101695,
2428.T,Wellnet Corporation,10,7,20,37,11800297472.0,2回減配あり,0.012213086015319218,
6191.T,AirTrip Corp.,0,7,30,37,30066864128.0,配当性向100%以上/無配年あり,0.05357142857142857,
543A.T,ARCHION Corporation,0,13,24,37,793895829504.0,2回減配あり/無配年あり/営業CF合計マイナス/3回以上減配あり,-0.23966885604816643,
4419.T,Finatext Holdings Ltd.,0,7,30,37,68661424128.0,現金比率低い/無配年あり/営業CF合計マイナス,,
4177.T,"i-plug,Inc.",0,7,30,37,5611563008.0,無配年あり,,
4396.T,System Support Holdings Inc.,0,7,30,37,27433699328.0,無配年あり,1.4245482944951033,
4180.T,"Appier Group, Inc.",0,12,25,37,144382099456.0,無配年あり,0.125,
7294.T,Yorozu Corporation,0,20,17,37,17487661056.0,2回減配あり/3回以上減配あり,0.11475753760346291,
9211.T,f-code Inc.,0,7,30,37,17804214272.0,無配年あり,,
4441.T,Tobila Systems Inc.,0,7,30,37,15294029824.0,無配年あり,0.1710001328059042,
6223.T,"Seibu Giken Co.,Ltd.",0,7,30,37,38012706816.0,無配年あり,0.08333333333333333,
4242.T,Takagi Seiko Corporation,0,15,22,37,4915031552.0,無配年あり,0.23653223969013443,
5133.T,Terilogy Holdings Corporation,0,7,30,37,5262200320.0,無配年あり,0.05714285714285716,
5139.T,OpenWork Inc.,0,7,30,37,19584069632.0,無配年あり,,
6658.T,"Shirai Electronics Industrial Co., Ltd.",0,20,17,37,6733138944.0,無配年あり,0.06695804195804195,
3548.T,Baroque Japan Limited,0,25,12,37,22908342272.0,ROE低い/配当性向100%以上/無配年あり,0.3537006578947368,
6647.T,"Morio Denki Co., Ltd.",3,12,22,37,5022303232.0,2回減配あり/3回以上減配あり,0.1648148148148148,
2932.T,"STI Foods Holdings,Inc.",0,7,30,37,19751696384.0,無配年あり,0.2689394596161844,
5136.T,"tripla Co., Ltd.",0,7,30,37,14926852096.0,無配年あり,,
9249.T,"Japan Ecosystem Co., Ltd.",0,7,30,37,13809846272.0,無配年あり,0.01961289080443289,
6599.T,"Ebrains, Inc.",0,20,17,37,6843074560.0,無配年あり,0.2273834839624313,
6246.T,Techno Smart Corp.,3,17,17,37,20614168576.0,2回減配あり/3回以上減配あり,0.3282466651128939,
4492.T,Genetec Corporation,0,7,30,37,4434022400.0,2回減配あり/無配年あり,1.9778579021942773,
4495.T,"i Cubed Systems, Inc.",0,7,30,37,10036211712.0,無配年あり,0.5479166666666666,
5038.T,"eWeLL Co.,Ltd.",0,7,30,37,31430379520.0,無配年あり,0.2888888888888889,
8349.T,"The Tohoku Bank, Ltd.",20,3,14,37,15278322688.0,ROE低い/自己資本比率低い/営業CF合計マイナス,0.0,
3387.T,create restaurants holdings inc.,0,17,20,37,353133789184.0,現金比率低い/2回減配あり/無配年あり/3回以上減配あり,0.2907297864783243,
5987.T,ONEX Corporation,20,2,15,37,2731728384.0,,0.0,
3992.T,Needs Well Inc.,0,7,30,37,16544756736.0,無配年あり,0.1986146336553945,
9731.T,"Hakuyosha Company, Ltd.",0,7,30,37,12639440896.0,2回減配あり/無配年あり,0.38095238095238093,
7060.T,geechs inc.,0,7,30,37,6095705600.0,無配年あり,0.25,
4286.T,CL Holdings Inc.,0,7,30,37,14314456064.0,2回減配あり/無配年あり/3回以上減配あり,0.006514636727877641,
3905.T,Datasection Inc.,0,7,30,37,77696819200.0,現金比率低い/無配年あり/営業CF合計マイナス,,
3914.T,JIG-SAW INC.,0,7,30,37,16692604928.0,無配年あり,,
7081.T,"Koyou Rentia Co., Ltd.",0,7,30,37,14521213952.0,無配年あり,0.2190714453505151,
7115.T,AlphaPurchase Corporation,0,7,30,37,14278323200.0,無配年あり,0.3547699214365881,
9767.T,"Nikken Kogaku Co., Ltd.",0,20,17,37,3188804608.0,2回減配あり/無配年あり,-0.14285714285714285,
3063.T,j-Group Holdings Corp.,0,7,30,37,14205257728.0,自己資本比率低い/2回減配あり/無配年あり,-0.19999999999999998,
3989.T,"Sharingtechnology, Inc.",0,7,30,37,36997738496.0,無配年あり,0.8333333333333334,
9702.T,ISB Corporation,0,7,30,37,28634554368.0,無配年あり,0.18609675141838883,
4072.T,"Densan System Holdings Co., Ltd.",0,7,30,37,34179719168.0,無配年あり,0.4821911196911197,
6822.T,"Oi Electric Co., Ltd.",0,7,30,37,5834153472.0,2回減配あり/無配年あり,-0.21666666666666667,
6955.T,FDK Corporation,0,25,12,37,13974424576.0,ROE低い/無配年あり,,
9788.T,"Nac Co., Ltd.",3,17,17,37,20808433664.0,2回減配あり/3回以上減配あり,0.07301816658541806,
1435.T,"Robot Home, Inc.",0,7,30,37,15372261376.0,無配年あり,0.21428571428571427,
4341.T,Seiryo Electric Corporation,0,12,25,37,3145602304.0,2回減配あり/無配年あり/3回以上減配あり,-0.2256358225108225,
3788.T,GMO GlobalSign Holdings K.K.,0,7,30,37,22629801984.0,2回減配あり/無配年あり/3回以上減配あり,0.14522727166727292,
3802.T,"Ecomic Co., Ltd",0,20,17,37,1663617920.0,無配年あり,0.22916666666666666,
4371.T,Core Concept Technologies Inc.,0,7,30,37,25386579968.0,無配年あり,,
5132.T,"pluszero, Inc.",0,7,30,37,14743443456.0,無配年あり,,
7030.T,SPRIX Inc.,0,7,30,37,17173609472.0,無配年あり,0.11082949308755762,
6045.T,"Rentracks CO.,LTD.",0,12,24,36,16521445376.0,無配年あり,0.2855203823953824,
6080.T,"M&A Capital Partners Co.,Ltd.",0,12,24,36,136171216896.0,無配年あり,0.15125000000000002,
7868.T,"KOSAIDO Holdings Co., Ltd.",0,19,17,36,79258181632.0,無配年あり,0.8118211318099767,
7898.T,"Wood One Co.,Ltd.",12,20,4,36,8703401984.0,ROE低い/EPS低い/2回減配あり,-0.04439024390243903,
7177.T,"GMO Financial Holdings, Inc.",0,12,24,36,139109498880.0,2回減配あり/3回以上減配あり,0.19353384362418996,
4750.T,"Daisan Co., Ltd.",10,12,14,36,3623253504.0,ROE低い/2回減配あり,-0.007090333177289699,
3467.T,Agratio urban design Inc.,3,3,30,36,16052814848.0,自己資本比率低い/2回減配あり/営業CF合計マイナス/3回以上減配あり,0.3663747846356542,
6495.T,"Miyairi Valve Mfg. Co., Ltd.",0,12,24,36,5104464384.0,現金比率低い/配当性向100%以上/無配年あり,0.0,
3173.T,"Cominix Co.,Ltd.",0,12,24,36,10150138880.0,2回減配あり/3回以上減配あり,0.1200025492148155,
3611.T,Matsuoka Corporation,0,17,19,36,25196179456.0,無配年あり,0.15714285714285717,
8700.T,"Maruhachi Securities Co., Ltd.",0,12,24,36,7874899968.0,2回減配あり/3回以上減配あり,0.2759259259259259,
7122.T,"The Kinki Sharyo Co., Ltd.",0,17,19,36,16512194560.0,無配年あり,-0.06666666666666668,
7280.T,Mitsuba Corporation,0,22,14,36,62169849856.0,2回減配あり/無配年あり/3回以上減配あり,0.008333333333333318,
9601.T,"Shochiku Co., Ltd.",0,22,14,36,147607175168.0,ROE低い/2回減配あり/無配年あり,-0.17857142857142858,
8346.T,"The Toho Bank, Ltd.",3,8,25,36,274376359936.0,自己資本比率低い/2回減配あり/営業CF合計マイナス/3回以上減配あり,0.06899315281668222,
6524.T,"Kohoku Kogyo CO.,LTD.",0,12,24,36,150528491520.0,無配年あり,0.17272729256198494,
7343.T,"Broad-minded Co.,Ltd.",0,12,24,36,7538677248.0,配当性向100%以上/無配年あり,0.8541666666666666,
7555.T,"Ota Floriculture Auction Co.,Ltd.",6,20,10,36,3744528128.0,ROE低い/減収傾向/2回減配あり/配当性向70%以上2回,0.009259259259259257,
3223.T,"SLD Entertainment, Inc.",0,12,24,36,1535763200.0,無配年あり,-0.3333333333333333,
6335.T,"Tokyo Kikai Seisakusho, Ltd.",0,12,24,36,4609275904.0,無配年あり,-0.5,
6382.T,Trinity Industrial Corporation,0,17,19,36,19783659520.0,2回減配あり/3回以上減配あり,0.11958479973185855,
8237.T,"Matsuya Co., Ltd.",0,17,19,36,108381208576.0,現金比率低い/2回減配あり/無配年あり/3回以上減配あり,0.032469911041339616,
7590.T,"Takasho Co.,Ltd.",10,12,14,36,6743372800.0,ROE低い/配当性向100%以上/2回減配あり,0.03402554630176112,
5381.T,Mipox Corporation,0,17,19,36,15352863744.0,2回減配あり/無配年あり/3回以上減配あり,-0.38888888888888884,
7192.T,Mortgage Service Japan Limited,0,12,24,36,10129660928.0,無配年あり,0.47723215785714435,
8075.T,Shinsho Corporation,0,17,19,36,83510181888.0,自己資本比率低い/2回減配あり/3回以上減配あり,0.31406930312576137,
3826.T,System Integrator Corp.,0,12,24,36,5404271104.0,2回減配あり/3回以上減配あり,0.12946485775433145,
4390.T,"IPS, Inc.",0,6,30,36,52825927680.0,現金比率低い/無配年あり,0.803689767046059,
2384.T,"SBS Holdings, Inc.",0,12,24,36,205338787840.0,無配年あり,0.15225975072286546,
5142.T,Achilles Corporation,0,17,19,36,26593243136.0,2回減配あり/3回以上減配あり,-0.044444444444444446,
7638.T,"NEW ART HOLDINGS Co., Ltd.",0,12,24,36,23983388672.0,現金比率低い/配当性向70%以上2回/無配年あり,0.5404761904761904,
7042.T,"Access Group Holdings Co., Ltd.",0,12,24,36,2374141440.0,2回減配あり/無配年あり,-0.1027542372881356,
4310.T,Dream Incubator Inc.,0,17,19,36,22205036544.0,配当性向100%以上/2回減配あり/無配年あり,-0.23417468437875533,
4043.T,Tokuyama Corporation,0,22,14,36,295190986752.0,無配年あり,0.48699874686716793,
6871.T,"Micronics Japan Co., Ltd.",0,12,24,36,580789469184.0,2回減配あり/無配年あり/3回以上減配あり,0.4124484429569175,
9024.T,Seibu Holdings Inc.,0,17,19,36,899535208448.0,現金比率低い/2回減配あり/無配年あり/3回以上減配あり,0.22983153344120244,
7013.T,IHI Corporation,0,12,24,36,2874629160960.0,現金比率低い/自己資本比率低い/無配年あり,2.6586333068009487,
3388.T,"Meiji Electric Industries Co.,Ltd.",0,17,19,36,26764986368.0,2回減配あり/3回以上減配あり,0.10601497697837027,
5959.T,"Okabe Co., Ltd.",13,9,14,36,40986730496.0,ROE低い/2回減配あり,0.10391737891737891,
5969.T,"Lobtex Co., Ltd.",3,20,12,35,2246409984.0,ROE低い/2回減配あり/3回以上減配あり,0.039550264550264565,
7084.T,Smile Holdings Inc.,0,15,20,35,9111973888.0,ROE低い/配当性向100%以上/無配年あり,,
5858.T,"STG Co., Ltd.",0,15,20,35,2531441920.0,ROE低い/無配年あり,0.21333333333333332,
5870.T,Nalnet Communications Inc.,0,15,20,35,4777561600.0,無配年あり,0.0,
7047.T,Port Inc.,0,15,20,35,28466821120.0,自己資本比率低い/無配年あり,0.25,
2993.T,Choei Inc.,0,10,25,35,9415777280.0,自己資本比率低い/無配年あり,0.06353508381545765,
1430.T,First-corporation Inc.,3,8,24,35,12865980416.0,2回減配あり/営業CF合計マイナス/3回以上減配あり,0.11698088868080377,
3908.T,Collabos Corporation,0,20,15,35,1685003264.0,減収傾向/無配年あり,,
7096.T,StemCell Institute Inc.,0,15,20,35,7502289920.0,ROE低い/配当性向100%以上/無配年あり,-1.0,
1844.T,"Ohmori Co.,Ltd.",15,0,20,35,8141477376.0,2回減配あり,0.2238095238095238,
7040.T,"Sun-Life Holding Co.,Ltd.",0,10,25,35,5896598016.0,自己資本比率低い/無配年あり,-0.009077380952380953,
7102.T,"Nippon Sharyo, Ltd.",0,11,24,35,51800932352.0,現金比率低い/無配年あり,0.20833333333333331,
500A.T,"TO Books, Inc.",0,25,10,35,11974120448.0,無配年あり,,
505A.T,"Geekly, Inc.",0,25,10,35,15161849856.0,無配年あり,,
9466.T,Aidma Marketing Communication Corporation,0,20,15,35,3157825280.0,減収傾向/配当性向100%以上/2回減配あり/3回以上減配あり,0.19123899072299488,
9423.T,Forval RealStraight Inc.,0,15,20,35,2569627904.0,無配年あり,0.12922077922077924,
7214.T,GMB Corporation,15,10,10,35,6099303936.0,ROE低い/EPS低い/自己資本比率低い/2回減配あり,0.1992063492063492,
5408.T,"Nakayama Steel Works, Ltd.",0,25,10,35,34101436416.0,2回減配あり/無配年あり/減収傾向/ROE低い/配当性向100%以上/3回以上減配あり,0.6448248870579469,
2454.T,"All About, Inc.",13,20,2,35,4635509248.0,ROE低い/EPS低い/2回減配あり,0.2587301587301587,
7199.T,"Premium Group Co., Ltd.",0,5,30,35,81502076928.0,自己資本比率低い/無配年あり/営業CF合計マイナス,0.1486572835470927,
5189.T,"Sakura Rubber Co., Ltd.",3,8,24,35,6771247104.0,2回減配あり/営業CF合計マイナス/3回以上減配あり,0.3225749559082893,
2927.T,"AFC-HD AMS Life Science Co., Ltd.",3,7,25,35,12346545152.0,2回減配あり/3回以上減配あり,0.14705387205387205,
1443.T,"Giken Holdings Co., Ltd.",0,20,15,35,4496800768.0,減収傾向/無配年あり,0.0142857142857143,
6402.T,"Kanematsu Engineering Co., Ltd.",3,12,20,35,7879152128.0,ROE低い/2回減配あり/3回以上減配あり,0.07629568967543263,
3597.T,"JICHODO Co.,Ltd.",18,7,10,35,25705799680.0,ROE低い/配当性向100%以上,0.11851851851851852,
7181.T,"Japan Post Insurance Co., Ltd.",15,8,12,35,1867709939712.0,ROE低い/自己資本比率低い/2回減配あり/営業CF合計マイナス,0.260238801180695,
5707.T,"Toho Zinc Co., Ltd.",0,15,20,35,35449139200.0,自己資本比率低い/2回減配あり/無配年あり/減収傾向/3回以上減配あり,0.0030357142857143082,
3465.T,"Ki-Star Real Estate Co.,Ltd",0,5,30,35,97487142912.0,自己資本比率低い/2回減配あり/営業CF合計マイナス/3回以上減配あり,0.38751000296954685,
2594.T,Key Coffee Inc.,0,15,20,35,42054238208.0,ROE低い/2回減配あり/営業CF合計マイナス/3回以上減配あり,-0.030246913580246906,
5484.T,"Tohoku Steel Co., Ltd.",0,25,10,35,33016389632.0,2回減配あり/無配年あり/減収傾向/ROE低い/3回以上減配あり,0.09123234789901456,
2305.T,"STUDIO ALICE Co.,Ltd.",0,25,10,35,31029438464.0,2回減配あり/配当性向70%以上2回/無配年あり/減収傾向/ROE低い/配当性向100%以上,-0.11071428571428571,
3608.T,"TSI Holdings Co.,Ltd.",0,15,20,35,68763230208.0,ROE低い/配当性向100%以上/無配年あり/営業CF合計マイナス,0.27083333333333337,
6390.T,"Kato Works Co.,Ltd.",0,13,22,35,14633698304.0,2回減配あり/営業CF合計マイナス/3回以上減配あり,0.3338913255360624,
8708.T,"Aizawa Securities Group Co., Ltd.",0,10,25,35,52395712512.0,営業CF合計マイナス/2回減配あり/配当性向70%以上2回/配当性向100%以上/3回以上減配あり,0.2484050248756131,
8383.T,"The Tottori Bank, Ltd.",12,3,20,35,18259763200.0,ROE低い/自己資本比率低い/2回減配あり/営業CF合計マイナス,-0.019360269360269362,
8365.T,"The Bank of Toyama, Ltd.",20,3,12,35,12580120576.0,ROE低い/自己資本比率低い/営業CF合計マイナス,0.0,
4434.T,"Serverworks Co.,Ltd.",0,25,10,35,18066927616.0,ROE低い/EPS低い/無配年あり,,
6470.T,"Taiho Kogyo Co., Ltd.",0,25,10,35,33045094400.0,ROE低い/EPS低い/2回減配あり/3回以上減配あり,-0.04651889741403808,
3896.T,"Awa Paper & Technological Company, Inc.",0,10,24,34,4190814208.0,自己資本比率低い/2回減配あり/無配年あり/3回以上減配あり,-0.525,
6837.T,"Kyosha Co., Ltd.",0,20,14,34,23589529600.0,2回減配あり/無配年あり/ROE低い/配当性向100%以上/3回以上減配あり,0.0666666666666667,
6776.T,"Tensho Electric Industries Co., Ltd.",0,20,14,34,5172229632.0,ROE低い/無配年あり,0.08333333333333333,
4057.T,"Interfactory, Inc.",0,20,14,34,1388272512.0,ROE低い/無配年あり,,
7972.T,Itoki Corporation,0,4,30,34,120506327040.0,無配年あり,0.2698675698675699,
177A.T,"Kohjin Bio Co., Ltd.",0,20,14,34,4293744128.0,ROE低い/無配年あり,,
3993.T,PKSHA Technology Inc.,0,9,25,34,99539050496.0,無配年あり,,
4005.T,"Sumitomo Chemical Company, Limited",0,12,22,34,958251139072.0,自己資本比率低い/2回減配あり/3回以上減配あり,0.1202757292910746,
7847.T,Graphite Design Inc.,0,12,22,34,4390632960.0,配当性向100%以上/2回減配あり/3回以上減配あり,0.11786289394985044,
3004.T,Shinyei Kaisha,0,15,19,34,7999483904.0,無配年あり,0.1875,
2438.T,"Asukanet Co., Ltd.",0,20,14,34,5219043840.0,ROE低い/2回減配あり/3回以上減配あり,-0.025268558601891936,
8123.T,"T.Kawabe & Co., Ltd.",0,20,14,34,2538224384.0,ROE低い/2回減配あり/無配年あり/3回以上減配あり,0.11632653061224493,
6279.T,Zuiko Corporation,0,17,17,34,24649529344.0,2回減配あり/3回以上減配あり,-0.000775676615227631,
7670.T,O-Well Corporation,0,17,17,34,12263532544.0,無配年あり,0.16411494422330336,
1899.T,Fukuda Corporation,0,9,25,34,78351622144.0,2回減配あり/無配年あり,0.15009496676163345,
4331.T,"Take and Give. Needs Co., Ltd",0,20,14,34,12799580160.0,2回減配あり/無配年あり/3回以上減配あり,-0.18095238095238095,
7604.T,"Umenohana Group Co.,Ltd.",0,10,24,34,8129445376.0,自己資本比率低い/無配年あり,-0.14285714285714285,
6269.T,"MODEC, Inc.",0,4,30,34,598490677248.0,2回減配あり/無配年あり/3回以上減配あり,0.29470681913116126,
6264.T,"Marumae Co., Ltd.",3,9,22,34,59635343360.0,2回減配あり/3回以上減配あり,0.28278867102396515,
4996.T,"Kumiai Chemical Industry Co., Ltd.",13,1,20,34,81077469184.0,ROE低い/2回減配あり,0.19233536978635019,
6568.T,"KNC Laboratories Co., Ltd.",0,20,14,34,9498599424.0,2回減配あり/無配年あり,0.04953817304047719,
7284.T,"Meiwa Industry Co., Ltd.",0,20,14,34,4065667072.0,ROE低い/配当性向100%以上/2回減配あり,0.04545454545454545,
9253.T,Slogan Inc.,0,12,22,34,1875232256.0,無配年あり,-1.0,
9265.T,"Yamashita Health Care Holdings,Inc.",0,15,19,34,9193773056.0,2回減配あり/無配年あり,0.22407346303124126,
9505.T,Hokuriku Electric Power Company,0,12,22,34,230840287232.0,自己資本比率低い/2回減配あり/無配年あり/3回以上減配あり,-0.5444444444444444,
9517.T,"eREX Co.,Ltd.",0,19,15,34,64813481984.0,減収傾向/無配年あり,0.015277783777778026,
7707.T,"Precision System Science Co., Ltd.",0,12,22,34,5931517440.0,無配年あり,-1.0,
4198.T,"TENDA Co.,LTD.",0,20,14,34,3365102592.0,ROE低い/配当性向100%以上/無配年あり,0.4504938153648193,
9274.T,"Kpp Group Holdings Co., Ltd.",0,17,17,34,69418606592.0,自己資本比率低い/無配年あり,0.2471380471380471,
9363.T,"Daiun Co.,Ltd.",0,20,14,34,2502501888.0,ROE低い/無配年あり,0.13939393939393938,
6730.T,AXELL Corporation,0,17,17,34,17489915904.0,2回減配あり/無配年あり,0.03881626885659144,
6525.T,Kokusai Electric Corporation,0,22,12,34,2361844563968.0,現金比率低い/無配年あり,0.27586206896551724,
6466.T,"TVE Co., Ltd.",15,0,19,34,10180707328.0,2回減配あり,0.05846560846560848,
4664.T,Japan Reliance Service Corporation,0,20,14,34,3369742848.0,ROE低い/無配年あり,0.20955882352941174,
3196.T,"HOTLAND HOLDINGS Co., Ltd.",0,9,25,34,43434299392.0,無配年あり,-0.033928571428571426,
3186.T,"NEXTAGE Co., Ltd.",0,4,30,34,218870579200.0,無配年あり,0.5920244107744107,
2760.T,Tokyo Electron Device Limited,3,9,22,34,135467606016.0,現金比率低い/2回減配あり/3回以上減配あり,0.24132638921702643,
2311.T,"EPCO Co.,Ltd.",9,0,25,34,7117846528.0,2回減配あり/配当性向70%以上2回,0.05083061002178649,
6324.T,Harmonic Drive Systems Inc.,0,22,12,34,625747492864.0,現金比率低い/2回減配あり/ROE低い/配当性向100%以上/3回以上減配あり,0.0327056951174717,
7537.T,Marubun Corporation,1,14,19,34,50333962240.0,2回減配あり/3回以上減配あり,0.16227784561117897,
9087.T,Takase Corporation,0,20,14,34,4087313920.0,ROE低い/無配年あり,-0.075,
4829.T,"Nihon Enterprise Co.,Ltd.",0,20,14,34,4123225856.0,ROE低い/配当性向100%以上/2回減配あり,0.03703703703703704,
3457.T,"&Do Holdings Co.,Ltd.",15,0,19,34,17392656384.0,2回減配あり,0.4552562047972086,
5541.T,"Pacific Metals Co., Ltd.",0,19,15,34,46146584576.0,2回減配あり/無配年あり/減収傾向/配当性向100%以上/3回以上減配あり,0.09181818181818184,
5923.T,"TAKADAKIKO (Steel Construction) CO.,LTD.",15,12,7,34,6824540160.0,EPS低い/2回減配あり,0.18853212911621878,
3422.T,"J-MAX Co.,Ltd.",0,15,19,34,7725980160.0,2回減配あり/無配年あり,-0.1520881079704609,
7795.T,"Kyoritsu Co.,Ltd.",0,20,14,34,8987561984.0,ROE低い/無配年あり,0.21515151515151515,
3878.T,Tomoegawa Corporation,0,15,19,34,9747369984.0,無配年あり,-0.125,
5535.T,MIGALO HOLDINGS Inc.,0,3,30,33,18326777856.0,自己資本比率低い/無配年あり/営業CF合計マイナス,-0.18840579710144928,
2892.T,"Nihon Shokuhin Kako Co., Ltd.",10,9,14,33,22764902400.0,ROE低い/現金比率低い/配当性向100%以上/2回減配あり,0.2879776601998824,
6548.T,Tabikobo Co. Ltd.,0,3,30,33,2411756032.0,無配年あり/営業CF合計マイナス,,
7327.T,"Daishi Hokuetsu Financial Group, Inc.",0,8,25,33,725925036032.0,自己資本比率低い/無配年あり/営業CF合計マイナス,0.19837400905888028,
7337.T,"Hirogin Holdings, Inc.",0,8,25,33,712688140288.0,自己資本比率低い/無配年あり/営業CF合計マイナス,0.21469129318394023,
2983.T,"Arr Planner Co., Ltd.",0,3,30,33,17174285312.0,自己資本比率低い/無配年あり/営業CF合計マイナス,1.3555555555555554,
7380.T,"Juroku Financial Group,Inc.",0,8,25,33,496956997632.0,自己資本比率低い/無配年あり/営業CF合計マイナス,0.15589312648136178,
7389.T,"Aichi Financial Group, Inc.",0,8,25,33,499896745984.0,自己資本比率低い/無配年あり/営業CF合計マイナス,0.05,
7388.T,FP Partner Inc.,0,9,24,33,53483577344.0,配当性向100%以上/無配年あり,0.021980676328502417,
8119.T,Sanyei Corporation,1,20,12,33,7433191424.0,ROE低い/2回減配あり/3回以上減配あり,0.3863091701326995,
4098.T,"Titan Kogyo, Ltd.",14,7,12,33,3003217920.0,ROE低い/2回減配あり,0.027160493827160497,
6072.T,"ERTH Group Co.,Ltd.",0,9,24,33,23439865856.0,現金比率低い/2回減配あり/無配年あり,-0.3,
1833.T,Okumura Corporation,3,10,20,33,194965372928.0,現金比率低い/2回減配あり/営業CF合計マイナス/3回以上減配あり,0.11601755358239016,
3449.T,Technoflex Corporation,0,9,24,33,82984378368.0,無配年あり,0.2171973803071364,
3444.T,"Kikuchi Seisakusho Co., Ltd.",0,13,20,33,13456468992.0,ROE低い/配当性向100%以上/無配年あり/営業CF合計マイナス,-0.08163265306122448,
341A.T,TOYOKOH Inc.,0,9,24,33,30179919872.0,現金比率低い/無配年あり,,
7350.T,"Okinawa Financial Group, Inc.",0,8,25,33,169278849024.0,自己資本比率低い/無配年あり/営業CF合計マイナス,0.21952614379084967,
7322.T,"San ju San Financial Group,Inc.",0,8,25,33,234866704384.0,自己資本比率低い/無配年あり/営業CF合計マイナス,0.24184303350970016,
2158.T,"FRONTEO, Inc.",0,9,24,33,27074418688.0,現金比率低い/2回減配あり/無配年あり/3回以上減配あり,-0.75,
8139.T,Nagahori Corporation,3,5,25,33,34580520960.0,現金比率低い/2回減配あり/営業CF合計マイナス/3回以上減配あり,0.2886446886446887,
1786.T,Oriental Shiraishi Corporation,0,19,14,33,43734990848.0,ROE低い/2回減配あり/無配年あり,0.1782828282828283,
6963.T,"ROHM Co., Ltd.",1,30,2,33,1970709069824.0,EPS低い/2回減配あり/3回以上減配あり,0.09286023959937001,
6899.T,Asti Corporation,1,20,12,33,6932649472.0,ROE低い/2回減配あり/3回以上減配あり,0.3944444444444444,
463A.T,"INTELLEX HOLDINGS Co.,Ltd.",0,3,30,33,10033332224.0,自己資本比率低い/2回減配あり/営業CF合計マイナス/3回以上減配あり,0.019666496137084363,
156A.T,Material Group Inc.,0,2,30,32,8158658560.0,無配年あり,0.03750997605746215,
3940.T,"Nomura System Corporation Co, Ltd.",0,2,30,32,5859380736.0,無配年あり,-0.008757255816079354,
9888.T,"UEX, Ltd.",0,12,20,32,12843323392.0,減収傾向/配当性向100%以上/2回減配あり/3回以上減配あり,0.5692009379509381,
6554.T,"SUS Co.,Ltd.",0,2,30,32,9892891648.0,無配年あり,0.41825396825396827,
6551.T,"Tsunagu Group Holdings, Inc.",0,2,30,32,5051637760.0,無配年あり,0.041666666666666664,
9929.T,"Heiwa Paper Co.,Ltd.",0,20,12,32,4347980288.0,ROE低い/配当性向100%以上/2回減配あり,0.05925925925925927,
9853.T,"Ginza Renoir Co., Ltd.",0,12,20,32,5552606720.0,ROE低い/無配年あり,-0.11538461538461539,
137A.T,"Cocolive, Inc.",0,12,20,32,2055074560.0,無配年あり,,
3933.T,"CHIeru Co.,Ltd.",0,2,30,32,3989092096.0,自己資本比率低い/無配年あり,0.45619047619047615,
138A.T,"Hikari Food Service Co., Ltd.",0,2,30,32,3114880000.0,無配年あり,0.0,
6943.T,"NKK Switches Co., Ltd.",0,20,12,32,5108619264.0,ROE低い/2回減配あり/3回以上減配あり,0.07793209876543211,
7120.T,SHINKO Inc.,0,2,30,32,4661562880.0,自己資本比率低い/無配年あり,0.1776785773405675,
8585.T,Orient Corporation,0,12,20,32,137291055104.0,ROE低い/自己資本比率低い/無配年あり,0.10416666666666666,
5570.T,"Jenoba Co.,Ltd.",0,2,30,32,8031823872.0,無配年あり,0.225,
9704.T,"AGORA Hospitality Group Co., Ltd",0,2,30,32,6934299136.0,無配年あり,,
4053.T,Sun* Inc.,0,7,25,32,20799426560.0,無配年あり,,
5590.T,"NETSTARS Co.,Ltd.",0,7,25,32,12289289216.0,無配年あり,,
5533.T,"Elitz Holdings Co., Ltd.",0,2,30,32,7324188160.0,無配年あり,-0.005342399222923747,
1887.T,JDC Corporation,0,15,17,32,42691530752.0,2回減配あり/無配年あり/営業CF合計マイナス/3回以上減配あり,-0.08921935552370334,
7383.T,"Net Protections Holdings, Inc.",0,7,25,32,37910642688.0,自己資本比率低い/無配年あり,,
3607.T,"Kuraudia Holdings Co.,Ltd.",0,2,30,32,3235576576.0,2回減配あり/無配年あり,0.10530753968253967,
5257.T,"Nova System Co.,Ltd.",0,2,30,32,3986811392.0,無配年あり,,
6265.T,CONVUM Ltd.,13,2,17,32,4934428672.0,2回減配あり,0.04006734006734008,
7413.T,"Sokensha Co.,Ltd.",11,7,14,32,2029051648.0,ROE低い/2回減配あり/配当性向70%以上2回,0.07407407407407408,
7362.T,Terminalcare Support Institute Inc.,0,2,30,32,1344437504.0,無配年あり,,
7131.T,Nomura Corporation,0,2,30,32,5031062528.0,無配年あり,0.29372839966060305,
4060.T,rakumo Inc.,0,2,30,32,7180656128.0,無配年あり,0.5,
6182.T,MetaReal Corporation,0,20,12,32,6020826112.0,ROE低い/2回減配あり/無配年あり,-0.45751633986928103,
6180.T,GMO Media Inc.,0,2,30,32,6802605568.0,2回減配あり/配当性向70%以上2回/無配年あり/3回以上減配あり,3.6010600268764237,
7677.T,"Yashima & Co.,Ltd.",0,7,25,32,7748845056.0,無配年あり,0.0,
4284.T,"SOLXYZ Co., Ltd.",0,2,30,32,9292475392.0,無配年あり,0.23703703703703705,
205A.T,Logos Holdings Inc.,0,2,30,32,6395883520.0,自己資本比率低い/無配年あり,,
5578.T,"AR advanced technology, Inc.",0,2,30,32,8963414016.0,無配年あり,-1.0,
5587.T,Inbound Platform Corp.,0,2,30,32,2832088064.0,無配年あり,,
9326.T,"Kantsu HD Co.,Ltd.",0,2,30,32,4864275456.0,自己資本比率低い/無配年あり,0.0,
5588.T,"Fast Accounting Co.,Ltd.",0,2,30,32,8426823168.0,無配年あり,0.2741935483870967,
1438.T,"Gifu landscape architect Co., Ltd.",0,2,30,32,7153718784.0,無配年あり,0.6333333333333333,
4391.T,"Logizard Co., Ltd.",0,2,30,32,3671040256.0,無配年あり,0.08700297287253811,
143A.T,"Ishin Co., Ltd.",0,12,20,32,1347091840.0,ROE低い/無配年あり,,
9264.T,"Puequ CO.,LTD.",0,2,30,32,7273241088.0,配当性向100%以上/2回減配あり/無配年あり,0.07931948223904531,
334A.T,"Visual Processing Japan Co., Ltd.",0,2,30,32,4041740800.0,無配年あり,,
142A.T,"JINJIB Co., Ltd.",0,2,30,32,3073701632.0,自己資本比率低い/無配年あり,,
1419.T,"Tama Home Co., Ltd.",0,22,10,32,84326555648.0,ROE低い/減収傾向/配当性向100%以上/2回減配あり,0.5165441381230855,
245A.T,INGS inc.,0,2,30,32,6367192576.0,無配年あり,,
4712.T,"KeyHolder, Inc.",0,7,25,32,15487572992.0,無配年あり,0.0,
5609.T,Nippon Chuzo K. K.,0,20,12,32,4546334208.0,ROE低い/配当性向100%以上/2回減配あり/3回以上減配あり,0.11746031746031746,
3065.T,"Life Foods Co., Ltd.",0,20,12,32,4917767680.0,ROE低い/2回減配あり/無配年あり,-0.24,
247A.T,Ai Robotics Inc.,0,2,30,32,63779794944.0,現金比率低い/無配年あり/営業CF合計マイナス,,
5843.T,"Nippon Insure Co., Ltd.",0,2,30,32,6657697280.0,無配年あり,0.7272727272727273,
3477.T,"FORLIFE Co., Ltd.",0,8,24,32,3671291392.0,2回減配あり/無配年あり/営業CF合計マイナス/3回以上減配あり,0.27455357142857145,
5699.T,"IBOKIN Co.,Ltd.",0,2,30,32,5117715968.0,無配年あり,0.14242424242424243,
2695.T,"Kura Sushi, Inc.",0,12,20,32,134093340672.0,ROE低い/無配年あり,0.09259259259259259,
6156.T,A-One Seimitsu Inc.,20,2,10,32,9512096768.0,ROE低い/配当性向100%以上,0.19947089947089947,
4421.T,"D. I. System Co., Ltd.",0,2,30,32,2617797632.0,無配年あり,0.14717171717171718,
9218.T,"Mental Health Technologies Co.,Ltd.",0,2,30,32,8615933952.0,無配年あり,,
446A.T,"Northsand, Inc.",0,22,10,32,159665995776.0,現金比率低い/無配年あり,,
9214.T,"Recovery International Co.,Ltd.",0,2,30,32,1658016896.0,無配年あり,,
6723.T,Renesas Electronics Corporation,0,12,20,32,6608201449472.0,減収傾向/無配年あり,0.0,
4766.T,"PA Co., Ltd.",0,2,30,32,2344115200.0,無配年あり,-0.2,
7793.T,IMAGE MAGIC Inc.,0,2,30,32,3918582016.0,無配年あり,0.06666666666666667,
4445.T,Living Technologies Inc.,0,2,30,32,4262310144.0,無配年あり,,
3418.T,"Balnibarbi Co.,Ltd.",15,7,10,32,11386378240.0,ROE低い/2回減配あり,0.07407407407407406,
4440.T,WITZ Corporation,0,2,30,32,9678405632.0,無配年あり,0.15079365079365079,
4486.T,Unite and Grow Inc.,0,2,30,32,5424464384.0,無配年あり,0.4082070707070707,
244A.T,"Growth X Partners,Inc.",0,2,30,32,4117296640.0,無配年あり,,
2418.T,TSUKADA GLOBAL HOLDINGS Inc.,0,7,25,32,27755823104.0,無配年あり,0.027272727272727275,
7352.T,TWOSTONE&Sons Inc.,0,7,25,32,13792704512.0,無配年あり,-0.16666666666666666,
4194.T,"Visional, Inc.",0,12,20,32,354380283904.0,無配年あり,,
7353.T,"KIYO Learning Co.,Ltd.",0,2,30,32,3492982528.0,無配年あり,,
7361.T,"Human Creation Holdings, Inc.",0,2,30,32,4088178176.0,無配年あり,0.024723552014643234,
6748.T,"Seiwa Electric Mfg. Co., Ltd.",0,7,25,32,10113937408.0,無配年あり,0.09012345679012346,
2404.T,"Tetsujin Holdings, Inc.",0,2,30,32,7107606016.0,無配年あり,-1.0,
2408.T,"KG Intelligence CO., LTD.",13,0,19,32,5965464064.0,2回減配あり,0.2669318546063364,
6772.T,"Tokyo Cosmos Electric Co., Ltd.",0,20,12,32,6868794880.0,ROE低い/配当性向100%以上/2回減配あり,0.31928480204342274,
2936.T,BASE FOOD Inc.,0,8,24,32,14576579584.0,無配年あり/営業CF合計マイナス,,
9558.T,"Japaniace Co.,Ltd.",0,2,30,32,7888743936.0,無配年あり,0.2252904989747095,
4120.T,"Sugai Chemical Industry Co., Ltd.",0,20,12,32,3964848128.0,ROE低い/無配年あり,0.1587301587301587,
456A.T,HUMAN MADE Inc.,0,22,10,32,188832612352.0,現金比率低い/無配年あり,,
5928.T,"Almetax Manufacturing Co., Ltd.",2,20,10,32,3028301056.0,ROE低い/減収傾向/2回減配あり/3回以上減配あり,0.019023569023569022,
8904.T,"Avantia Co., Ltd.",20,0,12,32,11849313280.0,ROE低い/営業CF合計マイナス,0.0,
3662.T,"Ateam Holdings Co., Ltd.",22,0,10,32,17693982720.0,ROE低い/配当性向100%以上,0.1500617283950617,
3671.T,"Softmax Co., Ltd",0,2,30,32,7575489024.0,無配年あり,0.2444444111111178,
6571.T,"QB Net Holdings Co.,Ltd.",0,7,25,32,17287684096.0,無配年あり,0.1169753086419753,
4013.T,"Kinjiro Co.,Ltd.",0,7,25,32,12626138112.0,無配年あり,0.005294117647058827,
4012.T,"Axis Co.,Ltd.",0,2,30,32,7686522368.0,無配年あり,0.7694444444444444,
3947.T,"Dynapac Co., Ltd.",0,7,25,32,24803223552.0,無配年あり,0.08439153439153439,
4019.T,"Stmn, Inc.",0,2,30,32,5339069440.0,無配年あり,0.25,
3521.T,"Thermae-Yu Holdings Co., Ltd.",0,12,20,32,4178947072.0,ROE低い/配当性向70%以上2回/無配年あり,,
3494.T,"Mullion Co., Ltd.",0,2,30,32,3252554240.0,無配年あり,0.11744287458573173,
3920.T,"Internetworking and Broadband Consulting Co.,Ltd.",0,2,30,32,5424062464.0,無配年あり,0.4444444444444444,
5867.T,"es Networks Co., Ltd.",0,2,30,32,4380001792.0,無配年あり,0.1043360433604336,
4372.T,"YMIRLINK,Inc.",0,2,30,32,5102842880.0,無配年あり,-0.6545454545454545,
9778.T,"Subaru Co., Ltd.",0,20,12,32,3284367872.0,ROE低い/配当性向100%以上,0.0,
9259.T,"TAKAYOSHI Holdings, INC.",0,2,30,32,4628603904.0,無配年あり,,
4918.T,Ivy Cosmetics Corporation,0,20,12,32,1878713600.0,ROE低い/2回減配あり/無配年あり/3回以上減配あり,-0.5,
7071.T,"Amvis Holdings, Inc.",0,7,25,32,38555164672.0,無配年あり,0.2333333333333333,
3988.T,"SYS Holdings Co., Ltd.",0,2,30,32,5798777856.0,無配年あり,0.14851190476190476,
7072.T,"Intimate Merger, Inc.",0,2,30,32,3487319296.0,無配年あり,,
7080.T,"Sportsfield Co., Ltd.",0,2,30,32,6588665344.0,無配年あり,0.14109848484848486,
6817.T,Sumida Corporation,9,9,14,32,42467627008.0,ROE低い/2回減配あり/配当性向70%以上2回,0.08637209283503261,
3547.T,Unisia Holdings Co.,0,7,25,32,21295882240.0,無配年あり,0.05811965811965811,
8181.T,"Totenko Co., Ltd.",0,12,20,32,2573314304.0,ROE低い/無配年あり,-0.3333333333333333,
228A.T,"OPRO Co., Ltd.",0,2,30,32,4030800640.0,無配年あり,,
8360.T,"The Yamanashi Chuo Bank,Ltd.",10,8,14,32,231514931200.0,自己資本比率低い/営業CF合計マイナス/2回減配あり/ROE低い/配当性向100%以上,0.1114202445110598,
151A.T,Dive Group Inc.,0,2,30,32,5216881152.0,無配年あり,,
5028.T,"SecondXight Analytica, Inc.",0,2,30,32,3351542016.0,無配年あり,,
5304.T,"Sec Carbon,Limited",3,27,2,32,47568261120.0,ROE低い/EPS低い/2回減配あり/3回以上減配あり,0.3808834798287131,
5031.T,Moi Corporation,0,12,19,31,6528508928.0,無配年あり,,
5078.T,CEL Corporation,0,17,14,31,15912294400.0,ROE低い/無配年あり,0.29910714285714285,
5461.T,"Chubu Steel Plate Co., Ltd.",0,19,12,31,55927615488.0,ROE低い/配当性向100%以上/2回減配あり/無配年あり,-0.05820293978188715,
2998.T,CREAL Inc.,0,7,24,31,17189113856.0,自己資本比率低い/無配年あり,,
5036.T,"Japan Business Systems, Inc.",0,1,30,31,69886451712.0,無配年あり,0.2833333333333333,
2300.T,"Kyokuto Co., Ltd.",0,12,19,31,2630512896.0,配当性向100%以上/2回減配あり,0.03466032877797584,
2198.T,IKK Holdings Inc.,0,7,24,31,22380746752.0,無配年あり,0.04999999999999999,
7513.T,"Kojima Co.,Ltd.",0,12,19,31,112772071424.0,無配年あり,0.15853174603174602,
3276.T,"Japan Property Management Center Co.,Ltd.",0,7,24,31,37963493376.0,無配年あり,0.07808158361338938,
6482.T,Yushin Company,0,17,14,31,22574753792.0,ROE低い/配当性向100%以上/2回減配あり/3回以上減配あり,0.03384168482207697,
4320.T,"CE Holdings Co.,Ltd.",0,7,24,31,27181125632.0,無配年あり,0.17272158246014457,
8104.T,KUWAZAWA Holdings Corporation,0,12,19,31,11908610048.0,無配年あり,0.1880952380952381,
2471.T,"S-Pool, Inc.",0,7,24,31,21166088192.0,無配年あり,0.47115600448933787,
2286.T,"Hayashikane Sangyo Co.,Ltd.",0,12,19,31,7325109248.0,無配年あり,0.14583333333333331,
9625.T,"Cerespo Co., Ltd.",0,12,19,31,5026784768.0,2回減配あり/無配年あり/3回以上減配あり,-0.10697321744180174,
9713.T,"The Royal Hotel, Limited",0,17,14,31,13852618752.0,ROE低い/無配年あり,0.0,
8076.T,Canox Corporation,0,12,19,31,20492644352.0,無配年あり,0.03505050505050505,
3320.T,Cross Plus Inc.,0,12,19,31,9700063232.0,無配年あり,0.32766712454212454,
2811.T,"Kagome Co., Ltd.",0,12,19,31,240079896576.0,2回減配あり/無配年あり,0.09194398851621176,
7018.T,Naikai Zosen Corporation,0,7,24,31,22997825536.0,自己資本比率低い/無配年あり,0.0625,
3242.T,"Urbanet Corporation Co.,Ltd.",1,0,30,31,19934128128.0,2回減配あり/営業CF合計マイナス/3回以上減配あり,0.03802336724163349,
3071.T,"Stream Co.,Ltd.",0,12,19,31,2846559488.0,無配年あり,0.0,
4650.T,"SD ENTERTAINMENT,Inc.",0,7,24,31,2417582848.0,無配年あり,-0.10999999999999999,
8887.T,"SYLA Holdings Co., Ltd.",0,7,24,31,13626013696.0,自己資本比率低い/2回減配あり/3回以上減配あり,-0.11790123456790123,
6915.T,"Chiyoda Integre Co.,Ltd.",0,7,24,31,30665486336.0,2回減配あり/無配年あり/3回以上減配あり,0.09503244061622768,
9475.T,"Shobunsha Holdings, Inc.",0,12,19,31,9197125632.0,2回減配あり/無配年あり,-0.35,
7896.T,"Seven Industries Co., Ltd.",15,12,4,31,2258498048.0,ROE低い/EPS低い/2回減配あり,0.11428548024955015,
2120.T,"LIFULL Co.,Ltd.",0,7,24,31,30031695872.0,2回減配あり/3回以上減配あり,0.7931069955163684,
4676.T,"Fuji Media Holdings, Inc.",0,17,14,31,558741520384.0,ROE低い/配当性向100%以上/2回減配あり/3回以上減配あり,0.03284851538819792,
7256.T,"Kasai Kogyo Co., Ltd.",0,7,24,31,20971579392.0,自己資本比率低い/2回減配あり/無配年あり,-0.3039206027238482,
4258.T,AMIYA Corporation,0,1,30,31,43994128384.0,無配年あり,,
6149.T,"Odawara Engineering Co., Ltd.",0,7,24,31,12501820416.0,2回減配あり/無配年あり,0.25740740740740736,
6580.T,"Writeup Co.,Ltd.",0,12,19,31,4304553472.0,無配年あり,,
4548.T,Seikagaku Corporation,0,17,14,31,31778795520.0,2回減配あり/配当性向70%以上2回/ROE低い/配当性向100%以上/3回以上減配あり,0.024326959762467817,
2429.T,"World Holdings Co., Ltd.",0,1,30,31,50727596032.0,2回減配あり/無配年あり/3回以上減配あり,0.11876999361654016,
6457.T,Glory Ltd.,0,14,17,31,225249378304.0,現金比率低い/2回減配あり/3回以上減配あり,0.09412900727176363,
9252.T,"Last One Mile Co.,Ltd.",0,7,24,31,11076042752.0,無配年あり,,
2938.T,"Okamura Foods Co., Ltd.",0,1,30,31,63208923136.0,無配年あり,0.6560459039792534,
9355.T,Rinko Corporation,0,12,19,31,5862750208.0,現金比率低い/無配年あり,0.16666666666666666,
7381.T,"CCI Group, Inc.",0,12,19,31,296858419200.0,自己資本比率低い/無配年あり,0.20783298826777089,
4436.T,"MINKABU THE INFONOID, Inc.",0,7,24,31,10266917888.0,自己資本比率低い/2回減配あり/無配年あり,-0.18333333333333332,
8007.T,"Takashima & Co., Ltd.",0,17,14,31,26609868800.0,ROE低い/配当性向100%以上/2回減配あり,0.3379409171075838,
8704.T,"Traders Holdings Co.,Ltd.",0,7,24,31,37934907392.0,自己資本比率低い/無配年あり,0.44461038961038957,
6894.T,"Pulstec Industrial Co., Ltd.",0,12,19,31,2931752704.0,2回減配あり/無配年あり,0.2764802890853311,
6882.T,"Sansha Electric Manufacturing Co.,Ltd.",0,17,14,31,16132299776.0,ROE低い/配当性向100%以上/2回減配あり/3回以上減配あり,0.21441915438292253,
5258.T,Transaction Media Networks Inc.,0,15,15,30,12790010880.0,EPS低い/自己資本比率低い/無配年あり,,
8386.T,"The Hyakujushi Bank, Ltd.",3,8,19,30,365276168192.0,自己資本比率低い/2回減配あり/営業CF合計マイナス/3回以上減配あり,0.17990367033748308,
6840.T,"AKIBA Holdings Co.,Ltd.",0,0,30,30,8238568448.0,自己資本比率低い/無配年あり/営業CF合計マイナス,,
6835.T,Allied Telesis Holdings K.K.,0,0,30,30,28225314816.0,無配年あり,2.6666666666666665,
8345.T,"The Bank of Iwate, Ltd.",3,8,19,30,193981497344.0,自己資本比率低い/2回減配あり/営業CF合計マイナス/3回以上減配あり,0.12402101281358248,
9723.T,"The Kyoto Hotel, Ltd.",0,10,20,30,7709636096.0,自己資本比率低い/2回減配あり/無配年あり/ROE低い/3回以上減配あり,-0.5599999999999999,
3498.T,"Kasumigaseki Capital Co.,Ltd.",0,0,30,30,185267732480.0,2回減配あり/無配年あり/営業CF合計マイナス,0.9158496732026143,
5137.T,SmartDrive inc.,0,0,30,30,11326812160.0,無配年あり,,
3486.T,Global Link Management Inc.,0,0,30,30,31854630912.0,無配年あり/営業CF合計マイナス,0.4817918192918193,
3482.T,Loadstar Capital K.K.,0,0,30,30,42953687040.0,無配年あり/営業CF合計マイナス,0.4414301943141553,
9504.T,"The Chugoku Electric Power Co., Inc.",3,12,15,30,364430622720.0,減収傾向/自己資本比率低い/2回減配あり/3回以上減配あり,0.5052910052910052,
6560.T,"LTS, Inc.",0,0,30,30,7896592384.0,無配年あり,0.16666666666666666,
9554.T,"AViC Co., Ltd.",0,0,30,30,11124016128.0,無配年あり,,
8923.T,Tosei Corporation,0,0,30,30,168111570944.0,無配年あり/営業CF合計マイナス,0.28792571214583984,
6561.T,"Hanatour Japan Co., Ltd.",0,0,30,30,10559151104.0,無配年あり,-0.16666666666666669,
2986.T,"LA Holdings Co., Ltd.",0,0,30,30,66283212800.0,無配年あり/営業CF合計マイナス,0.6362679039851626,
2497.T,"UNITED, Inc.",13,17,0,30,18907805696.0,ROE低い/減収傾向/2回減配あり/EPS低い,0.4832555925744962,
2970.T,"Glc Group,Inc.",0,0,30,30,19539783680.0,無配年あり/営業CF合計マイナス,,
6653.T,"Seiko Electric Co., Ltd.",0,0,30,30,28729225216.0,無配年あり,0.2463293650793651,
6635.T,"Di-Nikko Engineering Co., Ltd.",13,0,17,30,4463078400.0,2回減配あり,0.11952861952861953,
8789.T,FinTech Global Incorporated,0,0,30,30,29742622720.0,無配年あり,1.0,
365A.T,"Izawa Towel Co.,Ltd.",0,20,10,30,7152600064.0,無配年あり,,
7515.T,Maruyoshi Center Inc.,0,10,20,30,4267425792.0,ROE低い/自己資本比率低い/無配年あり,0.0,
146A.T,Columbia Works Inc.,0,0,30,30,27672727552.0,無配年あり/営業CF合計マイナス,0.3565217391304348,
7043.T,"Alue Co.,Ltd.",0,0,30,30,2411209216.0,無配年あり,0.0,
145A.T,L is B corp.,0,0,30,30,4535092736.0,無配年あり,,
3495.T,"Koryojyuhan Co., Ltd.",0,0,30,30,6217745920.0,無配年あり/営業CF合計マイナス,0.18546126651438236,
3490.T,"Azplanning Co.,Ltd.",0,0,30,30,4696597504.0,自己資本比率低い/無配年あり/営業CF合計マイナス,0.5,
148A.T,"Hatch Work Co.,Ltd.",0,0,30,30,3649139968.0,無配年あり,,
6342.T,"Taihei Machinery Works, Limited",1,12,17,30,3732577536.0,2回減配あり/3回以上減配あり,0.2341077441077441,
276A.T,CCReB Advisors Inc.,0,0,30,30,21800079360.0,無配年あり/営業CF合計マイナス,,
2776.T,"SHINTO Holdings, Inc.",0,0,30,30,5242314240.0,自己資本比率低い/無配年あり/営業CF合計マイナス,,
547A.T,Muninova Holdings Inc.,0,0,30,30,200220508160.0,無配年あり/営業CF合計マイナス,1.5,
7183.T,"Anshin Guarantor Service Co., Ltd.",0,0,30,30,4429686272.0,自己資本比率低い/無配年あり/営業CF合計マイナス,0.07777775111111646,
7196.T,Casa Inc.,0,20,10,30,6784364544.0,ROE低い/EPS低い/無配年あり,0.05479394869443023,
475A.T,"GIMIC Co., Ltd.",0,20,10,30,3575641600.0,無配年あり,,
241A.T,"ROXX,inc.",0,0,30,30,3109913600.0,無配年あり/営業CF合計マイナス,,
4477.T,"BASE,Inc.",0,0,30,30,39040385024.0,無配年あり,,
4444.T,INFONET GROUP inc.,0,20,10,30,1887512576.0,ROE低い/EPS低い/無配年あり,,
7808.T,"C.S. Lumber Co., Inc",0,15,15,30,4809404416.0,減収傾向/無配年あり,0.19569805194805195,
4487.T,"Spacemarket,Inc.",0,0,30,30,2614850560.0,無配年あり,,
4165.T,"PLAID,Inc.",0,0,30,30,28219985920.0,無配年あり,,
7800.T,"Amifa Co.,Ltd.",0,0,30,30,3144534016.0,無配年あり/営業CF合計マイナス,0.0577485380116959,
3401.T,Teijin Limited,3,25,2,30,320626229248.0,ROE低い/EPS低い/2回減配あり/3回以上減配あり,0.05471380471380471,
338A.T,"ZenmuTech, Inc.",0,0,30,30,10931260416.0,無配年あり,,
4168.T,"Yappli, Inc.",0,0,30,30,10201547776.0,無配年あり,,
8927.T,"Meiho Enterprise Co., Ltd.",0,0,30,30,15328365568.0,無配年あり/営業CF合計マイナス,0.09473304473304474,
3452.T,B-Lot Company Limited,0,0,30,30,27217641472.0,無配年あり/営業CF合計マイナス,0.5371503652602978,
4176.T,coconala Inc.,0,0,30,30,6227174912.0,無配年あり,,
2975.T,"Star Mica Holdings Co., Ltd.",0,0,30,30,50533490688.0,無配年あり/営業CF合計マイナス,0.3329008099388534,
2982.T,"A.D.Works Group Co.,Ltd.",0,0,30,30,20497324032.0,無配年あり/営業CF合計マイナス,0.4488581085159032,
2687.T,CVS Bay Area Inc.,13,7,10,30,2438556416.0,ROE低い/EPS低い/2回減配あり,0.22001763668430335,
6208.T,"Ishikawa Seisakusho, Ltd.",0,0,30,30,11114722304.0,現金比率低い/自己資本比率低い/無配年あり/営業CF合計マイナス,,
7378.T,ASIRO Inc.,0,0,30,30,10955212800.0,無配年あり,0.5383505071348051,
9248.T,"People, Dreams & Technologies Group Co., Ltd.",0,0,30,30,14402792448.0,無配年あり,-0.016305916305916303,
4379.T,Photosynth inc.,0,0,30,30,7570894336.0,無配年あり,,
4448.T,"kubell Co., Ltd.",0,0,30,30,15184380928.0,無配年あり,,
269A.T,Sapeet Inc.,0,0,30,30,4820035072.0,無配年あり/営業CF合計マイナス,,
9206.T,Star Flyer Inc.,0,10,20,30,7268359168.0,ROE低い/自己資本比率低い/2回減配あり/無配年あり,-0.3,
6176.T,Brangista Inc.,0,0,30,30,14369019904.0,無配年あり,,
4439.T,"Toumei Co.,Ltd.",0,0,30,30,24571326464.0,無配年あり,0.35704628704628705,
7986.T,"Nihon Isk Co.,Ltd.",0,0,30,30,2947565824.0,無配年あり,0.0,
550A.T,"Softtex Co.,Ltd.",0,20,10,30,1963116032.0,無配年あり,,
5532.T,Realgate Inc.,0,0,30,30,22709565440.0,無配年あり,,
3633.T,"GMO Pepabo, Inc.",0,0,30,30,13923738624.0,2回減配あり/無配年あり/3回以上減配あり,0.26370663650075415,
7129.T,Miahelsa Holdings Corporation,0,10,20,30,3160857856.0,ROE低い/自己資本比率低い/無配年あり,0.0,
7127.T,"Ikka Holdings Co.,Ltd.",0,10,20,30,5072741888.0,ROE低い/自己資本比率低い/無配年あり,,
3566.T,"Uniform Next Co., Ltd.",0,0,30,30,7280927744.0,無配年あり,0.11294642857142856,
8393.T,"The Miyazaki Bank, Ltd.",3,8,19,30,245364015104.0,自己資本比率低い/2回減配あり/営業CF合計マイナス/3回以上減配あり,0.09981392876129719,
483A.T,"Tera Technology, Inc.",0,20,10,30,3563647232.0,無配年あり,,
5243.T,note inc.,0,0,30,30,76218884096.0,無配年あり/営業CF合計マイナス,,
7694.T,itsumo.inc.,0,0,30,30,3245908224.0,自己資本比率低い/無配年あり/営業CF合計マイナス,,
9240.T,Delivery Consulting Inc.,0,0,30,30,1849414016.0,無配年あり,,
556A.T,"INUNEKO-SEIKATSU Co.,Ltd.",0,20,10,30,8245895168.0,無配年あり,,
3623.T,Billing System Corporation,0,0,30,30,8048147968.0,無配年あり,0.29976190476190473,
7625.T,"Global-Dining, Inc.",0,0,30,30,4762245632.0,無配年あり,,
9337.T,toridori Inc.,0,0,30,30,4757068800.0,無配年あり,,
6547.T,"Greens Co.,Ltd.",0,0,30,30,28197027840.0,2回減配あり/無配年あり,0.1103462157809984,
4374.T,Robot Payment Inc.,0,0,30,30,8811717632.0,無配年あり,0.0,
5537.T,"AlbaLink Co.,Ltd.",0,0,30,30,30885345280.0,無配年あり,,
9612.T,"LuckLand Co., Ltd.",0,0,30,30,14335596544.0,無配年あり,-0.14285714285714285,
286A.T,EUCALIA Inc.,0,0,30,30,26726338560.0,無配年あり,,
6444.T,Sanden Corporation,0,0,30,30,21507876864.0,2回減配あり/無配年あり/営業CF合計マイナス,-0.6666666666666666,
7601.T,"Poplar Co., Ltd.",0,10,20,30,1968412160.0,減収傾向/自己資本比率低い/無配年あり,,
3241.T,"WILL,Co.,Ltd.",0,0,30,30,6882535424.0,無配年あり/営業CF合計マイナス,0.06357726946106498,
4415.T,"Broad Enterprise Co.,Ltd.",0,0,30,30,9069568000.0,無配年あり/営業CF合計マイナス,,
441A.T,NE Inc.,0,20,10,30,8933190656.0,無配年あり,,
4397.T,TeamSpirit Inc.,0,0,30,30,5717507072.0,無配年あり,,
6245.T,"HIRANO TECSEED Co.,Ltd.",3,13,14,30,27535634432.0,ROE低い/配当性向100%以上/2回減配あり/営業CF合計マイナス,0.1847107484771211,
9270.T,Valuence Holdings Inc.,0,0,30,30,24898633728.0,2回減配あり/無配年あり/営業CF合計マイナス/3回以上減配あり,-0.10203421174294959,
4420.T,"eSOL Co.,Ltd.",0,0,30,30,16130747392.0,無配年あり,0.0,
4412.T,"Science Arts, Inc.",0,0,30,30,11844851712.0,無配年あり,,
9271.T,"Wagokoro Co., Ltd.",0,0,30,30,8441430528.0,無配年あり,,
1966.T,Takada Corporation,0,13,17,30,12740779008.0,無配年あり/営業CF合計マイナス,0.55,
3965.T,"Capital Asset Planning, Inc.",0,0,30,30,4928425984.0,無配年あり,0.09065857150096279,
3968.T,"Segue Group Co., Ltd.",0,0,30,30,25410023424.0,無配年あり,0.3819263398282113,
1429.T,"Nippon Aqua Co., Ltd.",0,0,30,30,25888419840.0,無配年あり,0.37056100217864923,
3944.T,"Furubayashi Shiko Co.,Ltd.",13,2,14,29,3489419008.0,ROE低い/2回減配あり,0.05942760942760943,
5458.T,Takasago Tekko K.K.,0,12,17,29,3947812864.0,無配年あり,0.30612244897959184,
8141.T,"Shinko Shoji Co., Ltd.",0,19,10,29,44794793984.0,2回減配あり/減収傾向/ROE低い/配当性向100%以上/3回以上減配あり,0.04655234308096734,
2764.T,Hiramatsu Inc.,0,17,12,29,11444880384.0,ROE低い/2回減配あり/無配年あり/3回以上減配あり,-0.3897569191796696,
2806.T,Yutaka Foods Corporation,0,9,20,29,13756091392.0,ROE低い/現金比率低い/配当性向100%以上,0.0,
7506.T,"HOUSE OF ROSE Co.,Ltd.",0,12,17,29,6447031296.0,配当性向100%以上/2回減配あり,-0.03611111111111111,
6481.T,"THK Co., Ltd.",0,12,17,29,740807868416.0,配当性向100%以上/2回減配あり/3回以上減配あり,0.6429869366946597,
1994.T,Takahashi Curtain Wall Corporation,12,0,17,29,4881028096.0,2回減配あり,0.024074074074074074,
9635.T,"Musashino Kogyo Co., Ltd.",0,12,17,29,2667501568.0,無配年あり,,
4004.T,Resonac Holdings Corporation,0,12,17,29,3015392624640.0,無配年あり,0.010416666666666671,
4920.T,"Nippon Shikizai, Inc.",0,10,19,29,2420409600.0,自己資本比率低い/無配年あり,0.0,
6803.T,Teac Corporation,0,7,22,29,2822539264.0,無配年あり,0.0,
4506.T,"Sumitomo Pharma Co., Ltd.",0,5,24,29,733450207232.0,営業CF合計マイナス/現金比率低い/2回減配あり/無配年あり/3回以上減配あり,-0.1486111111111111,
7219.T,"HKS Co., Ltd.",15,2,12,29,3493388032.0,ROE低い/2回減配あり,0.08904320987654321,
4820.T,"EM Systems Co., Ltd.",3,7,19,29,39899807744.0,配当性向100%以上/2回減配あり,0.31517755587837715,
2211.T,"Fujiya Co., Ltd.",0,9,20,29,64387203072.0,ROE低い/無配年あり,0.16666666666666666,
6588.T,Toshiba Tec Corporation,0,20,9,29,154299908096.0,EPS低い/自己資本比率低い/2回減配あり/無配年あり,0.34895833333333337,
3423.T,SE Corporation,15,12,2,29,8005138944.0,ROE低い/EPS低い/2回減配あり,0.04052028218694886,
3665.T,Enigmo Inc.,0,17,12,29,15817517056.0,ROE低い/配当性向100%以上/無配年あり,0.08571428571428572,
7354.T,Direct Marketing MiX Inc.,0,7,22,29,16352520192.0,無配年あり,0.33111111111111113,
7779.T,CYBERDYNE Inc.,0,15,14,29,48771264512.0,無配年あり/営業CF合計マイナス,,
5834.T,"SBI Leasing Services Co., Ltd.",0,5,24,29,44531802112.0,自己資本比率低い/無配年あり/営業CF合計マイナス,5.1,
5986.T,"Molitec Steel Co., Ltd.",0,12,17,29,6542047232.0,2回減配あり/3回以上減配あり,-0.04234006734006734,
5988.T,"PIOLAX, Inc.",0,27,2,29,40556470272.0,ROE低い/EPS低い/2回減配あり/3回以上減配あり,0.19608464493125052,
6125.T,"Okamoto Machine Tool Works, Ltd.",0,17,12,29,33313497088.0,2回減配あり/配当性向70%以上2回/ROE低い/配当性向100%以上/3回以上減配あり,0.2704465287798621,
2162.T,NMS Holdings Corp,0,7,22,29,10329998336.0,自己資本比率低い/無配年あり,,
9028.T,"ZERO Co., Ltd.",0,9,20,29,54610599936.0,2回減配あり/3回以上減配あり,0.2186606918742085,
4251.T,KEIWA Incorporated,0,7,22,29,21871732736.0,無配年あり,0.40552842219508883,
7277.T,"TBK Co., Ltd.",0,25,4,29,10387603456.0,ROE低い/EPS低い/2回減配あり/3回以上減配あり,0.00776014109347443,
2217.T,Morozoff Limited,0,9,20,29,29457881088.0,現金比率低い/2回減配あり/ROE低い/配当性向100%以上/3回以上減配あり,0.18774249810648977,
5915.T,Komaihaltec Inc.,4,13,12,29,10882392064.0,営業CF合計マイナス/2回減配あり/配当性向70%以上2回/ROE低い/配当性向100%以上,0.049119399119399124,
5952.T,Amatei Incorporated,3,7,19,29,2228363264.0,2回減配あり/3回以上減配あり,0.4407407407407407,
4360.T,"MANAC Chemical Partners Co.,Ltd",0,12,17,29,8353971200.0,無配年あり,-0.1111111111111111,
3491.T,"GA technologies Co., Ltd.",0,9,20,29,52629254144.0,無配年あり,,
6908.T,"Iriso Electronics Co., Ltd.",0,9,20,29,60464627712.0,ROE低い/2回減配あり/配当性向70%以上2回/無配年あり,0.13549382716049385,
5269.T,"Nippon Concrete Industries Co., Ltd.",0,17,12,29,19211937792.0,2回減配あり/配当性向70%以上2回/ROE低い/配当性向100%以上/3回以上減配あり,0.13181833598500264,
2378.T,"Renaissance,Incorporated",3,15,10,28,19028748288.0,自己資本比率低い/EPS低い/2回減配あり/ROE低い/3回以上減配あり,0.06036155202821869,
6918.T,Aval Data Corporation,0,13,15,28,25754474496.0,減収傾向/配当性向100%以上/2回減配あり/営業CF合計マイナス,0.2860896000357929,
7049.T,"SHIKIGAKU. Co., Ltd.",0,8,20,28,6436690944.0,ROE低い/無配年あり/営業CF合計マイナス,,
5990.T,Super Tool Co. Ltd.,4,12,12,28,4553282560.0,ROE低い/2回減配あり/配当性向70%以上2回,-0.019848053181386518,
6178.T,"Japan Post Holdings Co., Ltd.",3,8,17,28,6860591071232.0,自己資本比率低い/2回減配あり/営業CF合計マイナス/3回以上減配あり,0.07598440545808967,
5842.T,Integral Group Corporation,0,4,24,28,100127924224.0,無配年あり,0.08823529411764706,
7901.T,Matsumoto Inc.,0,8,20,28,1095833088.0,減収傾向/無配年あり/営業CF合計マイナス,-0.16666666666666666,
8013.T,"Naigai Co.,Ltd.",0,8,20,28,2977099776.0,ROE低い/無配年あり/営業CF合計マイナス,,
3245.T,"Dear Life Co.,Ltd.",3,1,24,28,48769359872.0,2回減配あり/3回以上減配あり,0.24962182018105583,
4025.T,"Taki Chemical Co., Ltd.",0,9,19,28,47997370368.0,無配年あり,0.09309363476030143,
2586.T,Fruta Fruta Inc.,0,8,20,28,6795873280.0,ROE低い/無配年あり/営業CF合計マイナス,,
3042.T,SecuAvail Inc.,0,8,20,28,2481846784.0,ROE低い/無配年あり/営業CF合計マイナス,-1.0,
9854.T,"Aigan Co.,Ltd.",0,8,20,28,5162186240.0,ROE低い/2回減配あり/無配年あり/営業CF合計マイナス,-0.5555555555555556,
3634.T,Sockets Inc.,0,8,20,28,1460803328.0,ROE低い/無配年あり/営業CF合計マイナス,0.0,
2440.T,"Gurunavi, Inc.",0,8,20,28,6708521984.0,2回減配あり/無配年あり/営業CF合計マイナス/3回以上減配あり,-0.5064839983444636,
6227.T,"AIMECHATEC, Ltd.",0,4,24,28,144473423872.0,無配年あり,0.0,
3193.T,"Eternal Hospitality Group Co.,Ltd.",0,7,20,27,15008705536.0,無配年あり,0.4149425287356322,
378A.T,"Hit Co., Ltd.",0,7,20,27,13202709504.0,無配年あり,,
7021.T,"Nitchitsu Co., Ltd.",1,12,14,27,4805296640.0,ROE低い/2回減配あり/3回以上減配あり,0.06262626262626264,
4406.T,"New Japan Chemical Co., Ltd.",0,12,15,27,8910451712.0,減収傾向/無配年あり,-0.11111111111111112,
9345.T,"Bizmates, Inc.",0,2,25,27,1894478336.0,無配年あり,0.0,
5254.T,Arent Inc.,0,7,20,27,29057902592.0,無配年あり,,
4911.T,"Shiseido Company, Limited",13,12,2,27,1361900208128.0,ROE低い/EPS低い/2回減配あり,0.12533670033670033,
1383.T,"Berg Earth Co.,Ltd.",0,2,25,27,4897089536.0,無配年あり,0.0,
4261.T,"AsiaQuest Co., Ltd.",0,2,25,27,4521128448.0,無配年あり,,
3386.T,"Cosmo Bio Company,Limited",11,2,14,27,7259151360.0,ROE低い/2回減配あり/配当性向70%以上2回,0.17372134038800705,
6040.T,"Nippon Ski Resort Development Co.,Ltd.",0,7,20,27,21096546304.0,無配年あり,0.11964289869898438,
4463.T,"Nicca Chemical Co.,Ltd.",1,7,19,27,31699779584.0,2回減配あり/3回以上減配あり,0.20533756367089703,
4428.T,sinops Inc.,0,2,25,27,4307273728.0,無配年あり,0.11025641025641025,
6189.T,Global Kids Company Corp.,0,2,25,27,9434568704.0,配当性向100%以上/配当性向70%以上2回/無配年あり,0.16984126984126982,
7833.T,IFIS Japan Ltd.,0,2,25,27,6628669952.0,無配年あり,0.2663409602006093,
194A.T,"WOLVES HAND Co., Ltd.",0,7,20,27,13192662016.0,無配年あり,,
5832.T,"Chugin Financial Group,Inc.",0,8,19,27,664845680640.0,自己資本比率低い/無配年あり/営業CF合計マイナス,0.5632065067548938,
5632.T,"Mitsubishi Steel Mfg. Co., Ltd.",0,12,15,27,37061828608.0,減収傾向/2回減配あり/3回以上減配あり,0.3731006647673314,
5869.T,"Waseda Gakushukenkyukai Co.,Ltd.",0,7,20,27,12849849344.0,無配年あり,-0.14835164835164832,
6997.T,Nippon Chemi-Con Corporation,0,10,17,27,67024703488.0,無配年あり/営業CF合計マイナス,-0.2,
4657.T,"Environmental Control Center Co.,Ltd.",0,2,25,27,2193173760.0,2回減配あり/無配年あり,0.07023809523809522,
2215.T,"First Baking Co., Ltd.",0,2,25,27,4271732224.0,無配年あり,,
9450.T,Fibergate Inc.,0,7,20,27,15493445632.0,無配年あり,0.6745970695970696,
3698.T,"CRI Middleware Co., Ltd.",0,2,25,27,6434896384.0,無配年あり,-0.13888888888888892,
6986.T,Futaba Corporation,0,17,10,27,31175024640.0,ROE低い/減収傾向/2回減配あり/3回以上減配あり,0.13323713323713327,
5079.T,"Novac Co., Ltd.",0,13,14,27,13179895808.0,2回減配あり/無配年あり/営業CF合計マイナス,-0.08928571428571429,
7061.T,Japan Hospice Holdings Inc.,0,2,25,27,4131031040.0,無配年あり,0.6666666666666666,
3880.T,Daio Paper Corporation,3,12,12,27,149442494464.0,ROE低い/自己資本比率低い/2回減配あり/3回以上減配あり,0.03632384797033796,
50765.T,INFRONEER Holdings Inc.,0,7,20,27,,EPS低い/無配年あり,4.985267034990792,
8344.T,"The Yamagata Bank, Ltd.",0,8,19,27,171002429440.0,自己資本比率低い/2回減配あり/営業CF合計マイナス/3回以上減配あり,0.09415140415140416,
3927.T,Fuva Brain Limited,0,2,25,27,4929411072.0,自己資本比率低い/無配年あり,,
1446.T,"CANDEAL Co.,Ltd",0,2,25,27,5000866304.0,無配年あり,0.0707070707070707,
5892.T,"yutori, Inc.",0,7,20,27,15934667776.0,自己資本比率低い/無配年あり,,
1764.T,Kudo Corporation,12,0,15,27,3316308480.0,2回減配あり,-0.012592592592592591,
8207.T,"Ten Allied Co.,Ltd.",0,17,10,27,11609593856.0,ROE低い/EPS低い/無配年あり,,
302A.T,"b-style holdings,Inc.",0,7,20,27,1766350592.0,ROE低い/無配年あり,,
9556.T,INTLOOP Inc.,0,7,20,27,22339934208.0,無配年あり,,
220A.T,Faber Company Inc.,0,2,25,27,2540512512.0,無配年あり,,
5831.T,"Shizuoka Financial Group,Inc.",0,8,19,27,1884916940800.0,自己資本比率低い/無配年あり/営業CF合計マイナス,0.5216090425531915,
7320.T,Solvvy Inc.,0,7,20,27,15796278272.0,無配年あり,0.3055555555555555,
6037.T,"RAKUMACHI,Inc.",0,7,20,27,20594468864.0,無配年あり,-0.046883116883116895,
5830.T,"Iyogin Holdings, Inc.",0,8,19,27,1119058132992.0,自己資本比率低い/無配年あり/営業CF合計マイナス,0.7401315789473685,
4055.T,T&S Group Inc.,0,7,20,27,12063078400.0,無配年あり,0.2496451795306757,
6513.T,"Origin Company, Limited",13,12,2,27,6686175232.0,ROE低い/EPS低い/2回減配あり,0.09172182453228202,
6535.T,"i-mobile Co.,Ltd.",0,7,20,27,27212075008.0,無配年あり,0.07111243542078576,
9720.T,"Hotel Newgrand Co., Ltd.",0,2,25,27,7556153344.0,無配年あり,-0.3333333333333333,
3205.T,Daidoh Limited,0,3,24,27,20373258240.0,自己資本比率低い/営業CF合計マイナス/2回減配あり/無配年あり/配当性向100%以上/3回以上減配あり,3.142857142857143,
6594.T,Nidec Corporation,0,12,15,27,2410754342912.0,EPS低い/無配年あり,0.026282667949334624,
6888.T,Acmos Inc.,0,2,25,27,5013820928.0,配当性向70%以上2回/無配年あり,0.43963918026418025,
4512.T,"Wakamoto Pharmaceutical Co.,Ltd.",0,13,14,27,10203516928.0,ROE低い/無配年あり/営業CF合計マイナス,-0.2,
8551.T,"The Kita-Nippon Bank, Ltd.",3,5,19,27,70883262464.0,自己資本比率低い/2回減配あり/営業CF合計マイナス/3回以上減配あり,0.1276482796442899,
558A.T,SQUEEZE Inc.,0,7,20,27,20158541824.0,無配年あり,,
7370.T,"Enjin Co., Ltd.",0,12,15,27,4836058624.0,減収傾向/配当性向100%以上/無配年あり,0.0014810861255641072,
7425.T,"Hatsuho Shouji Co.,Ltd.",0,2,25,27,7325940224.0,無配年あり,0.16918720350092897,
6753.T,Sharp Corporation,0,12,15,27,419127328768.0,減収傾向/自己資本比率低い/2回減配あり/無配年あり,0.18,
7409.T,"AeroEdge Co., Ltd.",0,7,20,27,35966857216.0,無配年あり,,
4394.T,"eXmotion Co., Ltd.",0,2,25,27,5004049408.0,無配年あり,0.05311036695379906,
436A.T,Cybersolutions Inc.,0,17,10,27,21206102016.0,現金比率低い/無配年あり,,
3082.T,"KICHIRI HOLDINGS & Co.,Ltd.",0,7,20,27,11186679808.0,2回減配あり/無配年あり/3回以上減配あり,-0.09375,
7097.T,"SAKURASAKU PLUS,Co.,Ltd.",0,7,20,27,12196324352.0,無配年あり,0.35555555555555557,
7033.T,"Management Solutions co.,Ltd.",0,7,20,27,24315006976.0,無配年あり,2.911111111111111,
2872.T,"Seihyo Co., Ltd.",0,7,20,27,2673467392.0,現金比率低い/2回減配あり/ROE低い/配当性向100%以上/3回以上減配あり,0.09209150210686445,
6327.T,"Kitagawa Seiki Co.,Ltd.",0,7,20,27,26790344704.0,無配年あり,0.24583333333333335,
9343.T,ibis inc.,0,7,20,27,14567585792.0,無配年あり,1.0535714285714288,
7110.T,Kurashicom Inc.,0,7,20,27,13885648896.0,無配年あり,0.6006535947712418,
7037.T,teno. Holdings Company Limited,0,2,25,27,3650292224.0,無配年あり,0.03865498774035359,
160A.T,"As Partners CO.,LTD.",0,2,25,27,7106639360.0,自己資本比率低い/無配年あり,,
4627.T,"Natoco Co., Ltd.",1,7,19,27,15600068608.0,2回減配あり/3回以上減配あり,0.10354072441969671,
4016.T,"MIT Holdings Co., Ltd.",0,2,24,26,2187002880.0,無配年あり,0.4193609022556391,
2884.T,Yoshimura Food Holdings K.K.,0,7,19,26,14276942848.0,自己資本比率低い/無配年あり,,
7057.T,"New Constructor's Network Co., Ltd.",0,7,19,26,2696587776.0,無配年あり,0.06872330372330371,
288A.T,Laxus Technologies Inc.,0,12,14,26,2440510976.0,ROE低い/無配年あり,,
5248.T,"TECHNOLOGIES, Inc.",0,2,24,26,8697798656.0,自己資本比率低い/無配年あり,,
6982.T,"The Lead Co., Inc.",12,10,4,26,1496855808.0,ROE低い/EPS低い/自己資本比率低い/2回減配あり,0.004629629629629638,
7066.T,"Peers Co.,Ltd.",0,2,24,26,3907928320.0,無配年あり,1.0914632473097072,
6907.T,"GEOMATEC Co., Ltd.",0,12,14,26,6312400384.0,ROE低い/2回減配あり/無配年あり,-0.3,
3912.T,"Mobile Factory, Inc.",0,2,24,26,7130234368.0,無配年あり,0.7683621121121121,
5310.T,"Toyo Tanso Co., Ltd.",0,12,14,26,162324398080.0,ROE低い/無配年あり,0.2358826358826359,
6969.T,"Matsuo Electric Co.,Ltd.",0,12,14,26,4094638336.0,ROE低い/無配年あり,,
3550.T,"STUDIO ATAO Co., Ltd.",0,12,14,26,3102893568.0,ROE低い/無配年あり,0.0,
4678.T,"SHUEI YOBIKO Co., Ltd.",0,12,14,26,2234323712.0,2回減配あり/無配年あり/ROE低い/配当性向100%以上/3回以上減配あり,-0.22619047619047622,
3804.T,System D Inc.,0,2,24,26,8703297536.0,無配年あり,0.3357833991997184,
4172.T,"Hi-CRATES CO.,LTD.",0,2,24,26,5141842944.0,無配年あり,0.1644609557109557,
5027.T,AnyMind Group Inc.,0,1,25,26,49110335488.0,無配年あり,,
9914.T,Uematsu Shokai Co Ltd,0,12,14,26,1650216448.0,ROE低い/無配年あり,,
3991.T,"Wantedly, Inc.",0,2,24,26,9136402432.0,無配年あり,0.0,
4937.T,Waqoo Inc.,0,2,24,26,8551307776.0,無配年あり,,
9046.T,"Kobe Electric Railway Co., Ltd.",0,7,19,26,18845548544.0,現金比率低い/自己資本比率低い/無配年あり,1.0,
7851.T,Kawase Computer Supplies Co Ltd,0,12,14,26,797434112.0,ROE低い/無配年あり,,
4484.T,"Lancers, Inc.",0,7,19,26,4550343168.0,無配年あり,,
3670.T,Kyoritsu Computer & Communication Co Ltd,0,12,14,26,1981167872.0,無配年あり,,
3864.T,Mitsubishi Paper Mills Limited,0,11,15,26,54760226816.0,現金比率低い/減収傾向/無配年あり,0.1,
6166.T,"Nakamura Choukou Co., Ltd.",0,12,14,26,6755811328.0,ROE低い/無配年あり,-1.0,
4288.T,"Asgent, Inc.",0,2,24,26,1968806784.0,自己資本比率低い/2回減配あり/無配年あり,-0.125,
7571.T,Yamano Holdings Corporation,0,2,24,26,2999300608.0,自己資本比率低い/2回減配あり/無配年あり/3回以上減配あり,-0.19047619047619047,
3358.T,"Trailhead Global Holdings,Inc.",0,12,14,26,3468025344.0,無配年あり,-0.3333333333333333,
7082.T,"Jimoty, Inc.",0,2,24,26,11256.0,無配年あり,,
4926.T,"C'BON COSMETICS Co.,Ltd.",0,12,14,26,5159032320.0,ROE低い/2回減配あり/無配年あり/3回以上減配あり,0.09375,
4784.T,"GMO internet, Inc.",0,4,22,26,161859420160.0,2回減配あり/無配年あり,0.6482086267729966,
8697.T,"Japan Exchange Group, Inc.",0,12,14,26,2369895006208.0,自己資本比率低い/現金比率低い/2回減配あり/配当性向70%以上2回/配当性向100%以上/3回以上減配あり,0.1038643064708185,
6255.T,NPC Incorporated,0,7,19,26,16109762560.0,無配年あり,0.42687074829931976,
3326.T,"Runsystem Co.,Ltd.",0,2,24,26,2771267328.0,自己資本比率低い/無配年あり,-0.25,
6235.T,"Optorun Co.,Ltd.",0,12,14,26,111342723072.0,ROE低い/配当性向100%以上/無配年あり,0.04721299533799535,
8705.T,"Nissan Securities Group Co., Ltd.",0,7,19,26,10789744640.0,自己資本比率低い/2回減配あり/無配年あり/3回以上減配あり,-0.13419913419913418,
9647.T,"Kyowa Engineering Consultants Co., Ltd.",0,2,24,26,3976259072.0,無配年あり,0.0,
3571.T,"Sotoh Co., Ltd.",0,12,14,26,8579249664.0,ROE低い/配当性向100%以上/2回減配あり/3回以上減配あり,0.023907791975424822,
6897.T,Twinbird Corporation,14,12,0,26,6026035712.0,ROE低い/減収傾向/2回減配あり/EPS低い,0.020318570318570314,
3267.T,"Phil Company, Inc.",0,0,25,25,3502658816.0,2回減配あり/無配年あり/営業CF合計マイナス,-0.25,
197A.T,"TAUNS Laboratories,Inc.",0,1,24,25,54901932032.0,無配年あり,0.2972972972972973,
3187.T,miratap inc.,15,0,10,25,7020379136.0,ROE低い/EPS低い/2回減配あり,0.13703703703703707,
189A.T,"D & M Company Co., Ltd.",0,0,25,25,2546383104.0,自己資本比率低い/無配年あり/営業CF合計マイナス,,
3997.T,"TRADE WORKS Co., Ltd",0,0,25,25,17710843904.0,無配年あり,0.33333333333333337,
6222.T,"Shima Seiki Mfg.,Ltd.",0,13,12,25,30663331840.0,ROE低い/2回減配あり/営業CF合計マイナス/3回以上減配あり,-0.05655549969275459,
4051.T,"GMO Financial Gate, Inc.",0,1,24,25,49292345344.0,無配年あり,0.3879699460496244,
3266.T,Fund Creation Group Company Limited,0,0,25,25,3010581760.0,無配年あり/営業CF合計マイナス,0.0,
8366.T,"The Shiga Bank, Ltd.",3,8,14,25,701132111872.0,自己資本比率低い/営業CF合計マイナス/2回減配あり/ROE低い/3回以上減配あり,0.1865850214420808,
7093.T,"adish Co., Ltd.",0,0,25,25,1300254976.0,無配年あり/営業CF合計マイナス,,
3970.T,Innovation Inc.,0,15,10,25,2190992128.0,ROE低い/EPS低い/無配年あり,0.01731893837156995,
7073.T,"JAIC Co.,Ltd.",0,15,10,25,2239386368.0,ROE低い/EPS低い/2回減配あり/無配年あり,1.6682624113475177,
6858.T,"Ono Sokki Co., Ltd.",0,0,25,25,9081220096.0,2回減配あり/3回以上減配あり,0.18507625272331155,
4478.T,freee K.K.,0,0,25,25,210746998784.0,無配年あり/営業CF合計マイナス,,
3994.T,"Money Forward, Inc.",0,0,25,25,332790235136.0,無配年あり/営業CF合計マイナス,,
7377.T,"DN Holdings Co.,Ltd.",0,0,25,25,14130649088.0,無配年あり,0.05311355311355312,
6540.T,Semba Corporation,0,0,25,25,16131060736.0,無配年あり,0.18103569270235936,
3787.T,"Techno Mathematical Co., Ltd.",0,8,17,25,1763095808.0,無配年あり/営業CF合計マイナス,,
7803.T,Bushiroad Inc.,0,1,24,25,60704673792.0,無配年あり,0.0,
7351.T,"Goodpatch, Inc.",0,0,25,25,4079911680.0,無配年あり,,
4264.T,"Secure, Inc.",0,0,25,25,8582959104.0,無配年あり,,
7782.T,"Sincere Co., LTD.",0,0,25,25,3337154560.0,2回減配あり/無配年あり/3回以上減配あり,0.35206070732386524,
5603.T,Kogi Corporation,1,12,12,25,4319501312.0,ROE低い/2回減配あり/3回以上減配あり,0.23862433862433863,
4450.T,"Power Solutions, Ltd.",0,0,25,25,7483939328.0,無配年あり,0.13636363636363635,
5994.T,"Fine Sinter Co., Ltd.",0,15,10,25,4210641408.0,EPS低い/2回減配あり/無配年あり/ROE低い/3回以上減配あり,-0.2568452380952381,
261A.T,"Nihon Suido Consultants Co., Ltd.",0,0,25,25,23849181184.0,無配年あり,0.08823529411764706,
2978.T,TSUKURUBA Inc.,0,0,25,25,3757789696.0,無配年あり/営業CF合計マイナス,,
7357.T,"GEOCODE CO.,Ltd.",0,15,10,25,4784118784.0,ROE低い/EPS低い/無配年あり,0.29166666666666663,
4574.T,"Taiko Pharmaceutical Co.,Ltd.",0,0,25,25,12878868480.0,無配年あり/営業CF合計マイナス,0.016666642500001848,
3903.T,gumi Inc.,0,13,12,25,11103612928.0,ROE低い/2回減配あり/無配年あり/営業CF合計マイナス,-0.6666666666666666,
1795.T,Masaru Corporation,0,0,25,25,4651767808.0,2回減配あり/3回以上減配あり,0.09424667286736253,
5126.T,PORTERS Corporation,0,0,25,25,2369228288.0,無配年あり,,
8185.T,"Chiyoda Co., Ltd.",0,13,12,25,33473875968.0,ROE低い/2回減配あり/営業CF合計マイナス/3回以上減配あり,-0.03389827933159393,
304A.T,"FORCIA, Inc.",0,12,12,24,2638729728.0,ROE低い/無配年あり,,
6862.T,MINATO HOLDINGS INC.,0,0,24,24,40906227712.0,現金比率低い/自己資本比率低い/無配年あり/営業CF合計マイナス,0.4601851851851852,
3856.T,Abalance Corporation,0,2,22,24,3671041024.0,自己資本比率低い/無配年あり,0.07689415034522797,
6707.T,"Sanken Electric Co., Ltd.",0,22,2,24,141373587456.0,EPS低い/2回減配あり/無配年あり/ROE低い/3回以上減配あり,0.035027472527472514,
3306.T,"The Nihon Seima Co.,Ltd.",0,12,12,24,3410134016.0,ROE低い/2回減配あり/無配年あり/3回以上減配あり,-0.2,
6292.T,"Kawata Mfg. Co., Ltd.",0,12,12,24,5944774656.0,ROE低い/配当性向100%以上/2回減配あり,0.19163938533570962,
9244.T,DIGITALIFT Inc.,0,0,24,24,1613831296.0,無配年あり,,
9236.T,Japan M&A Solution Incorporated,0,0,24,24,2201642752.0,無配年あり,,
5574.T,"ABEJA, Inc.",0,0,24,24,31447889920.0,無配年あり,,
4073.T,"Global Communication Planning Co.,Ltd.",0,0,24,24,1772723840.0,自己資本比率低い/無配年あり/営業CF合計マイナス,-1.0,
6533.T,Orchestra Holdings Inc.,0,0,24,24,17907402752.0,配当性向100%以上/無配年あり,0.1337920016491445,
6276.T,"SiriusVision Co., Ltd.",0,0,24,24,1618334464.0,2回減配あり/無配年あり/営業CF合計マイナス/3回以上減配あり,-0.06984126984126984,
3556.T,"RenetJapanGroup,Inc.",0,0,24,24,11459380224.0,無配年あり,,
6786.T,RVH Inc.,0,12,12,24,1190088192.0,ROE低い/無配年あり,,
141A.T,"TRIAL Holdings, Inc.",0,4,20,24,468415643648.0,ROE低い/無配年あり,0.06666666666666667,
3089.T,"Techno Alpha Co., Ltd.",0,0,24,24,1792134784.0,無配年あり,0.04098765432098765,
7034.T,"Prored Partners CO.,LTD.",0,0,24,24,3388794112.0,無配年あり,,
8144.T,"Denkyo Group Holdings Co.,Ltd.",0,12,12,24,7918878208.0,ROE低い/2回減配あり/配当性向70%以上2回/3回以上減配あり,-0.010207654570647491,
6467.T,Nichidai Corporation,0,20,4,24,3188089088.0,ROE低い/EPS低い/2回減配あり/3回以上減配あり,-0.07081128747795414,
9268.T,Optimus Group Company Limited,0,0,24,24,28267126784.0,現金比率低い/自己資本比率低い/無配年あり,0.3043315933952075,
4361.T,"Kawaguchi Chemical Industry Co., Ltd",0,0,24,24,1986733184.0,無配年あり,0.10833333333333334,
6474.T,Nachi-Fujikoshi Corp.,0,12,12,24,123584659456.0,ROE低い/2回減配あり/無配年あり,0.05656565656565656,
2788.T,"Apple International Co., Ltd.",0,0,24,24,5388942848.0,2回減配あり/無配年あり/営業CF合計マイナス,0.3208333333333333,
2769.T,"Village Vanguard CO.,LTD.",0,2,22,24,7363449344.0,自己資本比率低い/無配年あり,-0.25,
6552.T,GameWith Inc.,0,12,12,24,2968734464.0,ROE低い/無配年あり,,
3202.T,"Daitobo Co., Ltd.",0,10,14,24,3851846400.0,ROE低い/自己資本比率低い/配当性向70%以上2回/無配年あり,0.75,
3744.T,SIOS Corporation,0,0,24,24,4048451840.0,2回減配あり/無配年あり,-0.1,
6494.T,"NFK Holdings Co., Ltd.",0,12,12,24,4874416640.0,ROE低い/無配年あり,,
4476.T,AI CROSS Inc.,0,0,24,24,4144675072.0,無配年あり,,
9147.T,"Nippon Express Holdings, Inc.",0,12,12,24,1366099755008.0,ROE低い/配当性向100%以上/無配年あり,-0.08333333833333324,
3632.T,"GREE Holdings, Inc.",3,9,12,24,72516747264.0,ROE低い/2回減配あり/3回以上減配あり,0.09675565175565176,
2926.T,"Shinozakiya, Inc.",0,0,24,24,1557355776.0,無配年あり/営業CF合計マイナス,-0.5,
2533.T,"Oenon Holdings, Inc.",0,0,24,24,26206537728.0,無配年あり,0.07380952380952381,
5527.T,Property Technologies Inc.,0,0,24,24,9740007424.0,無配年あり/営業CF合計マイナス,0.3333333333333333,
4422.T,VALUENEX Japan Inc.,0,0,24,24,4262232576.0,無配年あり/営業CF合計マイナス,,
4447.T,"PBsystems,Inc.",0,0,24,24,2812028416.0,配当性向100%以上/無配年あり,1.0,
192A.T,Integroup Inc.,0,12,12,24,2863320064.0,ROE低い/配当性向100%以上/無配年あり,,
4255.T,THECOO Inc.,0,0,24,24,7260836864.0,無配年あり,,
4243.T,"Nix, Inc.",3,2,19,24,2473736192.0,2回減配あり/3回以上減配あり,0.23593073593073596,
2694.T,Yakiniku Sakai Holdings Inc.,0,20,4,24,16738073600.0,ROE低い/EPS低い/無配年あり,-0.125,
6158.T,"Waida Mfg. Co.,Ltd.",0,12,12,24,6711499264.0,ROE低い/2回減配あり/配当性向70%以上2回/3回以上減配あり,0.14880355846042118,
6190.T,"PhoenixBio Co., Ltd.",0,12,12,24,1290252160.0,ROE低い/無配年あり,,
215A.T,"Timee, Inc.",0,4,20,24,140029067264.0,無配年あり,,
6094.T,"FreakOut Holdings, inc.",0,0,24,24,8792514560.0,無配年あり,,
7359.T,"Tokyo Communications Group,Inc.",0,0,24,24,2699945216.0,無配年あり,,
7347.T,"Mercuria Holdings Co., Ltd.",0,0,24,24,15633284096.0,配当性向100%以上/無配年あり,0.024404761904761905,
3454.T,"First Brothers Co.,Ltd.",0,0,24,24,17838897152.0,無配年あり,0.05622795414462081,
5742.T,"NIC Autotec, Inc.",0,12,12,24,3988341504.0,ROE低い/現金比率低い/配当性向100%以上/2回減配あり,0.09928071123723298,
6630.T,Ya-Man Ltd.,13,9,2,24,42916524032.0,EPS低い/2回減配あり,0.294607678150417,
3695.T,"GMO Product Platform, Inc.",0,2,22,24,7256348160.0,配当性向100%以上/2回減配あり/無配年あり/3回以上減配あり,0.23355442792898007,
6666.T,River Eletec Corporation,0,20,4,24,7011931136.0,ROE低い/EPS低い/2回減配あり/無配年あり,-0.15512820512820513,
7356.T,Retty Inc.,0,0,24,24,1719934592.0,無配年あり/営業CF合計マイナス,,
8996.T,"HouseFreedom Co.,Ltd.",0,0,24,24,4224120320.0,無配年あり,0.08543771043771042,
9565.T,GLOE Inc.,0,0,24,24,1826523776.0,無配年あり,,
3845.T,I-Freek Mobile Inc.,0,12,12,24,7339081216.0,ROE低い/配当性向100%以上/無配年あり,-0.5,
2330.T,"Forside Co.,Ltd.",0,0,24,24,3792423936.0,無配年あり,,
7069.T,"CyberBuzz, Inc.",0,0,24,24,3934423296.0,無配年あり/営業CF合計マイナス,,
7044.T,Piala Inc.,0,0,24,24,4466536448.0,無配年あり,-0.5,
3536.T,"Axas Holdings Co.,Ltd.",0,0,24,24,3881632256.0,2回減配あり/無配年あり,0.04166666666666666,
7067.T,Branding Technology Inc.,0,12,12,24,1701772160.0,ROE低い/無配年あり,-0.013888888888888895,
8364.T,"The Shimizu Bank, Ltd.",0,3,20,23,36616167424.0,自己資本比率低い/営業CF合計マイナス/2回減配あり/ROE低い/3回以上減配あり,0.0023957523957523963,
7944.T,Roland Corporation,0,9,14,23,97457119232.0,2回減配あり/無配年あり/ROE低い/配当性向100%以上/3回以上減配あり,-0.23858850447022112,
4425.T,Kudan Inc.,0,13,10,23,16324655104.0,ROE低い/EPS低い/無配年あり/営業CF合計マイナス,,
9656.T,Greenland Resort Company Limited,1,2,20,23,6192116224.0,ROE低い/2回減配あり/3回以上減配あり,0.22543891293891294,
438A.T,"Infcurion, Inc.",0,13,10,23,21722525696.0,無配年あり/営業CF合計マイナス,,
8508.T,"J Trust Co., Ltd.",0,4,19,23,102675701760.0,2回減配あり/無配年あり/3回以上減配あり,0.963003663003663,
7812.T,CRESTEC Inc.,1,2,20,23,6175197184.0,2回減配あり/3回以上減配あり,0.23308456788368406,
2673.T,"YUMEMITSUKETAI Co.,Ltd.",0,4,19,23,1031903424.0,現金比率低い/無配年あり,,
2999.T,"Home Position Co., Ltd.",0,0,22,22,4904398848.0,無配年あり,0.06666666666666665,
6615.T,"UMC Electronics Co., Ltd.",0,10,12,22,6612837376.0,自己資本比率低い/2回減配あり/無配年あり/ROE低い/配当性向100%以上,-0.16467364225211759,
211A.T,Cados Corporation,0,2,20,22,3212011008.0,無配年あり,0.7647058823529411,
5034.T,"unerry,Inc.",0,2,20,22,9470905344.0,無配年あり,,
3911.T,Aiming Inc.,0,0,22,22,8026930176.0,2回減配あり/無配年あり,-0.7142857142857143,
1447.T,"SAAF Holdings Co.,Ltd.",0,10,12,22,7768370688.0,ROE低い/自己資本比率低い/無配年あり,,
3913.T,"GreenBee, Inc.",0,0,22,22,2144059392.0,無配年あり,,
150A.T,"JSH Co.,Ltd.",0,12,10,22,3873416704.0,ROE低い/EPS低い/無配年あり,,
387A.T,"Fuller, Inc.",0,2,20,22,1597396608.0,無配年あり,,
352A.T,"LOIVE Co.,Ltd.",0,2,20,22,6938450944.0,無配年あり,,
9501.T,"Tokyo Electric Power Company Holdings, Incorporated",0,12,10,22,831001001984.0,減収傾向/自己資本比率低い/無配年あり/EPS低い,,
7325.T,IRRC Corporation,0,2,20,22,5715955712.0,無配年あり,0.030555555555555548,
3441.T,"SANNO Co., Ltd.",0,2,20,22,7474141696.0,無配年あり,0.41,
3690.T,YRGLM Inc.,0,2,20,22,3389660160.0,ROE低い/配当性向100%以上/無配年あり,-0.03228322514036799,
6654.T,"Fuji Electric Industry Co., Ltd.",6,2,14,22,5663062528.0,ROE低い/2回減配あり/配当性向70%以上2回,-0.002474146224146224,
4197.T,"Asmarq Co., Ltd.",0,2,20,22,2760555264.0,配当性向70%以上2回/無配年あり,0.06944444444444445,
3137.T,"Fundely Co., Ltd.",0,10,12,22,2750475008.0,自己資本比率低い/無配年あり,-0.5,
4479.T,"Makuake, Inc.",0,0,22,22,12136546304.0,無配年あり/営業CF合計マイナス,,
6867.T,Leader Electronics Corporation,0,8,14,22,1761435392.0,ROE低い/配当性向70%以上2回/無配年あり/営業CF合計マイナス,0.3312019230769231,
9237.T,"Emimen Co., Ltd.",0,2,20,22,3215208960.0,無配年あり,,
7384.T,"Procrea Holdings, Inc.",0,8,14,22,152902008832.0,ROE低い/自己資本比率低い/無配年あり/営業CF合計マイナス,0.3333333333333333,
7422.T,"Toho Lamac Co., Ltd.",0,0,22,22,2640775680.0,配当性向100%以上/2回減配あり/営業CF合計マイナス,-0.005079391350493633,
9238.T,"Value Creation Co.,Ltd.",0,2,20,22,819015744.0,EPS低い/自己資本比率低い/無配年あり,0.4166666666666667,
6030.T,"Adventure, Inc.",0,7,15,22,11584286720.0,2回減配あり/無配年あり/3回以上減配あり,0.09696970385674966,
3396.T,Felissimo Corporation,0,12,10,22,6047075328.0,ROE低い/減収傾向/無配年あり,0.125,
6049.T,ItoKuro Inc.,0,0,22,22,5051485696.0,無配年あり,,
7897.T,"Hokushin Co., Ltd.",0,20,2,22,3175435008.0,EPS低い/2回減配あり/3回以上減配あり,0.06604599104599106,
248A.T,KIDS STAR Inc.,0,2,20,22,2120388992.0,ROE低い/無配年あり,,
5491.T,"Nippon Kinzoku Co., Ltd.",0,12,10,22,5784518656.0,ROE低い/減収傾向/2回減配あり/無配年あり,-0.36,
7804.T,"B&P Co.,Ltd.",0,2,20,22,5880080896.0,無配年あり,0.17336037440732732,
7859.T,Almedio Inc.,0,20,2,22,5329464320.0,ROE低い/EPS低い/無配年あり,-0.3333333333333333,
7865.T,"People Co., Ltd.",0,12,10,22,1262628864.0,EPS低い/2回減配あり/無配年あり/減収傾向/3回以上減配あり,-0.13619316580642635,
7841.T,"Endo Manufacturing Co., Ltd.",0,2,20,22,9702637568.0,ROE低い/2回減配あり/配当性向70%以上2回/無配年あり,0.33179012345679015,
3475.T,"Good Com Asset Co., Ltd.",0,0,22,22,42572210176.0,無配年あり/営業CF合計マイナス,0.34023182833070953,
5591.T,AVILEN Inc.,0,2,20,22,5087675904.0,無配年あり,,
4642.T,"Original Engineering Consultants Co., Ltd.",0,2,20,22,8348463616.0,無配年あり,0.2188822751322751,
9563.T,Atlas Technologies Corporation,0,0,22,22,2541572352.0,無配年あり,,
9562.T,Business Coach Inc.,0,2,20,22,2491390720.0,ROE低い/配当性向100%以上/無配年あり,0.0,
6563.T,Mirai Works Inc.,0,2,20,22,2371632640.0,無配年あり,,
6942.T,"Sophia Holdings Co.,Ltd.",0,20,2,22,6489395200.0,ROE低い/EPS低い/無配年あり,,
9941.T,"Taiyo Bussan Kaisha,Ltd.",0,0,22,22,2528960000.0,無配年あり/営業CF合計マイナス,,
5010.T,"Nippon Seiro Co., Ltd.",0,0,22,22,5964274176.0,2回減配あり/無配年あり,-0.3333333333333333,
7228.T,Daytona Corporation,0,0,22,22,9789698048.0,2回減配あり/無配年あり,0.3758490752876235,
184A.T,"Manabi-aid Co.,Ltd.",0,8,14,22,1082079488.0,EPS低い/無配年あり/営業CF合計マイナス,,
7201.T,"Nissan Motor Co., Ltd.",0,20,2,22,1033880338432.0,自己資本比率低い/EPS低い/2回減配あり/無配年あり/ROE低い/3回以上減配あり,-0.012666980983812661,
7126.T,"Global Style Co.,Ltd.",0,2,20,22,4940222464.0,無配年あり,0.1761904761904762,
3236.T,"Properst Co., Ltd.",0,2,20,22,9399035904.0,自己資本比率低い/無配年あり,0.1875,
9340.T,"ASO International, Inc.",0,2,20,22,7890200064.0,無配年あり,0.7458874458874459,
7682.T,"Hamayuu Co.,Ltd.",0,2,20,22,8058544640.0,ROE低い/配当性向100%以上/無配年あり,0.05238095238095238,
7602.T,"Ledax Co.,Ltd.",0,8,14,22,3482437632.0,営業CF合計マイナス/2回減配あり/無配年あり/ROE低い/3回以上減配あり,-0.3125,
155A.T,"Information Strategy and Technology Co.,Ltd.",0,2,20,22,7736273408.0,無配年あり,,
7031.T,Inbound Tech Inc.,0,20,2,22,1922641792.0,ROE低い/EPS低い/無配年あり,,
9262.T,"Silver Life Co., Ltd.",0,2,20,22,7489499648.0,無配年あり,0.03333333333333333,
7494.T,"Konaka Co.,Ltd.",0,0,22,22,7838392832.0,無配年あり,-0.125,
4393.T,"Bank of Innovation,Inc.",0,0,22,22,25037731840.0,無配年あり,,
4324.T,Dentsu Group Inc.,0,12,10,22,925165158400.0,EPS低い/2回減配あり/無配年あり/ROE低い/3回以上減配あり,-0.02963008751475265,
5446.T,"HOKUETSU METAL Co., Ltd.",0,20,2,22,4044181248.0,EPS低い/2回減配あり/無配年あり/ROE低い/3回以上減配あり,0.06665483466948327,
542A.T,Vitabrid Japan Inc.,0,12,10,22,6081600000.0,無配年あり,,
94345.T,SoftBank Corp.,0,2,20,22,,EPS低い/自己資本比率低い/無配年あり,0.09253796569430786,
6347.T,"Placo Co., Ltd.",0,8,14,22,2348339456.0,2回減配あり/無配年あり/営業CF合計マイナス,0.07857144892857426,
8388.T,"The Awa Bank, Ltd.",0,8,14,22,434250711040.0,自己資本比率低い/営業CF合計マイナス/2回減配あり/ROE低い/配当性向100%以上/3回以上減配あり,0.10119670090258327,
4054.T,"Japan PropTech Co.,Ltd.",0,2,20,22,7157195264.0,無配年あり,0.15,
94346.T,SoftBank Corp.,0,2,20,22,,EPS低い/自己資本比率低い/無配年あり,,
6193.T,"Virtualex Holdings, Inc.",0,20,2,22,3014656768.0,ROE低い/EPS低い/無配年あり,0.0,
9215.T,"CaSy Co., Ltd.",0,2,20,22,1904738304.0,無配年あり,,
2489.T,Adways Inc.,0,0,22,22,15603243008.0,2回減配あり/無配年あり/3回以上減配あり,0.24838646812908227,
7375.T,"REFINVERSE Group, Inc.",0,2,20,22,4175809024.0,無配年あり,,
8617.T,"The Kosei Securities Co., Ltd.",0,8,14,22,5710672384.0,ROE低い/2回減配あり/営業CF合計マイナス/3回以上減配あり,-0.191005291005291,
3058.T,Sanyodo Holdings Inc,0,0,22,22,5193059840.0,自己資本比率低い/無配年あり/営業CF合計マイナス,-1.0,
9165.T,"Qualtec Co.,Ltd.",0,2,20,22,4300499968.0,無配年あり,-0.11904761904761904,
9225.T,Bridge Consulting Group Inc.,0,2,20,22,2007008512.0,無配年あり,,
7809.T,"Kotobukiya Co., Ltd.",0,7,15,22,10730875904.0,2回減配あり/無配年あり,0.35745204949522014,
5868.T,Rococo Co. Ltd.,0,2,20,22,3885305344.0,ROE低い/配当性向70%以上2回/無配年あり,0.3333333333333333,
8836.T,RISE Inc.,0,12,10,22,2496343296.0,ROE低い/EPS低い/無配年あり,,
4075.T,"Brains Technology, Inc.",0,2,20,22,8355084800.0,無配年あり,,
4735.T,"Kyoshin Co., Ltd.",0,2,20,22,2175065088.0,配当性向100%以上/2回減配あり/3回以上減配あり,0.026389809300275527,
6239.T,Nagaoka International Corporation,0,7,14,21,10039672832.0,ROE低い/配当性向70%以上2回/無配年あり,0.44296309828279135,
4370.T,Mobilus Corporation,0,2,19,21,2476649728.0,無配年あり,,
3079.T,DVx Inc,0,7,14,21,9765889024.0,ROE低い/無配年あり,,
5250.T,"GMO Prime Strategy Co.,Ltd.",0,2,19,21,3754305024.0,無配年あり,0.04880952380952381,
7128.T,UNISOL Holdings Corporation,0,9,12,21,70064775168.0,ROE低い/配当性向100%以上/無配年あり,1.029215373197004,
7822.T,"Eidai Co.,Ltd.",0,17,4,21,11358214144.0,ROE低い/EPS低い/2回減配あり/3回以上減配あり,-0.04763732092163464,
6400.T,"Fuji Seiki Co.,Ltd.",0,2,19,21,2533628672.0,無配年あり,0.10925925925925925,
3974.T,SCAT Inc.,0,2,19,21,2073408000.0,無配年あり,0.10803295524940226,
4235.T,"Ultrafabrics Holdings Co.,Ltd.",0,7,14,21,10974866432.0,ROE低い/2回減配あり/配当性向70%以上2回/無配年あり,0.2172981737497866,
9603.T,"H.I.S. Co., Ltd.",0,1,20,21,81633869824.0,ROE低い/無配年あり,-0.1359717868338558,
6038.T,"IID, Inc.",0,2,19,21,4132916480.0,無配年あり,0.369047619047619,
7963.T,Koken Ltd.,0,2,19,21,8709665792.0,2回減配あり/無配年あり/3回以上減配あり,0.12257495590828925,
7915.T,"Nissha Co., Ltd.",0,9,12,21,51443589120.0,ROE低い/配当性向100%以上/2回減配あり,0.08597883597883599,
3652.T,Digital Media Professionals Inc.,0,17,4,21,10205924352.0,ROE低い/EPS低い/無配年あり,,
6578.T,"CORREC Co., Ltd.",0,7,14,21,3527472128.0,ROE低い/配当性向100%以上/2回減配あり/無配年あり,-0.36011904761904767,
4356.T,"Applied Technology Co., Ltd.",0,2,19,21,9512245248.0,無配年あり,0.4791666666666667,
7039.T,BRIDGE International Group Corp.,0,2,19,21,4713715200.0,無配年あり,0.10714285714285714,
7265.T,"Eiken Industries Co.,Ltd.",0,2,19,21,3627933440.0,2回減配あり/無配年あり,0.03859227192560525,
4017.T,Creema Ltd.,0,7,14,21,1395605760.0,ROE低い/無配年あり,,
4616.T,"Kawakami Paint Mfg.Co.,Ltd.",0,2,19,21,2652834304.0,無配年あり,0.10185185185185186,
4124.T,Osaka Yuka Industry Ltd.,0,2,19,21,2527211520.0,無配年あり,0.017573696145124714,
7065.T,UPR Corporation,0,2,19,21,7399073280.0,無配年あり,0.2275030525030525,
7372.T,Decollte Holdings Corporation,0,2,19,21,2246162944.0,無配年あり,,
6338.T,Takatori Corporation,9,0,12,21,9247715328.0,ROE低い/2回減配あり/配当性向70%以上2回,0.22592592592592597,
6898.T,"Tomita Electric Co.,Ltd.",0,8,12,20,3859559424.0,ROE低い/無配年あり/営業CF合計マイナス,,
3544.T,"Satudora Holdings Co.,Ltd.",0,0,20,20,17184002048.0,ROE低い/現金比率低い/自己資本比率低い/無配年あり,0.0497993182750067,
3909.T,Showcase Inc.,0,0,20,20,1723112704.0,2回減配あり/無配年あり/営業CF合計マイナス/3回以上減配あり,-0.1841540404040404,
3001.T,"Katakura Industries Co.,Ltd.",0,1,19,20,95332950016.0,無配年あり,0.28280423280423284,
8165.T,"Senshukai Co., Ltd.",0,0,20,20,4677573632.0,減収傾向/2回減配あり/無配年あり/営業CF合計マイナス,-0.0625,
5134.T,"POPER Co.,Ltd.",0,0,20,20,1747751296.0,ROE低い/無配年あり,,
3440.T,"NISSO GROUP Co.,Ltd.",0,0,20,20,5515436032.0,ROE低い/2回減配あり/無配年あり,0.12380952380952381,
6577.T,"Bestone.Com Co.,Ltd",0,0,20,20,2033649920.0,無配年あり,0.2,
415A.T,"GMO TECH Holdings, Inc.",0,0,20,20,8966691840.0,2回減配あり/無配年あり,-0.10482752325599101,
4192.T,SpiderPlus & Co.,0,0,20,20,11623456768.0,ROE低い/無配年あり/営業CF合計マイナス,,
3719.T,"AI storm Co., Ltd.",0,0,20,20,3557409280.0,無配年あり/営業CF合計マイナス,,
1431.T,"Lib Work Co.,Ltd.",0,0,20,20,14936902656.0,ROE低い/配当性向100%以上/無配年あり,0.13211129280805775,
9561.T,GLAD CUBE Inc.,0,0,20,20,3560206336.0,ROE低い/無配年あり,,
8995.T,"Makoto Construction Co,Ltd",0,8,12,20,3922865664.0,ROE低い/配当性向100%以上/営業CF合計マイナス,0.0,
7918.T,"VIA Holdings,Inc.",0,10,10,20,4790696960.0,自己資本比率低い/EPS低い/2回減配あり/無配年あり/ROE低い,-0.20833333333333331,
350A.T,DIGITAL GRID Corporation,0,0,20,20,28479543296.0,無配年あり/営業CF合計マイナス,,
8260.T,"Izutsuya Co., Ltd.",0,10,10,20,4166915584.0,ROE低い/減収傾向/自己資本比率低い/無配年あり,0.06666666666666667,
6266.T,"Tazmo Co., Ltd.",0,1,19,20,60725403648.0,無配年あり,0.2583871375538042,
3154.T,"Medius Holdings Co., Ltd.",0,0,20,20,17589641216.0,ROE低い/2回減配あり/無配年あり/3回以上減配あり,0.060280551150606695,
3140.T,"BRUNO,Inc.",0,0,20,20,14629451776.0,無配年あり,0.10416666666666666,
4772.T,"SM ENTERTAINMENT JAPAN Co.,Ltd.",0,0,20,20,8344430592.0,ROE低い/無配年あり/営業CF合計マイナス,0.0,
7640.T,"TOP CULTURE Co.,Ltd.",0,0,20,20,3473814528.0,減収傾向/配当性向100%以上/2回減配あり/無配年あり,-0.4,
4707.T,KITAC Corporation,0,0,20,20,2100168320.0,ROE低い/無配年あり,0.05714285714285715,
8040.T,"Tokyo Soir Co., Ltd.",0,0,20,20,3652353536.0,ROE低い/配当性向100%以上/無配年あり,0.0,
7938.T,Regal Corporation,0,8,12,20,6073000960.0,営業CF合計マイナス/2回減配あり/配当性向70%以上2回/無配年あり/ROE低い,0.3435819327731092,
5871.T,SOLIZE Holdings Corporation,0,0,20,20,7279567872.0,ROE低い/配当性向100%以上/無配年あり,0.1702127659574468,
3628.T,"Data Horizon Co.,Ltd.",0,0,20,20,9099581440.0,自己資本比率低い/無配年あり/営業CF合計マイナス,0.11399300344401915,
265A.T,Hmcomm Inc.,0,0,20,20,3073450752.0,ROE低い/無配年あり,,
264A.T,"Schoo,inc.",0,0,20,20,3586133760.0,無配年あり/営業CF合計マイナス,,
477A.T,"Startline CO.,LTD.",0,10,10,20,3387419904.0,自己資本比率低い/無配年あり,,
8596.T,"Kyushu Leasing Service Co., Ltd.",0,3,17,20,34830053376.0,自己資本比率低い/無配年あり/営業CF合計マイナス,0.2614046449630006,
6181.T,Tameny Inc.,0,10,10,20,3912265728.0,ROE低い/EPS低い/自己資本比率低い/無配年あり,,
9223.T,ASNOVA Companies Inc.,0,10,10,20,4490064384.0,ROE低い/EPS低い/自己資本比率低い/無配年あり,0.0,
9212.T,"Green Earth Institute Co., Ltd.",0,0,20,20,3089719808.0,ROE低い/無配年あり/営業CF合計マイナス,,
2929.T,"Pharma Foods International Co., Ltd.",0,0,20,20,20446535680.0,無配年あり,0.2668805704099822,
2917.T,"Ohmoriya Co.,Ltd.",0,0,20,20,4423843328.0,営業CF合計マイナス/2回減配あり/配当性向70%以上2回/無配年あり/ROE低い,-0.027777777777777776,
6771.T,"Ikegami Tsushinki Co., Ltd.",0,8,12,20,4624582144.0,ROE低い/2回減配あり/営業CF合計マイナス/3回以上減配あり,0.10555555555555556,
9241.T,"Future Link Network Co.,Ltd.",0,0,20,20,1086956800.0,ROE低い/無配年あり,,
7363.T,baby calendar Inc.,0,0,20,20,1236363776.0,ROE低い/無配年あり,,
6597.T,HPC SYSTEMS Inc.,0,0,20,20,15044065280.0,無配年あり,0.04,
7692.T,Earth Infinity Co.Ltd.,0,0,20,20,8369894400.0,無配年あり,-0.0675990675990676,
278A.T,Terra Drone Corporation,0,10,10,20,205516800000.0,営業CF合計マイナス/現金比率低い/EPS低い/無配年あり/ROE低い,,
323A.T,Flier Inc.,0,0,20,20,1275436160.0,ROE低い/自己資本比率低い/無配年あり/営業CF合計マイナス,,
6334.T,"Meiji Machine Co., Ltd.",0,8,12,20,5255128576.0,ROE低い/配当性向100%以上/無配年あり/営業CF合計マイナス,0.2916666666666667,
4375.T,Safie Inc.,0,0,20,20,36166934528.0,ROE低い/無配年あり/営業CF合計マイナス,,
7150.T,"The Shimane Bank,Ltd.",0,0,20,20,4192954368.0,自己資本比率低い/営業CF合計マイナス/2回減配あり/ROE低い/3回以上減配あり,-0.13650793650793652,
5586.T,Laboro.AI Inc.,0,0,20,20,14624327680.0,無配年あり,,
5572.T,Ridge-i Inc.,0,0,20,20,13016852480.0,無配年あり,,
5380.T,Shinto Company Limited,20,0,0,20,901151616.0,ROE低い/EPS低い,0.0,
5580.T,"Prodelight Co.,Ltd.",0,0,20,20,2744809984.0,無配年あり,,
7135.T,"Japan Craft Holdings Co., Ltd.",0,0,20,20,6381833728.0,無配年あり/営業CF合計マイナス,,
3077.T,"Horiifoodservice Co., Ltd.",0,0,20,20,10241891328.0,2回減配あり/無配年あり/営業CF合計マイナス,-0.3,
9376.T,"Eurasia Travel Co., Ltd.",0,0,20,20,2863419904.0,ROE低い/配当性向100%以上/無配年あり,0.09722222222222221,
4404.T,"Miyoshi Oil & Fat Co., Ltd.",0,0,20,20,22401814528.0,ROE低い/無配年あり,0.17962962962962964,
5246.T,"ELEMENTS, Inc.",0,0,20,20,22814980096.0,ROE低い/無配年あり/営業CF合計マイナス,,
280A.T,TMH Inc.,0,0,20,20,4182976000.0,ROE低い/無配年あり/営業CF合計マイナス,,
7615.T,"KYOTO KIMONO YUZEN HOLDINGS Co., Ltd.",0,3,17,20,1966453888.0,2回減配あり/無配年あり/営業CF合計マイナス/3回以上減配あり,-0.30309794372294374,
4418.T,Japan Data Science Consortium Co.Ltd.,0,0,20,20,17866078208.0,無配年あり/営業CF合計マイナス,,
9254.T,"Lovable Marketing Group,inc.",0,0,20,20,1698609536.0,無配年あり,,
3302.T,"Teikoku Sen-i Co., Ltd.",0,1,19,20,77005225984.0,無配年あり,0.07592592592592591,
196A.T,"MFS, Inc.",0,0,20,20,3375835904.0,無配年あり/営業CF合計マイナス,,
7058.T,"Kyoei Security Service Co., Ltd.",0,0,20,20,4378215424.0,無配年あり,0.03194444444444444,
6836.T,"Plat'Home Co., Ltd.",0,0,20,20,4019785728.0,現金比率低い/無配年あり/営業CF合計マイナス,,
3083.T,"Star seeds Co.,Ltd.",0,8,12,20,8777663488.0,ROE低い/配当性向100%以上/無配年あり/営業CF合計マイナス,,
7083.T,AHC Group Inc.,0,0,20,20,2673846272.0,ROE低い/配当性向100%以上/無配年あり,0.2,
2991.T,LANDNET Inc.,0,0,20,20,12776919040.0,無配年あり/営業CF合計マイナス,0.3406722941159223,
4014.T,"Karadanote, Inc.",0,0,20,20,3035525376.0,無配年あり/営業CF合計マイナス,,
4015.T,Paycloud Holdings Inc.,0,0,20,20,8096222720.0,ROE低い/無配年あり,,
166A.T,TASUKI Holdings Inc.,0,0,20,20,62214389760.0,無配年あり/営業CF合計マイナス,1.25,
168A.T,Itamiarts.Inc,0,10,10,20,1567020032.0,ROE低い/EPS低い/自己資本比率低い/無配年あり,,
1724.T,Synclayer Inc.,0,0,19,19,3265280768.0,無配年あり,0.24465686274509807,
3981.T,Beaglee Inc.,0,2,17,19,6885938176.0,無配年あり,0.3208333333333333,
3069.T,JFLA Holdings Inc.,0,2,17,19,7764241920.0,自己資本比率低い/無配年あり,-0.2,
6663.T,"Taiyo Technolex Co.,Ltd.",0,0,19,19,1859245056.0,2回減配あり/無配年あり,0.05925925925925925,
2961.T,Nitcho Corporation,0,0,19,19,6404910592.0,2回減配あり/無配年あり,0.12361111111111112,
2931.T,"Euglena Co., Ltd.",0,9,10,19,47430287360.0,ROE低い/EPS低い/無配年あり,,
409A.T,"Orion Breweries, Ltd.",0,9,10,19,45480886272.0,無配年あり,,
3204.T,Toabo Corporation,0,2,17,19,4415393792.0,2回減配あり/無配年あり,-0.0017223517223517216,
9342.T,Sumasapo Inc.,0,0,19,19,2111727872.0,無配年あり,,
3195.T,"Generation Pass Co.,Ltd.",0,0,19,19,3592797440.0,無配年あり/営業CF合計マイナス,-1.0,
6574.T,Convano Inc.,0,9,10,19,62329487360.0,EPS低い/無配年あり,,
4392.T,"Future Innovation Group, Inc.",0,0,19,19,32165576704.0,無配年あり,0.0,
7414.T,"Onoken Co., Ltd.",0,17,2,19,34010046464.0,ROE低い/EPS低い/2回減配あり/3回以上減配あり,0.10671956004008505,
7416.T,Haruyama Holdings Inc.,0,17,2,19,10599712768.0,ROE低い/EPS低い/2回減配あり/無配年あり,-0.08054435483870967,
471A.T,"NS Group, Inc.",0,9,10,19,77683294208.0,無配年あり,,
7997.T,Kurogane Kosakusho Ltd.,0,0,19,19,1896173696.0,2回減配あり/無配年あり/営業CF合計マイナス/3回以上減配あり,-0.395,
2195.T,"Amita Holdings Co.,Ltd.",0,2,17,19,6582176256.0,無配年あり,0.2708333333333333,
5612.T,Nippon Chutetsukan K.K.,0,7,12,19,5079768576.0,2回減配あり/配当性向70%以上2回/無配年あり/ROE低い/配当性向100%以上/3回以上減配あり,-0.14564393939393938,
1718.T,"Mikikogyo Co., Ltd.",0,0,19,19,7490500608.0,2回減配あり/営業CF合計マイナス/3回以上減配あり,0.18166676742789298,
2984.T,"Yamaichi Real Estate Co., Ltd",0,0,19,19,6998313472.0,自己資本比率低い/無配年あり/営業CF合計マイナス,0.004545454545454547,
3904.T,KAYAC Inc.,0,0,19,19,6579444224.0,2回減配あり/無配年あり,-0.21245421245421245,
2752.T,Fujio Food Group Inc.,0,9,10,19,59763687424.0,ROE低い/EPS低い/2回減配あり/無配年あり,-0.14712430426716142,
4845.T,"Scala, Inc.",2,2,15,19,5940447232.0,配当性向100%以上/2回減配あり,0.029122731874519543,
5218.T,Ohara Inc.,0,7,12,19,39850110976.0,ROE低い/2回減配あり/無配年あり,0.21151368760064412,
6194.T,"Atrae, Inc.",0,7,12,19,20998735872.0,無配年あり,0.47619047619047616,
6159.T,"Micron Machinery Co., Ltd.",0,2,17,19,8418879488.0,2回減配あり/3回以上減配あり,-0.0019676574676488322,
7805.T,Printnet Inc.,0,2,17,19,3423354112.0,無配年あり,0.07083333333333333,
9246.T,"ProjectHoldings, Inc.",0,0,19,19,11653399552.0,無配年あり,,
4395.T,Accrete Inc.,0,0,19,19,5519914496.0,2回減配あり/無配年あり,-0.375,
3668.T,"COLOPL, Inc.",0,9,10,19,54512689152.0,2回減配あり/無配年あり/減収傾向/ROE低い/配当性向100%以上,0.03504512916277622,
8029.T,Look Holdings Incorporated,0,7,12,19,20704792576.0,ROE低い/無配年あり,0.1796296296296296,
2683.T,"UOGroup CO.,LTD.",0,2,17,19,2501033472.0,自己資本比率低い/配当性向70%以上2回/無配年あり,0.0,
219A.T,Heartseed Inc.,0,0,19,19,59991187456.0,無配年あり/営業CF合計マイナス,,
9768.T,"IDEA Consultants,Inc.",0,0,19,19,27199383552.0,無配年あり,0.2509048975715642,
4882.T,Perseus Proteomics Inc.,0,8,10,18,3059282176.0,ROE低い/EPS低い/無配年あり/営業CF合計マイナス,,
9946.T,"MINISTOP Co., Ltd.",0,14,4,18,51837046784.0,ROE低い/EPS低い/2回減配あり/3回以上減配あり,-0.0682643427741467,
8166.T,"Taka-Q Co., Ltd.",0,3,15,18,3291525888.0,減収傾向/2回減配あり/無配年あり/営業CF合計マイナス,-0.16666666666666666,
5753.T,"Nippon Shindo Co., Ltd.",0,4,14,18,5485684224.0,ROE低い/現金比率低い/無配年あり,0.1875,
6380.T,"Oriental Chain Mfg. Co., Ltd.",0,4,14,18,6183146496.0,現金比率低い/無配年あり,-0.07142857142857142,
3224.T,"General Oyster, Inc.",0,8,10,18,3523968256.0,ROE低い/EPS低い/無配年あり/営業CF合計マイナス,,
4813.T,"Access Co., Ltd.",0,8,10,18,16498933760.0,ROE低い/EPS低い/無配年あり/営業CF合計マイナス,-0.5,
7421.T,"Kappa Create Co., Ltd.",0,14,4,18,73929785344.0,現金比率低い/EPS低い/2回減配あり/無配年あり/ROE低い,-0.5,
4171.T,Global Information Inc,0,2,15,17,4954042880.0,減収傾向/無配年あり,,
4888.T,Stella Pharma Corporation,0,13,4,17,15559772160.0,ROE低い/EPS低い/無配年あり/営業CF合計マイナス,,
7161.T,"Jimoto Holdings, Inc.",0,3,14,17,18184802304.0,自己資本比率低い/営業CF合計マイナス/2回減配あり/無配年あり/ROE低い/3回以上減配あり,-0.27114177489177493,
7198.T,SBI ARUHI Corporation,0,3,14,17,35161780224.0,自己資本比率低い/営業CF合計マイナス/2回減配あり/配当性向70%以上2回/無配年あり/配当性向100%以上,-0.004478903102182201,
6147.T,"Yamazaki Co., Ltd.",0,15,2,17,736567232.0,ROE低い/EPS低い/無配年あり,0.16666666666666669,
246A.T,ASUA Inc.,0,2,15,17,2874255872.0,無配年あり,,
9242.T,"Media Research Institute,Inc.",0,2,15,17,2432278016.0,無配年あり,,
6218.T,ENSHU Limited,0,7,10,17,4211156736.0,ROE低い/減収傾向/無配年あり,0.011538461538461534,
431A.T,"uSonar Co., Ltd.",0,7,10,17,22008002560.0,無配年あり,,
6233.T,KLASS Corporation,0,0,17,17,2067643904.0,無配年あり,0.0,
421A.T,"Movin' Strategic Career CO., LTD.",0,7,10,17,32586891264.0,無配年あり,,
6440.T,Juki Corporation,0,0,17,17,25243478016.0,2回減配あり/無配年あり/3回以上減配あり,-0.11994047619047618,
6620.T,"Miyakoshi Holdings, Inc.",0,17,0,17,25528893440.0,ROE低い/減収傾向/無配年あり/EPS低い,-1.0,
4175.T,coly Inc.,0,13,4,17,15891826688.0,ROE低い/EPS低い/無配年あり/営業CF合計マイナス,,
414A.T,"OVERLAP Holdings,Inc.",0,7,10,17,16806719488.0,無配年あり,,
6613.T,"QD Laser, Inc.",0,7,10,17,93847224320.0,営業CF合計マイナス/現金比率低い/EPS低い/無配年あり/ROE低い,,
4174.T,Appirits Inc.,0,7,10,17,4428445184.0,ROE低い/EPS低い/無配年あり,0.3147186147186147,
428A.T,"Cypress Holdings Co., Ltd.",0,7,10,17,23845146624.0,無配年あり,,
367A.T,"Primo Global Holdings Co., Ltd.",0,7,10,17,25454186496.0,無配年あり,,
5891.T,"SAKIGAKE Holdings Co.,Ltd.",0,2,15,17,9619685376.0,EPS低い/無配年あり,0.2388888888888889,
2424.T,Brass Corporation,0,2,15,17,3265657856.0,無配年あり,0.12916666666666665,
2491.T,"ValueCommerce Co., Ltd.",13,2,2,17,9847353344.0,ROE低い/EPS低い/2回減配あり,0.422098209600013,
6063.T,"Emergency Assistance Japan Co., Ltd.",0,0,17,17,2521653248.0,2回減配あり/無配年あり,-0.134375,
336A.T,"Dynamic Map Platform Co., Ltd.",0,13,4,17,34951094272.0,ROE低い/EPS低い/無配年あり/営業CF合計マイナス,,
369A.T,"A-tie Co.,Ltd.",0,7,10,17,11765561344.0,無配年あり,,
4068.T,Basis Corporation,0,2,15,17,3355226112.0,無配年あり,,
8562.T,"The Fukushima Bank, Ltd.",0,3,14,17,14332398592.0,自己資本比率低い/営業CF合計マイナス/2回減配あり/無配年あり/ROE低い/3回以上減配あり,-0.2875,
402A.T,Axelspace Holdings Corporation,0,13,4,17,22738698240.0,ROE低い/EPS低い/無配年あり/営業CF合計マイナス,,
3926.T,OpenDoor Inc.,0,13,4,17,12932628480.0,ROE低い/EPS低い/無配年あり/営業CF合計マイナス,,
3529.T,"Atsugi Co., Ltd.",0,13,4,17,16574495744.0,営業CF合計マイナス/EPS低い/2回減配あり/無配年あり/ROE低い,-0.3,
3986.T,"bBreak Systems Company, Limited",0,2,15,17,2282550016.0,無配年あり,0.06761362396694329,
9827.T,"Lilycolor Co., Ltd.",0,0,17,17,8018331648.0,配当性向70%以上2回/無配年あり,0.4618089764641489,
3900.T,CrowdWorks Inc.,0,7,10,17,10653236224.0,ROE低い/EPS低い/無配年あり,-1.0,
386A.T,"Minoya Co., Ltd.",0,2,15,17,4517065216.0,無配年あり,,
9872.T,"Kitakei Co., Ltd.",0,0,17,17,8913521664.0,2回減配あり/無配年あり/3回以上減配あり,0.10215704723000732,
9903.T,"Kanseki Co., Ltd.",3,2,12,17,6710470144.0,ROE低い/自己資本比率低い/2回減配あり/3回以上減配あり,0.08805515472182139,
3858.T,Ubiquitous AI Corporation,0,12,4,16,3440972544.0,ROE低い/EPS低い/無配年あり,,
7077.T,"ALiNK Internet, Inc.",0,12,4,16,1799604736.0,ROE低い/EPS低い/無配年あり,,
6633.T,Cgs Holdings Inc.,0,2,14,16,2992930560.0,2回減配あり/配当性向70%以上2回/無配年あり/ROE低い/3回以上減配あり,0.029670329670329662,
4167.T,Kokopelli Inc.,0,12,4,16,2596369152.0,ROE低い/EPS低い/無配年あり,,
4260.T,"Hybrid Technologies Co., Ltd.",0,2,14,16,2303867392.0,ROE低い/無配年あり,,
2736.T,"Festaria Holdings Co., Ltd.",0,2,14,16,2153353472.0,ROE低い/無配年あり,-0.11875000656249968,
3067.T,"Tokyo Ichiban Foods Co., Ltd.",0,2,14,16,4053054464.0,ROE低い/無配年あり,-0.2,
6330.T,Toyo Engineering Corporation,0,12,4,16,161142931456.0,自己資本比率低い/EPS低い/2回減配あり/無配年あり/ROE低い,-0.25,
4615.T,"Shinto Paint Company, Limited",0,12,4,16,4458859520.0,ROE低い/EPS低い/2回減配あり/無配年あり,-0.21428571428571427,
9313.T,"Maruhachi Warehouse Company, Limited",0,2,14,16,6064412672.0,ROE低い/無配年あり,0.05,
3765.T,"GungHo Online Entertainment, Inc.",0,4,12,16,126780227584.0,ROE低い/配当性向100%以上/無配年あり,0.16666666666666666,
7827.T,Orvis Corporation,0,2,14,16,3117920768.0,ROE低い/無配年あり,0.2110957474887823,
5997.T,Kyoritsu Air Tech Inc.,0,2,14,16,4322631680.0,ROE低い/2回減配あり/無配年あり/3回以上減配あり,0.08333333333333333,
6699.T,"Diamond Electric Holdings Co., Ltd.",0,2,14,16,5782616576.0,自己資本比率低い/2回減配あり/無配年あり/ROE低い/配当性向100%以上,0.24444444444444446,
3323.T,"Recomm Co., Ltd.",0,0,15,15,7588460544.0,EPS低い/2回減配あり/無配年あり,0.06979166666666667,
6029.T,Artra Group Corporation,0,0,15,15,1999146240.0,減収傾向/無配年あり,-0.1388888888888889,
4889.T,Renascience Inc.,0,13,2,15,15567885312.0,ROE低い/EPS低い/無配年あり/営業CF合計マイナス,,
6310.T,"Iseki & Co., Ltd.",0,1,14,15,43002175488.0,ROE低い/無配年あり,0.14814814814814814,
3436.T,Sumco Corporation,1,12,2,15,1214270668800.0,ROE低い/EPS低い/2回減配あり/3回以上減配あり,0.22395662653115225,
3747.T,"Intertrade Co.,Ltd.",0,0,15,15,2931704320.0,減収傾向/無配年あり,,
4592.T,SanBio Company Limited,0,15,0,15,75092123648.0,営業CF合計マイナス/EPS低い/無配年あり/減収傾向/ROE低い,,
2193.T,Cookpad Inc.,0,0,15,15,8985575424.0,減収傾向/2回減配あり/無配年あり/営業CF合計マイナス,-0.6,
5582.T,GRID Inc.,0,0,15,15,10087586816.0,無配年あり,,
7813.T,"Platz Co., Ltd.",0,0,15,15,3016535296.0,2回減配あり/3回以上減配あり,0.128968253968254,
8254.T,"Saikaya Department Store Co.,Ltd.",0,0,15,15,1995676544.0,減収傾向/無配年あり,,
4934.T,"Premier Anti-Aging Co., Ltd.",0,0,15,15,5118862336.0,無配年あり/営業CF合計マイナス,,
3691.T,"DIGITAL PLUS, Inc.",0,0,15,15,7916497920.0,EPS低い/無配年あり/営業CF合計マイナス,,
4978.T,ReproCELL Incorporated,0,13,2,15,13616805888.0,ROE低い/EPS低い/無配年あり/営業CF合計マイナス,,
4760.T,"Alpha Co., Ltd.",0,0,14,14,964848000.0,営業CF合計マイナス/2回減配あり/無配年あり/ROE低い/3回以上減配あり,-0.1699404761904762,
9421.T,NJ Holdings Inc.,0,12,2,14,2900445696.0,ROE低い/EPS低い/2回減配あり/無配年あり,-0.07142857142857142,
7314.T,"Odawara Auto-Machine Mfg. Co., Ltd.",0,0,14,14,4275802624.0,ROE低い/無配年あり/営業CF合計マイナス,0.1438853544116702,
6619.T,W-SCOPE Corporation,0,12,2,14,8686782464.0,ROE低い/現金比率低い/無配年あり/EPS低い,-0.25,
8202.T,"Laox Holdings CO.,LTD.",0,0,14,14,13621005312.0,ROE低い/無配年あり/営業CF合計マイナス,0.5,
6926.T,"Okaya Electric Industries Co., Ltd.",0,12,2,14,4409600512.0,EPS低い/2回減配あり/無配年あり/ROE低い/3回以上減配あり,-0.33055555555555555,
4755.T,"Rakuten Group, Inc.",0,4,10,14,1487459581952.0,ROE低い/EPS低い/2回減配あり/無配年あり,-0.3333333333333333,
4178.T,Sharing Innovations Inc.,0,2,12,14,3256932096.0,ROE低い/無配年あり,,
6656.T,inspec Inc.,0,0,14,14,3358887680.0,自己資本比率低い/営業CF合計マイナス/2回減配あり/無配年あり/ROE低い,-0.6666666666666666,
6521.T,OXIDE Corporation,0,4,10,14,39021809664.0,ROE低い/現金比率低い/無配年あり/EPS低い,,
3192.T,"Shirohato Co., Ltd.",0,0,14,14,1550839168.0,2回減配あり/無配年あり,-0.625,
7985.T,NEPON Inc,0,12,2,14,674077184.0,ROE低い/EPS低い/無配年あり,,
6291.T,"Airtech Japan, Ltd.",0,0,14,14,13421969408.0,ROE低い/無配年あり,0.17744107744107743,
6054.T,Livesense Inc.,0,0,14,14,3032455680.0,ROE低い/無配年あり,,
8127.T,Yamato International Inc.,0,0,14,14,10587019264.0,ROE低い/配当性向100%以上/2回減配あり/3回以上減配あり,0.12599472537553033,
8938.T,"GLOME Holdings,Inc.",0,12,2,14,3288883968.0,EPS低い/2回減配あり/無配年あり/ROE低い/3回以上減配あり,-0.3095238095238096,
4579.T,RaQualia Pharma Inc.,0,0,14,14,16451738624.0,ROE低い/無配年あり,,
3777.T,Environment Friendly Holdings Corp.,0,0,14,14,16903605248.0,ROE低い/無配年あり,,
2493.T,"E-SUPPORTLINK, Ltd.",0,0,14,14,4327119872.0,ROE低い/無配年あり/営業CF合計マイナス,-0.125,
9344.T,Axis Consulting Corporation,0,0,14,14,6785978880.0,無配年あり,,
9339.T,"Coach A Co., Ltd.",0,2,12,14,3574029824.0,ROE低い/無配年あり,0.0,
7928.T,"Asahi Kagaku Kogyo Co.,Ltd.",0,2,12,14,1869151616.0,ROE低い/2回減配あり/3回以上減配あり,0.5433048433048433,
4593.T,Healios K.K.,0,0,14,14,39555559424.0,ROE低い/無配年あり/営業CF合計マイナス,,
9348.T,"ispace, inc.",0,10,4,14,59841392640.0,ROE低い/EPS低い/無配年あり/営業CF合計マイナス,,
6546.T,Fulltech Co.Ltd.,0,0,14,14,6242351616.0,ROE低い/配当性向100%以上/2回減配あり/無配年あり,0.020452712609970673,
2009.T,"The Torigoe Co., Ltd.",0,0,14,14,26089750528.0,ROE低い/配当性向100%以上/無配年あり,0.21098089433813969,
6047.T,Gunosy Inc.,0,12,2,14,7733401088.0,ROE低い/EPS低い/無配年あり,,
3138.T,"Fujisan Magazine Service Co., Ltd.",0,2,12,14,3952974080.0,ROE低い/配当性向100%以上/無配年あり,-0.06666666666666667,
6838.T,"Tamagawa Holdings Co., Ltd.",0,0,14,14,13554091008.0,2回減配あり/無配年あり/営業CF合計マイナス/3回以上減配あり,-0.07619047619047618,
4880.T,"CellSource Co., Ltd.",0,2,12,14,6352256000.0,配当性向100%以上/無配年あり,-0.375,
2266.T,"Rokko Butter Co., Ltd.",0,0,14,14,20203380736.0,2回減配あり/無配年あり,0.011111111111111108,
198A.T,PostPrime Inc.,0,12,2,14,2000709760.0,ROE低い/EPS低い/無配年あり,,
7674.T,"NATTY SWANKY holdings Co.,Ltd.",0,4,10,14,6786630144.0,ROE低い/現金比率低い/無配年あり/EPS低い,0.05555555555555556,
9173.T,"Tokai Kisen Co., Ltd.",0,2,12,14,6151514112.0,ROE低い/無配年あり,-0.25,
2997.T,"STORAGE-OH Co.,Ltd.",0,0,14,14,2500562944.0,ROE低い/自己資本比率低い/無配年あり/営業CF合計マイナス,,
4069.T,BlueMeme Group Inc.,0,0,14,14,2066944384.0,ROE低い/無配年あり,,
9895.T,Consec Corporation,0,12,2,14,2210483456.0,ROE低い/EPS低い/2回減配あり/3回以上減配あり,0.003333333333333335,
195A.T,MUSCAT GROUP Inc.,0,3,10,13,2337782528.0,ROE低い/EPS低い/無配年あり/営業CF合計マイナス,,
3948.T,"Hikari Business Form Co., Ltd.",1,2,10,13,6401934848.0,ROE低い/減収傾向/2回減配あり/3回以上減配あり,0.16263484798953906,
6977.T,"Japan Resistor Mfg. Co., Ltd.",13,0,0,13,2344499712.0,営業CF合計マイナス/EPS低い/2回減配あり/減収傾向/ROE低い,0.1611111111111111,
2934.T,"J Frontier Co.,Ltd.",0,3,10,13,10747147264.0,自己資本比率低い/営業CF合計マイナス/EPS低い/無配年あり/ROE低い,,
3810.T,"CyberStep Holdings, Inc.",0,13,0,13,15399618560.0,営業CF合計マイナス/EPS低い/無配年あり/減収傾向/ROE低い,-1.0,
3758.T,Aeria Inc.,0,0,12,12,5022642176.0,ROE低い/無配年あり/営業CF合計マイナス,0.0,
2291.T,"Fukutome Meat Packers, Ltd.",0,0,12,12,1691622272.0,ROE低い/自己資本比率低い/無配年あり/営業CF合計マイナス,-0.2,
2342.T,Transgenic Group Inc.,0,8,4,12,4179958016.0,営業CF合計マイナス/EPS低い/2回減配あり/無配年あり/ROE低い/3回以上減配あり,-0.14166666666666666,
9557.T,"airCloset, Inc.",0,2,10,12,2170460416.0,ROE低い/EPS低い/無配年あり,,
2375.T,GiG Works Inc.,0,0,12,12,4256819456.0,ROE低い/2回減配あり/無配年あり,0.08988091418261582,
7215.T,"Faltec Co., Ltd.",0,10,2,12,3901194752.0,自己資本比率低い/EPS低い/2回減配あり/無配年あり/ROE低い,-0.19010253535986285,
9969.T,"Shokubun Co., Ltd.",0,12,0,12,3604353280.0,EPS低い/2回減配あり/無配年あり/減収傾向/ROE低い/3回以上減配あり,-0.39999999999999997,
8247.T,"Daiwa Co.,Ltd.",0,10,2,12,1991091328.0,ROE低い/EPS低い/自己資本比率低い/無配年あり,-0.3333333333333333,
6778.T,"Artiza Networks, Inc.",0,2,10,12,5499048960.0,2回減配あり/配当性向70%以上2回/無配年あり/ROE低い/3回以上減配あり,0.08455882352941177,
3053.T,"Pepper Food Service Co., Ltd.",0,0,12,12,12223332352.0,無配年あり/営業CF合計マイナス,0.175,
6769.T,"THine Electronics, Inc.",0,0,12,12,13563957248.0,ROE低い/配当性向100%以上/無配年あり/営業CF合計マイナス,0.06481481481481481,
3958.T,"Sasatoku Printing Co.,Ltd.",0,2,10,12,2932065024.0,ROE低い/無配年あり,0.75,
3967.T,"Eltes Co.,Ltd.",0,2,10,12,4161331968.0,ROE低い/EPS低い/自己資本比率低い/無配年あり,,
6186.T,"Ichikura Co., Ltd.",0,10,2,12,2062055936.0,自己資本比率低い/EPS低い/2回減配あり/ROE低い/3回以上減配あり,-0.03390693348641204,
6155.T,"Takamatsu Machinery Co., Ltd.",0,12,0,12,5870575616.0,EPS低い/2回減配あり/減収傾向/ROE低い/3回以上減配あり,-0.036663239294818246,
9229.T,"Sunwels Co.,Ltd.",0,2,10,12,3502710784.0,ROE低い/EPS低い/自己資本比率低い/無配年あり,-0.051282003944769484,
5256.T,"Fusic Co., Ltd.",0,2,10,12,4435993600.0,ROE低い/無配年あり,,
4381.T,"BPLATS,Inc.",0,10,2,12,924349504.0,EPS低い/自己資本比率低い/無配年あり,,
4833.T,"Def consulting, inc.",0,8,4,12,4356121088.0,ROE低い/EPS低い/無配年あり/営業CF合計マイナス,,
3409.T,"Kitabo Co.,Ltd",0,8,4,12,2492146688.0,ROE低い/EPS低い/無配年あり/営業CF合計マイナス,,
3416.T,PIXTA Inc.,0,0,12,12,1562353792.0,ROE低い/配当性向100%以上/無配年あり,0.0,
9258.T,"CS-C.Co.,Ltd.",0,2,10,12,1998677760.0,ROE低い/EPS低い/無配年あり,,
3439.T,Mitsuchi Corporation,0,2,10,12,3198652160.0,ROE低い/2回減配あり/3回以上減配あり,0.24111560953666217,
3461.T,"Palma Co., Ltd.",0,0,12,12,3862895616.0,無配年あり,0.4697916666666667,
3426.T,"Atom Livin Tech Co., Ltd.",0,2,10,12,5206632960.0,ROE低い/2回減配あり/3回以上減配あり,0.021849501261265968,
2693.T,YKT Corporation,0,0,12,12,3296835072.0,ROE低い/2回減配あり/無配年あり,0.0018518518518518452,
6696.T,TRaaS On Product Inc.,0,8,4,12,1457717760.0,EPS低い/無配年あり/営業CF合計マイナス,,
7531.T,Seiwa Chuo Holdings Corporation,0,0,12,12,5148808704.0,ROE低い/2回減配あり/無配年あり/3回以上減配あり,0.09920634920634923,
3261.T,"GRANDES, Inc.",0,0,12,12,1828616448.0,ROE低い/無配年あり,0.12460316460317508,
6034.T,MRT Inc.,0,0,12,12,3278453504.0,ROE低い/無配年あり,-1.0,
460A.T,BRANU Inc.,0,2,10,12,5514397184.0,無配年あり,,
3172.T,"Tea Life Co., Ltd.",0,2,10,12,4833188352.0,ROE低い/2回減配あり/配当性向70%以上2回/3回以上減配あり,0.07835405098832209,
2901.T,Wel-Dish.Incorporated,0,0,12,12,3889953024.0,無配年あり/営業CF合計マイナス,,
1897.T,"The Kaneshita Construction Co.,Ltd.",0,0,12,12,7798636032.0,ROE低い/無配年あり,0.0,
4351.T,Yamada Servicer Synthetic Office,0,0,12,12,3624890624.0,ROE低い/配当性向100%以上/無配年あり,0.0,
7369.T,"Meiho Holdings,Inc.",0,2,10,12,1846241152.0,ROE低い/EPS低い/無配年あり,,
476A.T,"Tsuji Hongo IT Consulting Co.,Ltd.",0,2,10,12,4197225216.0,無配年あり,,
5074.T,"Tess Holdings Co.,Ltd.",0,0,12,12,38217900032.0,ROE低い/2回減配あり/無配年あり,-0.20078208341366235,
5125.T,Fines inc.,0,2,10,12,2390112512.0,ROE低い/無配年あり,,
4720.T,"Johnan Academic Preparatory Institute, Inc.",0,2,10,12,1927545856.0,自己資本比率低い/2回減配あり/無配年あり/減収傾向/ROE低い/配当性向100%以上,-0.16666666666666666,
554A.T,"Batonz Co., Ltd.",0,2,10,12,6438863872.0,無配年あり,,
4020.T,Betrend Corporation,0,2,10,12,1867985920.0,ROE低い/EPS低い/無配年あり,,
7048.T,VELTRA Corporation,0,2,10,12,5417286144.0,ROE低い/EPS低い/無配年あり,,
3803.T,Image Information Inc.,0,8,4,12,2402037248.0,ROE低い/EPS低い/無配年あり/営業CF合計マイナス,,
548A.T,"SystemEXE,Inc.",0,2,10,12,4972299776.0,無配年あり,,
410A.T,"GMO Commerce, Inc.",0,2,10,12,6879970816.0,無配年あり,,
7426.T,Yamadai Corporation,0,12,0,12,1773.0,EPS低い/2回減配あり/無配年あり/減収傾向/3回以上減配あり,-0.050264555525611807,
4265.T,Institution for a Global Society Corporation,0,8,4,12,1188576640.0,ROE低い/EPS低い/無配年あり/営業CF合計マイナス,,
2321.T,Softfront Holdings,0,8,4,12,7278222336.0,ROE低い/EPS低い/無配年あり/営業CF合計マイナス,,
549A.T,"HITO-TO-HITO Holdings Co.,Ltd.",0,2,10,12,6496000000.0,無配年あり,,
9419.T,"WirelessGate, Inc.",0,2,10,12,3209769216.0,減収傾向/2回減配あり/無配年あり,-0.642416225749559,
559A.T,"Umenoyado Brewery Co., Ltd.",0,2,10,12,6963651584.0,無配年あり,,
4591.T,Ribomic Inc.,0,8,4,12,4523905024.0,ROE低い/EPS低い/無配年あり/営業CF合計マイナス,,
7709.T,KUBOTEK Corporation,0,2,10,12,550698176.0,ROE低い/EPS低い/自己資本比率低い/無配年あり,,
7681.T,"LEOCLAN Co.,Ltd.",0,0,12,12,5827014656.0,ROE低い/配当性向100%以上/無配年あり,0.0317777832633353,
6031.T,Zeta Inc.,0,2,10,12,5773069824.0,無配年あり,0.9333333333333333,
335A.T,Mirairo Inc.,0,2,10,12,3460688128.0,無配年あり,,
5950.T,"Japan Power Fastening Co.,Ltd.",0,0,12,12,2080398592.0,2回減配あり/無配年あり/ROE低い/配当性向100%以上/3回以上減配あり,-0.45555555555555555,
3446.T,JTEC Corporation,0,2,10,12,9382274048.0,ROE低い/無配年あり,,
4316.T,"BeMap, Inc.",0,8,4,12,149532256.0,ROE低い/EPS低い/無配年あり/営業CF合計マイナス,,
4564.T,"OncoTherapy Science, Inc.",0,8,4,12,8164871680.0,ROE低い/EPS低い/無配年あり/営業CF合計マイナス,,
5449.T,"Osaka Steel Co., Ltd.",0,11,0,11,73300426752.0,現金比率低い/EPS低い/2回減配あり/無配年あり/減収傾向/ROE低い/3回以上減配あり,-0.05062809371847635,
4894.T,Cuorips Inc.,0,7,4,11,54690820096.0,営業CF合計マイナス/現金比率低い/EPS低い/無配年あり/ROE低い,,
325A.T,TENTIAL Inc.,0,1,10,11,45616787456.0,無配年あり,,
6425.T,Universal Entertainment Corporation,0,9,2,11,55096004608.0,EPS低い/2回減配あり/無配年あり/ROE低い/3回以上減配あり,-0.4,
3760.T,"CAVE Interactive CO.,LTD.",0,7,4,11,4374805504.0,ROE低い/EPS低い/無配年あり,-0.3333333333333333,
157A.T,Green Monster Inc.,0,0,10,10,2494493440.0,ROE低い/EPS低い/無配年あり,0.0,
2293.T,"Takizawa Ham Co., Ltd.",0,10,0,10,5480873984.0,自己資本比率低い/EPS低い/2回減配あり/無配年あり/減収傾向/ROE低い/3回以上減配あり,-0.1416666666666667,
2370.T,"MEDINET Co., Ltd.",0,0,10,10,7041681408.0,ROE低い/EPS低い/無配年あり/営業CF合計マイナス,,
7371.T,Zenken Corporation,0,0,10,10,9782071296.0,ROE低い/2回減配あり/無配年あり,0.1536764705882353,
7376.T,"BCC Co., Ltd.",0,0,10,10,3097213952.0,ROE低い/EPS低い/無配年あり/営業CF合計マイナス,,
423A.T,Lion Office Products Corp.,0,0,10,10,10669905920.0,無配年あり,,
2164.T,"Chiikishinbunsha Co.,Ltd.",0,0,10,10,2284779520.0,ROE低い/EPS低い/無配年あり,-0.12500044999964005,
478A.T,Hutzper Inc.,0,0,10,10,7501680128.0,無配年あり,,
479A.T,"PRONI, Inc.",0,0,10,10,8903243776.0,無配年あり/営業CF合計マイナス,,
5884.T,"KURADASHI.Co.,Ltd.",0,0,10,10,7356996096.0,ROE低い/無配年あり/営業CF合計マイナス,,
3474.T,"G-Factory Co.,Ltd.",0,0,10,10,3897243904.0,ROE低い/EPS低い/無配年あり,-1.0,
5721.T,S Crypto Energy Inc.,0,8,2,10,9063694336.0,ROE低い/EPS低い/無配年あり/営業CF合計マイナス,-1.0,
3469.T,"Dualtap Co., Ltd.",0,0,10,10,3896173568.0,ROE低い/配当性向100%以上/無配年あり,0.05430856507622812,
5618.T,Nyle Inc.,0,0,10,10,2552503296.0,EPS低い/無配年あり/営業CF合計マイナス,,
5616.T,"Ame Kaze Taiyo, Inc.",0,0,10,10,1578166016.0,ROE低い/EPS低い/無配年あり/営業CF合計マイナス,,
480A.T,"LiB Consulting co.,ltd",0,0,10,10,6787097600.0,無配年あり,,
4814.T,Nextware Ltd.,0,8,2,10,2121986048.0,営業CF合計マイナス/EPS低い/2回減配あり/無配年あり/ROE低い,-0.6666666666666666,
6659.T,"Media Links Co.,Ltd.",0,8,2,10,3461200384.0,ROE低い/EPS低い/無配年あり/営業CF合計マイナス,,
6662.T,"Ubiteq, Inc.",0,0,10,10,3372484864.0,ROE低い/無配年あり/営業CF合計マイナス,-0.2,
7041.T,"CRG Holdings Co.,Ltd.",0,0,10,10,1851605120.0,営業CF合計マイナス/無配年あり/減収傾向/ROE低い/配当性向100%以上,,
472A.T,Mirrativ Inc.,0,0,10,10,9341282304.0,無配年あり/営業CF合計マイナス,,
7078.T,INCLUSIVE Holdings Inc.,0,8,2,10,3377678080.0,ROE低い/EPS低い/無配年あり/営業CF合計マイナス,,
3807.T,Fisco Ltd.,0,0,10,10,4123486720.0,ROE低い/減収傾向/2回減配あり/無配年あり,0.5,
2962.T,"Tecnisco, Ltd.",0,0,10,10,22937468928.0,ROE低い/無配年あり,,
519A.T,Basic Inc.,0,0,10,10,2645522944.0,無配年あり/営業CF合計マイナス,,
2437.T,"Shinwa Wise Holdings Co.,Ltd.",0,8,2,10,6941225472.0,営業CF合計マイナス/EPS低い/2回減配あり/無配年あり/ROE低い/3回以上減配あり,-0.5109523809523809,
5341.T,"Asahi Eito Holdings Co.,Ltd.",0,0,10,10,1255219712.0,ROE低い/EPS低い/無配年あり/営業CF合計マイナス,,
3133.T,"kaihan co.,Ltd.",0,0,10,10,3062654464.0,自己資本比率低い/営業CF合計マイナス/EPS低い/2回減配あり/無配年あり/ROE低い,-0.5,
9610.T,Wilson Learning Worldwide Inc.,0,8,2,10,1171271680.0,ROE低い/EPS低い/無配年あり/営業CF合計マイナス,,
3653.T,"Morpho, Inc.",0,0,10,10,5007464960.0,ROE低い/EPS低い/無配年あり/営業CF合計マイナス,,
3656.T,KLab Inc.,0,0,10,10,14967177216.0,ROE低い/減収傾向/無配年あり/営業CF合計マイナス,-1.0,
8894.T,"Revolution Co., Ltd.",0,0,10,10,2565881600.0,ROE低い/EPS低い/無配年あり,,
4571.T,"Nano Holdings, Inc.",0,8,2,10,8199114240.0,ROE低い/EPS低い/無配年あり/営業CF合計マイナス,,
9331.T,Caster Co.Ltd.,0,0,10,10,1323283456.0,EPS低い/無配年あり/営業CF合計マイナス,,
9327.T,"e-LogiT co.,ltd.",0,8,2,10,2962640896.0,ROE低い/EPS低い/無配年あり/営業CF合計マイナス,-1.0,
4344.T,Sourcenext Corporation,0,0,10,10,14246443008.0,営業CF合計マイナス/EPS低い/2回減配あり/無配年あり/3回以上減配あり,-0.31305688485838756,
75505.T,"Zensho Holdings Co., Ltd.",0,0,10,10,,EPS低い/無配年あり/営業CF合計マイナス,,
5932.T,"Sankyo Tateyama,Inc.",1,7,2,10,20273565696.0,自己資本比率低い/EPS低い/2回減配あり/ROE低い/3回以上減配あり,0.13999118165784835,
2762.T,"Sanko Marketing Foods Co., Ltd.",0,0,10,10,2893305344.0,営業CF合計マイナス/EPS低い/2回減配あり/無配年あり/ROE低い/3回以上減配あり,-0.54375,
4594.T,"BrightPath Biotherapeutics Co., Ltd.",0,8,2,10,6805669376.0,ROE低い/EPS低い/無配年あり/営業CF合計マイナス,,
3686.T,DLE Inc.,0,8,2,10,2520009472.0,ROE低い/EPS低い/無配年あり/営業CF合計マイナス,,
469A.T,Fitcrew Inc.,0,0,10,10,1714272768.0,無配年あり,,
4563.T,"AnGes, Inc.",0,0,10,10,14358071296.0,ROE低い/EPS低い/無配年あり/営業CF合計マイナス,,
373A.T,"LIPPS Co.,Ltd",0,0,10,10,3922650112.0,無配年あり,,
290A.T,Synspective Inc.,0,0,10,10,187306688512.0,ROE低い/EPS低い/無配年あり/営業CF合計マイナス,,
7810.T,"Crossfor Co.,Ltd.",0,0,10,10,2702225664.0,営業CF合計マイナス/2回減配あり/無配年あり/ROE低い/3回以上減配あり,-0.5528968253968254,
6177.T,AppBank Inc.,0,0,10,10,2194910208.0,EPS低い/無配年あり/営業CF合計マイナス,,
4890.T,Tsubota Laboratory Incorporated,0,8,2,10,6654929408.0,ROE低い/EPS低い/無配年あり/営業CF合計マイナス,,
4499.T,"Speee, Inc.",0,0,10,10,26898462720.0,ROE低い/EPS低い/無配年あり/営業CF合計マイナス,,
4935.T,"Liberta Co.,Ltd.",0,0,10,10,7615601664.0,ROE低い/EPS低い/無配年あり/営業CF合計マイナス,-0.009401337873409183,
9250.T,GRCS Inc.,0,0,10,10,1556596096.0,ROE低い/EPS低い/無配年あり/営業CF合計マイナス,,
92025.T,ANA Holdings Inc.,0,0,10,10,,EPS低い/無配年あり/営業CF合計マイナス,,
7726.T,Kuroda Precision Industries Ltd.,1,7,2,10,8367331328.0,ROE低い/EPS低い/2回減配あり/3回以上減配あり,0.3276455026455027,
2721.T,J-Holdings Corp.,0,0,10,10,1652848000.0,ROE低い/EPS低い/無配年あり/営業CF合計マイナス,,
9973.T,"KOZO Holdings Co.,Ltd.",0,0,10,10,5645171712.0,ROE低い/EPS低い/無配年あり/営業CF合計マイナス,,
4052.T,Ficha Inc.,0,0,10,10,6239320064.0,ROE低い/無配年あり/営業CF合計マイナス,,
3070.T,"JELLY BEANS GROUP Co., Ltd.",0,8,2,10,3738897408.0,ROE低い/EPS低い/無配年あり/営業CF合計マイナス,-0.3333333333333333,
3976.T,SHANON Inc.,0,0,10,10,3034084352.0,EPS低い/無配年あり,,
6721.T,Wintest Corp.,0,0,10,10,4119437056.0,ROE低い/EPS低い/無配年あり/営業CF合計マイナス,,
2385.T,Soiken Holdings Inc.,0,0,10,10,5754803712.0,ROE低い/減収傾向/配当性向100%以上/無配年あり,0.17857142857142858,
407A.T,"Unicon Holdings Co., Ltd.",0,0,10,10,9192361984.0,EPS低い/無配年あり,,
4011.T,"Headwaters Co.,Ltd",0,0,10,10,14314241024.0,ROE低い/EPS低い/無配年あり,,
298A.T,"GVA TECH,Inc.",0,0,10,10,1447119360.0,ROE低い/EPS低い/無配年あり/営業CF合計マイナス,,
149A.T,"Thinca Co.,Ltd.",0,0,10,10,2762427648.0,ROE低い/EPS低い/無配年あり,,
9812.T,"T.O. Holdings CO.,LTD.",0,10,0,10,1480385920.0,自己資本比率低い/EPS低い/無配年あり/減収傾向/ROE低い,-0.3333333333333333,
4059.T,"Magmag, Inc.",0,0,10,10,1102184960.0,ROE低い/減収傾向/無配年あり,-1.0,
9885.T,"Charle Co.,Ltd.",0,8,2,10,4928049152.0,営業CF合計マイナス/EPS低い/2回減配あり/ROE低い/3回以上減配あり,-0.1037037037037037,
6993.T,"Daikokuya Holdings Co.,Ltd.",0,7,2,9,68258824192.0,営業CF合計マイナス/現金比率低い/EPS低い/無配年あり/ROE低い,,
7746.T,"Okamoto Glass Co., Ltd.",0,7,2,9,27753388032.0,ROE低い/EPS低い/無配年あり,,
3598.T,"Yamaki Co.,Ltd.",0,7,2,9,2239948032.0,ROE低い/EPS低い/2回減配あり/無配年あり,-0.26666666666666666,
2134.T,"Kitahama Capital Partners Co.,Ltd.",0,5,4,9,10771773440.0,営業CF合計マイナス/現金比率低い/EPS低い/無配年あり/ROE低い,,
4100.T,TODA KOGYO CORP.,0,7,2,9,11736684544.0,自己資本比率低い/EPS低い/2回減配あり/無配年あり/ROE低い/3回以上減配あり,-0.2,
8518.T,"Japan Asia Investment Co., Ltd.",0,7,2,9,4040498432.0,ROE低い/EPS低い/無配年あり,,
5563.T,"Nippon Denko Co., Ltd.",0,9,0,9,55445684224.0,EPS低い/2回減配あり/無配年あり/減収傾向/ROE低い,0.13813038472964945,
7138.T,"TORICO Co., Ltd.",0,8,0,8,2445612032.0,営業CF合計マイナス/EPS低い/無配年あり/減収傾向/ROE低い,,
3350.T,Metaplanet Inc.,0,4,4,8,413609623552.0,ROE低い/EPS低い/無配年あり,,
7578.T,"Nichiryoku Co.,Ltd.",0,8,0,8,1291621760.0,営業CF合計マイナス/EPS低い/2回減配あり/無配年あり/減収傾向/ROE低い/3回以上減配あり,-0.44000000000000006,
4587.T,PeptiDream Inc.,0,4,4,8,145667227648.0,ROE低い/EPS低い/無配年あり,,
2459.T,"AUN CONSULTING, Inc.",0,8,0,8,1335498368.0,営業CF合計マイナス/EPS低い/無配年あり/減収傾向/ROE低い,,
7689.T,Copa Corporation Inc.,0,8,0,8,1066635392.0,営業CF合計マイナス/EPS低い/無配年あり/減収傾向/ROE低い,,
2160.T,GNI Group Ltd.,0,4,4,8,214555541504.0,ROE低い/EPS低い/無配年あり,,
8105.T,Bitcoin Japan Corporation,0,8,0,8,4834079232.0,営業CF合計マイナス/EPS低い/2回減配あり/無配年あり/減収傾向/ROE低い/3回以上減配あり,-0.3931428571428571,
6740.T,Japan Display Inc.,0,8,0,8,209016258560.0,自己資本比率低い/営業CF合計マイナス/EPS低い/無配年あり/減収傾向,,
6579.T,"logly,Inc.",0,8,0,8,1254989952.0,営業CF合計マイナス/EPS低い/無配年あり/減収傾向/ROE低い,,
2334.T,eole Inc.,0,4,4,8,24183384064.0,ROE低い/現金比率低い/無配年あり/EPS低い,,
3931.T,VALUE GOLF Inc.,0,3,4,7,2679497728.0,ROE低い/EPS低い/無配年あり/営業CF合計マイナス,0.25,
7794.T,EDP Corporation,0,5,2,7,16927751168.0,営業CF合計マイナス/現金比率低い/EPS低い/無配年あり/ROE低い,,
9760.T,"Shingakukai Holdings Co.,Ltd.",0,3,4,7,1931223040.0,営業CF合計マイナス/EPS低い/2回減配あり/無配年あり/ROE低い/3回以上減配あり,-0.2037037037037037,
4446.T,Link-U Group Inc.,0,7,0,7,10178677760.0,ROE低い/EPS低い/無配年あり,,
3315.T,"Nippon Coke & Engineering Company, Limited",0,7,0,7,27938185216.0,自己資本比率低い/EPS低い/2回減配あり/無配年あり/減収傾向/ROE低い/3回以上減配あり,0.19791666666666669,
7774.T,"Japan Tissue Engineering Co., Ltd.",0,5,2,7,35493097472.0,営業CF合計マイナス/現金比率低い/EPS低い/無配年あり/ROE低い,,
3825.T,"Remixpoint, Inc.",0,5,2,7,37678714880.0,営業CF合計マイナス/現金比率低い/EPS低い/2回減配あり/無配年あり/ROE低い/3回以上減配あり,-0.625,
6775.T,TB Group Inc.,0,3,4,7,1972268416.0,ROE低い/EPS低い/無配年あり/営業CF合計マイナス,,
4074.T,"LaKeel, Inc.",0,2,4,6,5261316608.0,ROE低い/EPS低い/無配年あり,,
3907.T,Silicon Studio Corporation,0,2,4,6,5435056640.0,ROE低い/EPS低い/無配年あり,-1.0,
3557.T,"United & Collective Co., Ltd.",0,2,4,6,2477060096.0,ROE低い/EPS低い/自己資本比率低い/無配年あり,,
5704.T,JMC Corporation,0,2,4,6,2092195200.0,ROE低い/EPS低い/無配年あり,,
3121.T,"MBK Co.,Ltd.",0,2,4,6,7902200832.0,ROE低い/EPS低い/2回減配あり/無配年あり,0.125,
4170.T,"Kaizen Platform, Inc.",0,2,4,6,1931939712.0,ROE低い/EPS低い/無配年あり,,
3779.T,"J Escom Holdings,Inc.",0,3,2,5,1388120704.0,ROE低い/EPS低い/無配年あり/営業CF合計マイナス,,
546A.T,"Miraini Holdings Co., Ltd.",0,5,0,5,96510386176.0,EPS低い/無配年あり/営業CF合計マイナス,,
6046.T,Linkbal Inc.,0,0,4,4,2703010304.0,ROE低い/EPS低い/無配年あり/営業CF合計マイナス,,
3726.T,"4Cs HD Co., Ltd.",0,0,4,4,4413702144.0,ROE低い/EPS低い/無配年あり/営業CF合計マイナス,,
8107.T,Kimuratan Corporation,0,0,4,4,8260951552.0,自己資本比率低い/現金比率低い/EPS低い/無配年あり/ROE低い,,
4840.T,TriIs Incorporated,0,0,4,4,7079506944.0,営業CF合計マイナス/EPS低い/2回減配あり/無配年あり/ROE低い/3回以上減配あり,-0.15,
7501.T,Tiemco Ltd.,0,0,4,4,3615554304.0,営業CF合計マイナス/EPS低い/2回減配あり/無配年あり/ROE低い,-0.04097222222222223,
3237.T,"Intrance Co., Ltd.",0,0,4,4,4137822208.0,自己資本比率低い/営業CF合計マイナス/EPS低い/無配年あり/ROE低い,-0.3333333333333333,
9227.T,"Microwave Chemical Co., Ltd.",0,0,4,4,13057586176.0,EPS低い/無配年あり,,
9972.T,"Altech Co., Ltd.",0,0,4,4,3979353344.0,ROE低い/EPS低い/無配年あり,0.15740740740740738,
3985.T,TEMONA.inc.,0,0,4,4,2033171584.0,ROE低い/EPS低い/無配年あり,,
3987.T,Ecomott Inc.,0,0,4,4,3224178688.0,ROE低い/EPS低い/無配年あり/営業CF合計マイナス,,
6085.T,Architects Studio Japan Inc.,0,0,4,4,10326668288.0,EPS低い/無配年あり/営業CF合計マイナス,,
2388.T,"Wedge Holdings CO.,LTD.",0,0,4,4,721736384.0,ROE低い/EPS低い/無配年あり,,
5242.T,"EYEZ,INC.",0,0,4,4,2431447040.0,ROE低い/EPS低い/無配年あり,,
5216.T,"Kuramoto Co., Ltd.",0,0,4,4,7376675840.0,EPS低い/無配年あり/営業CF合計マイナス,,
7524.T,Marche Corporation,0,0,4,4,2933220352.0,自己資本比率低い/営業CF合計マイナス/EPS低い/2回減配あり/無配年あり/ROE低い,-0.3,
4584.T,Kidswell Bio Corporation,0,0,4,4,8289191424.0,自己資本比率低い/営業CF合計マイナス/EPS低い/無配年あり/ROE低い,,
7886.T,"Yamato Mobility & Mfg. Co.,Ltd.",0,2,2,4,946156928.0,ROE低い/EPS低い/自己資本比率低い/無配年あり,,
3727.T,Aplix Corporation,0,2,2,4,7238870016.0,ROE低い/EPS低い/無配年あり,0.0,
7776.T,CellSeed Inc.,0,0,4,4,8594358272.0,ROE低い/EPS低い/無配年あり/営業CF合計マイナス,,
7815.T,"Tokyo Board Industries Co., Ltd.",0,0,4,4,881238848.0,EPS低い/2回減配あり/無配年あり,-0.375,
6694.T,Zoom Corporation,0,0,4,4,3671801856.0,EPS低い/2回減配あり/無配年あり/ROE低い/3回以上減配あり,0.1547689771707633,
4056.T,Neural Group Inc.,0,0,4,4,3455360512.0,ROE低い/EPS低い/無配年あり/営業CF合計マイナス,,
6537.T,"Washhouse Co.,Ltd.",0,0,4,4,2174565120.0,ROE低い/EPS低い/無配年あり,-0.25,
4777.T,Gala Incorporated,0,0,4,4,5520905216.0,ROE低い/EPS低い/無配年あり/営業CF合計マイナス,,
4583.T,Chiome Bioscience Inc.,0,0,4,4,8437227008.0,ROE低い/EPS低い/無配年あり/営業CF合計マイナス,,
2138.T,"CROOZ, Inc.",0,2,2,4,4094984192.0,ROE低い/EPS低い/自己資本比率低い/無配年あり,-0.5,
4565.T,"Nxera Pharma Co., Ltd.",0,0,4,4,115498983424.0,ROE低い/EPS低い/無配年あり/営業CF合計マイナス,,
9425.T,ReYuu Japan Inc.,0,0,4,4,1843728512.0,ROE低い/EPS低い/無配年あり/営業CF合計マイナス,,
206A.T,"PRISM BioLab Co.,LTD",0,0,4,4,5544600064.0,ROE低い/EPS低い/無配年あり/営業CF合計マイナス,,
8946.T,Asian Star Co.,0,0,4,4,1950925056.0,ROE低い/EPS低い/無配年あり,,
3823.T,"THE WHY HOW DO COMPANY, Inc.",0,0,4,4,6006784000.0,EPS低い/無配年あり/営業CF合計マイナス,,
5026.T,"Tripleize Co.,Ltd.",0,0,4,4,5225786368.0,ROE低い/EPS低い/無配年あり/営業CF合計マイナス,,
7035.T,"and factory,inc.",0,0,4,4,2488834048.0,EPS低い/無配年あり,,
254A.T,Ai Fusion Capital Group Corp.,0,0,4,4,9834022912.0,自己資本比率低い/営業CF合計マイナス/EPS低い/無配年あり/ROE低い,,
9444.T,"Toshin Holdings Co.,Ltd",0,0,4,4,1797089024.0,ROE低い/EPS低い/2回減配あり/無配年あり,-0.10841750841750841,
6634.T,JN Group Inc.,0,0,4,4,3144013312.0,ROE低い/EPS低い/無配年あり/営業CF合計マイナス,,
7983.T,Miroku Corporation,0,0,4,4,3399952896.0,ROE低い/EPS低い/2回減配あり/3回以上減配あり,-0.05842911877394636,
4179.T,G-NEXT Inc.,0,0,4,4,1877557248.0,自己資本比率低い/営業CF合計マイナス/現金比率低い/EPS低い/無配年あり,,
8746.T,"Unbanked,Inc.",0,0,4,4,2472920576.0,自己資本比率低い/営業CF合計マイナス/EPS低い/2回減配あり/無配年あり/ROE低い,-1.0,
8783.T,"abc Co., Ltd.",0,0,4,4,2243880448.0,EPS低い/無配年あり/営業CF合計マイナス,,
4378.T,CINC Corp.,0,0,4,4,1374452096.0,EPS低い/無配年あり,,
6558.T,"Cookbiz Co.,Ltd.",0,0,4,4,1879103232.0,ROE低い/EPS低い/無配年あり,,
1783.T,"Fantasista Co., Ltd.",0,0,4,4,14304834560.0,ROE低い/EPS低い/無配年あり/営業CF合計マイナス,,
6573.T,CRAVIA Inc.,0,0,4,4,1667127040.0,ROE低い/EPS低い/無配年あり/営業CF合計マイナス,,
186A.T,Astroscale Holdings Inc.,0,0,4,4,170402512896.0,自己資本比率低い/営業CF合計マイナス/現金比率低い/EPS低い/無配年あり/ROE低い,,
1711.T,"SDS HOLDINGS Co.,Ltd.",0,0,4,4,2462108416.0,自己資本比率低い/営業CF合計マイナス/現金比率低い/EPS低い/無配年あり/ROE低い,,
7038.T,Frontier Management Inc.,0,0,4,4,6885417984.0,営業CF合計マイナス/EPS低い/2回減配あり/無配年あり/ROE低い/3回以上減配あり,0.17684955141476885,
5035.T,HOUSEI Inc.,0,0,4,4,2461587456.0,ROE低い/EPS低い/無配年あり,0.0,
3840.T,VIXTON Corporation,0,0,4,4,5126174720.0,営業CF合計マイナス/現金比率低い/EPS低い/無配年あり/ROE低い,,
7090.T,Ligua Inc.,0,2,2,4,1486348288.0,ROE低い/EPS低い/自己資本比率低い/無配年あり,,
4196.T,Neo Marketing Inc.,0,0,4,4,3154376448.0,ROE低い/EPS低い/無配年あり,,
5271.T,"Toyo Asano Foundation Co., Ltd.",1,2,0,3,2960027904.0,自己資本比率低い/EPS低い/2回減配あり/減収傾向/ROE低い/3回以上減配あり,0.2111111111111111,
7412.T,ATOM Corporation,0,1,2,3,61224198144.0,自己資本比率低い/現金比率低い/EPS低い/無配年あり/ROE低い,-0.16666666666666666,
4679.T,"TAYA Co.,Ltd.",0,3,0,3,1993130496.0,営業CF合計マイナス/EPS低い/無配年あり/減収傾向/ROE低い,,
545A.T,"Toranvia Co.,Ltd.",0,3,0,3,35746844672.0,EPS低い/無配年あり/営業CF合計マイナス,,
544A.T,"GMS Group Co.,Ltd.",0,3,0,3,24409380864.0,EPS低い/無配年あり/営業CF合計マイナス,,
3286.T,TRUST Holdings Inc.,1,2,0,3,3143942144.0,ROE低い/EPS低い/2回減配あり/3回以上減配あり,0.05570474391612604,
7140.T,Petgo Corporation,0,3,0,3,1765302784.0,営業CF合計マイナス/EPS低い/無配年あり/減収傾向/ROE低い,,
7879.T,Noda Corporation,1,2,0,3,9929115648.0,EPS低い/2回減配あり/減収傾向/ROE低い/3回以上減配あり,0.12646951541559384,
4586.T,"MedRx Co., Ltd",0,0,2,2,3906248448.0,ROE低い/EPS低い/無配年あり/営業CF合計マイナス,,
4387.T,"ZUU Co.,Ltd.",0,0,2,2,2612299776.0,自己資本比率低い/営業CF合計マイナス/EPS低い/無配年あり/ROE低い,,
6228.T,"J.E.T. Co., Ltd.",0,0,2,2,9240317952.0,営業CF合計マイナス/EPS低い/2回減配あり/無配年あり/ROE低い/3回以上減配あり,-0.2429982200163428,
4597.T,Solasia Pharma K.K.,0,0,2,2,8736166912.0,ROE低い/EPS低い/無配年あり/営業CF合計マイナス,,
2778.T,"Palemo Holdings Co.,Ltd.",0,2,0,2,1457799168.0,自己資本比率低い/EPS低い/無配年あり/減収傾向/ROE低い,0.0,
9978.T,"Bunkyodo Group Holdings Co., Ltd.",0,2,0,2,1928158848.0,ROE低い/減収傾向/無配年あり/EPS低い,,
6198.T,"CAREER CO., LTD.",0,0,2,2,1677144064.0,ROE低い/EPS低い/2回減配あり/無配年あり,-0.2666666666666667,
5240.T,"monoAI technology Co.,Ltd.",0,0,2,2,2170954496.0,ROE低い/EPS低い/無配年あり/営業CF合計マイナス,,
2656.T,Vector HOLDINGS Inc.,0,0,2,2,4970425344.0,営業CF合計マイナス/現金比率低い/EPS低い/無配年あり/ROE低い,,
6217.T,Tsudakoma Corp.,0,0,2,2,5129038848.0,ROE低い/EPS低い/無配年あり/営業CF合計マイナス,-0.5,
6232.T,ACSL Ltd.,0,0,2,2,25443913728.0,ROE低い/EPS低い/無配年あり/営業CF合計マイナス,,
4427.T,"EduLab, Inc.",0,0,2,2,2309712384.0,ROE低い/EPS低い/無配年あり/営業CF合計マイナス,-0.34782608695652173,
7112.T,"Cube Co., Ltd.",0,0,2,2,3478355968.0,EPS低い/無配年あり,,
4199.T,WonderPlanet Inc.,0,0,2,2,2044743936.0,EPS低い/無配年あり/営業CF合計マイナス,-1.0,
3113.T,UNIVA Oak Holdings Limited,0,0,2,2,7738466304.0,自己資本比率低い/営業CF合計マイナス/現金比率低い/EPS低い/無配年あり/ROE低い,-0.25,
3753.T,FLIGHT SOLUTIONS Inc.,0,0,2,2,3141835776.0,ROE低い/現金比率低い/無配年あり/EPS低い,,
4596.T,"Kubota Pharmaceutical Holdings Co., Ltd.",0,0,2,2,10701510656.0,ROE低い/EPS低い/無配年あり/営業CF合計マイナス,,
175A.T,"Will Smart Co.,LTD.",0,0,2,2,1375496704.0,EPS低い/無配年あり/営業CF合計マイナス,,
130A.T,Veritas In Silico Inc.,0,0,2,2,2802433280.0,ROE低い/EPS低い/無配年あり/営業CF合計マイナス,,
5103.T,Showa Holdings Co Ltd,0,0,2,2,75847344.0,自己資本比率低い/営業CF合計マイナス/EPS低い/無配年あり/ROE低い,,
3998.T,"SuRaLa Net Co.,Ltd.",0,2,0,2,1791931520.0,ROE低い/減収傾向/無配年あり/EPS低い,,
4892.T,Cyfuse Biomedical K.K.,0,0,2,2,6630509568.0,ROE低い/EPS低い/無配年あり/営業CF合計マイナス,,
4438.T,Welby Inc.,0,0,2,2,2606585600.0,ROE低い/EPS低い/無配年あり/営業CF合計マイナス,,
4896.T,"K Pharma,Inc.",0,0,2,2,9298079744.0,ROE低い/EPS低い/無配年あり/営業CF合計マイナス,,
3041.T,"Beauty Kadan Holdings Co., Ltd.",0,2,0,2,1648500736.0,EPS低い/2回減配あり/無配年あり/ROE低い/3回以上減配あり,-0.46100249649756603,
9878.T,"SEKIDO Co., Ltd.",0,0,2,2,1221719168.0,自己資本比率低い/営業CF合計マイナス/EPS低い/2回減配あり/無配年あり/ROE低い,-0.43333333333333335,
3928.T,Mynet Inc.,0,0,2,2,2290406656.0,ROE低い/EPS低い/無配年あり,-0.5,
1382.T,"HOB Co.,Ltd.",0,0,2,2,607540544.0,ROE低い/EPS低い/無配年あり,-0.030303030303030304,
4884.T,"Kringle Pharma, Inc.",0,0,2,2,4014774528.0,ROE低い/EPS低い/無配年あり/営業CF合計マイナス,,
4881.T,FunPep Company Limited,0,0,2,2,2432001024.0,ROE低い/EPS低い/無配年あり/営業CF合計マイナス,,
2345.T,"HODL 1,inc.",0,0,2,2,1820831744.0,営業CF合計マイナス/EPS低い/2回減配あり/無配年あり/ROE低い,-0.22000000000000003,
2338.T,"Quantum Solutions Co.,Ltd.",0,0,2,2,5743309824.0,自己資本比率低い/営業CF合計マイナス/現金比率低い/EPS低い/無配年あり,,
5337.T,Danto Holdings Corporation,0,0,2,2,27889031168.0,ROE低い/EPS低い/無配年あり/営業CF合計マイナス,,
3930.T,"Hatena Co., Ltd.",0,2,0,2,2225594112.0,ROE低い/EPS低い/無配年あり,,
7036.T,eMnet Japan.co.ltd.,0,0,2,2,2502302208.0,ROE低い/EPS低い/無配年あり/営業CF合計マイナス,0.19564136260564832,
6664.T,"Optoelectronics Co., Ltd.",0,0,2,2,3809999872.0,ROE低い/EPS低い/無配年あり/営業CF合計マイナス,-1.0,
4936.T,AXXZIA Inc.,0,2,0,2,6861120000.0,ROE低い/EPS低い/無配年あり,-0.035714285714285726,
9439.T,M H Group Ltd.,0,2,0,2,3414174720.0,EPS低い/2回減配あり/無配年あり/ROE低い/3回以上減配あり,-0.625,
7992.T,"The Sailor Pen Co., Ltd.",0,0,2,2,3053247232.0,ROE低い/EPS低い/無配年あり/営業CF合計マイナス,,
9330.T,AGEHA Inc.,0,0,2,2,1262873856.0,EPS低い/無配年あり,,
6522.T,Asterisk Inc.,0,0,2,2,10265445376.0,ROE低い/EPS低い/無配年あり/営業CF合計マイナス,,
2180.T,Sunny Side Up Group Inc,0,2,0,2,13090.0,ROE低い/EPS低い/無配年あり,,
3111.T,"Omikenshi Co., Ltd.",0,0,2,2,1141281408.0,営業CF合計マイナス/EPS低い/2回減配あり/無配年あり/ROE低い,-1.0,
7360.T,"ONDECK Co., Ltd.",0,0,2,2,1589029248.0,ROE低い/EPS低い/無配年あり,,
6614.T,"Shikino High-Tech CO.,LTD.",0,0,2,2,3871382784.0,営業CF合計マイナス/現金比率低い/EPS低い/無配年あり/ROE低い,0.16666666666666666,
190A.T,Chordia Therapeutics Inc.,0,0,2,2,4889065984.0,ROE低い/EPS低い/無配年あり/営業CF合計マイナス,,
4572.T,"Carna Biosciences, Inc.",0,0,2,2,9137952768.0,ROE低い/EPS低い/無配年あり/営業CF合計マイナス,,
4576.T,"D. Western Therapeutics Institute, Inc.",0,0,2,2,4376689664.0,ROE低い/EPS低い/無配年あり/営業CF合計マイナス,,
4376.T,Kufu Company Holdings Inc.,0,0,2,2,10736350208.0,ROE低い/EPS低い/無配年あり,,
3674.T,"Aucfan Co., Ltd.",0,2,0,2,3482677504.0,ROE低い/減収傾向/無配年あり/EPS低い,,
3680.T,"Hottolink, Inc.",0,2,0,2,3122686208.0,ROE低い/減収傾向/無配年あり/EPS低い,,
3647.T,"ASULINA Co.,Ltd.",0,0,2,2,2457254144.0,営業CF合計マイナス/EPS低い/2回減配あり/無配年あり/ROE低い,-0.32222222222222224,
7957.T,"Fujicopian Co., Ltd.",0,0,2,2,3641487360.0,EPS低い/2回減配あり/無配年あり/ROE低い/3回以上減配あり,0.09738964259083978,
5597.T,"Blue Innovation Co., Ltd.",0,0,2,2,5551962624.0,ROE低い/EPS低い/無配年あり/営業CF合計マイナス,,
2484.T,"Demae-Can Co.,Ltd",0,0,2,2,16705950720.0,ROE低い/EPS低い/無配年あり/営業CF合計マイナス,-0.14727272727272728,
4166.T,Cacco Inc.,0,0,2,2,1823358080.0,ROE低い/EPS低い/無配年あり/営業CF合計マイナス,,
7603.T,"Gyet Co., Ltd.",0,0,0,0,2607894784.0,自己資本比率低い/営業CF合計マイナス/EPS低い/2回減配あり/無配年あり/減収傾向/ROE低い/3回以上減配あり,-0.4,
3271.T,Unknown,0,0,0,0,,EPS低い/無配年あり/営業CF合計マイナス,,
7585.T,Kan-Nanmaru Corporation,0,0,0,0,1555082240.0,営業CF合計マイナス/EPS低い/2回減配あり/無配年あり/ROE低い/3回以上減配あり,-0.4791666666666667,
7229.T,Unknown,0,0,0,0,,EPS低い/無配年あり/営業CF合計マイナス,,
6173.T,Unknown,0,0,0,0,,EPS低い/無配年あり/営業CF合計マイナス,,
6201.T,Unknown,0,0,0,0,,EPS低い/無配年あり/営業CF合計マイナス,,
442A.T,"Classico, Inc.",0,0,0,0,1695649408.0,EPS低い/無配年あり/営業CF合計マイナス,,
1726.T,Unknown,0,0,0,0,,EPS低い/無配年あり/営業CF合計マイナス,,
1776.T,Unknown,0,0,0,0,,EPS低い/無配年あり/営業CF合計マイナス,,
4424.T,"Amazia,inc.",0,0,0,0,2098157440.0,減収傾向/無配年あり/営業CF合計マイナス/EPS低い,,
2692.T,Unknown,0,0,0,0,,EPS低い/無配年あり/営業CF合計マイナス,,
9235.T,"Ureru Net Advertising Group Co.,Ltd.",0,0,0,0,3851415296.0,ROE低い/EPS低い/無配年あり/営業CF合計マイナス,,
9219.T,GiXo Ltd.,0,0,0,0,5053727744.0,ROE低い/EPS低い/無配年あり,0.0,
6670.T,Unknown,0,0,0,0,,EPS低い/無配年あり/営業CF合計マイナス,,
6731.T,Pixela Corporation,0,0,0,0,1608490240.0,営業CF合計マイナス/EPS低い/無配年あり/減収傾向/ROE低い,,
8289.T,Unknown,0,0,0,0,,EPS低い/無配年あり/営業CF合計マイナス,,
9927.T,Unknown,0,0,0,0,,EPS低い/無配年あり/営業CF合計マイナス,,
1444.T,"Nissou Co.,Ltd.",0,0,0,0,3153755392.0,ROE低い/EPS低い/無配年あり,,
6096.T,Unknown,0,0,0,0,,EPS低い/無配年あり/営業CF合計マイナス,,
4384.T,Unknown,0,0,0,0,,EPS低い/無配年あり/営業CF合計マイナス,,
3593.T,Unknown,0,0,0,0,,EPS低い/無配年あり/営業CF合計マイナス,,
3294.T,Unknown,0,0,0,0,,EPS低い/無配年あり/営業CF合計マイナス,,
7831.T,Wellco Holdings Corporation,0,0,0,0,1039990720.0,営業CF合計マイナス/EPS低い/2回減配あり/無配年あり/減収傾向/ROE低い/3回以上減配あり,-0.3095238095238096,
7837.T,"R. C. Core Co., Ltd.",0,0,0,0,1452835328.0,自己資本比率低い/営業CF合計マイナス/EPS低い/2回減配あり/無配年あり/減収傾向/ROE低い/3回以上減配あり,-0.25016575470768015,
8143.T,"Lapine Co., Ltd.",0,0,0,0,366380000.0,自己資本比率低い/営業CF合計マイナス/EPS低い/2回減配あり/無配年あり/減収傾向/ROE低い,-0.5,
485A.T,"PowerX,Inc.",0,0,0,0,236057231360.0,EPS低い/無配年あり/営業CF合計マイナス,,
5255.T,Monstarlab Inc.,0,0,0,0,5172593664.0,営業CF合計マイナス/EPS低い/無配年あり/減収傾向/ROE低い,,
6081.T,"Allied Architects, Inc.",0,0,0,0,2479957760.0,営業CF合計マイナス/EPS低い/無配年あり/減収傾向/ROE低い,,
2667.T,"ImageONE Co., Ltd.",0,0,0,0,1617557760.0,営業CF合計マイナス/EPS低い/無配年あり/減収傾向/ROE低い,,
9213.T,Seyfert Ltd.,0,0,0,0,1335286400.0,EPS低い/2回減配あり/無配年あり/減収傾向/ROE低い,-0.26031746031746034,
4449.T,Unknown,0,0,0,0,,EPS低い/無配年あり/営業CF合計マイナス,,
2686.T,Unknown,0,0,0,0,,EPS低い/無配年あり/営業CF合計マイナス,,
4891.T,"TMS Co., Ltd.",0,0,0,0,6070770176.0,減収傾向/無配年あり/営業CF合計マイナス/EPS低い,,
4893.T,Noile-Immune Biotech Inc.,0,0,0,0,5034283008.0,営業CF合計マイナス/EPS低い/無配年あり/減収傾向/ROE低い,,
4917.T,Unknown,0,0,0,0,,EPS低い/無配年あり/営業CF合計マイナス,,
7922.T,Unknown,0,0,0,0,,EPS低い/無配年あり/営業CF合計マイナス,,
7925.T,Unknown,0,0,0,0,,EPS低い/無配年あり/営業CF合計マイナス,,
5903.T,Unknown,0,0,0,0,,EPS低い/無配年あり/営業CF合計マイナス,,
4588.T,Oncolys BioPharma Inc.,0,0,0,0,178116575232.0,営業CF合計マイナス/EPS低い/無配年あり/減収傾向/ROE低い,,
2763.T,Unknown,0,0,0,0,,EPS低い/無配年あり/営業CF合計マイナス,,
7527.T,SystemSoft Corporation,0,0,0,0,5078499328.0,ROE低い/減収傾向/無配年あり/EPS低い,-0.14285714285714285,
6464.T,"Tsubaki Nakashima Co., Ltd.",0,0,0,0,12931570688.0,EPS低い/2回減配あり/無配年あり/減収傾向/ROE低い/3回以上減配あり,-0.19386732208901689,
9067.T,Unknown,0,0,0,0,,EPS低い/無配年あり/営業CF合計マイナス,,
3198.T,Unknown,0,0,0,0,,EPS低い/無配年あり/営業CF合計マイナス,,
9162.T,"Bleach, Inc.",0,0,0,0,5765040640.0,ROE低い/EPS低い/無配年あり,,
4494.T,Unknown,0,0,0,0,,EPS低い/無配年あり/営業CF合計マイナス,,
4530.T,Unknown,0,0,0,0,,EPS低い/無配年あり/営業CF合計マイナス,,
3664.T,Wize Inc.,0,0,0,0,2539082496.0,営業CF合計マイナス/EPS低い/無配年あり/減収傾向/ROE低い,,
4575.T,"CanBas Co., Ltd.",0,0,0,0,14659074048.0,ROE低い/EPS低い/無配年あり/営業CF合計マイナス,,
6433.T,"HEPHAIST Co., Ltd.",0,0,0,0,8053130240.0,営業CF合計マイナス/現金比率低い/EPS低い/無配年あり/減収傾向/ROE低い,0.1388888888888889,
3667.T,"enish,inc.",0,0,0,0,1523812480.0,営業CF合計マイナス/EPS低い/無配年あり/減収傾向/ROE低い,,
3189.T,Anap Holdings Inc.,0,0,0,0,4572962304.0,営業CF合計マイナス/EPS低い/2回減配あり/無配年あり/減収傾向,-0.325,
3185.T,"Dream Vision Co.,Ltd.",0,0,0,0,2020262656.0,自己資本比率低い/営業CF合計マイナス/EPS低い/無配年あり/減収傾向/ROE低い,,
3174.T,"Happiness and D Co.,Ltd.",0,0,0,0,1084827648.0,EPS低い/2回減配あり/無配年あり/減収傾向/ROE低い/3回以上減配あり,-0.027069170291676683,
6489.T,Unknown,0,0,0,0,,EPS低い/無配年あり/営業CF合計マイナス,,
9338.T,Unknown,0,0,0,0,,EPS低い/無配年あり/営業CF合計マイナス,,
4599.T,StemRIM,0,0,0,0,10655783936.0,ROE低い/EPS低い/無配年あり/営業CF合計マイナス,,
3681.T,Unknown,0,0,0,0,,EPS低い/無配年あり/営業CF合計マイナス,,
3750.T,ADR Biomedical Holdings Inc.,0,0,0,0,7124622848.0,自己資本比率低い/営業CF合計マイナス/現金比率低い/EPS低い/無配年あり/減収傾向/ROE低い,-0.3333333333333333,
281A.T,"Informetis Co., Ltd.",0,0,0,0,2321882624.0,ROE低い/EPS低い/無配年あり/営業CF合計マイナス,,
6403.T,Unknown,0,0,0,0,,EPS低い/無配年あり/営業CF合計マイナス,,
462A.T,"FUNDINNO,Inc.",0,0,0,0,5946144768.0,EPS低い/無配年あり/営業CF合計マイナス,,
4659.T,Unknown,0,0,0,0,,EPS低い/無配年あり/営業CF合計マイナス,,
8798.T,"Advance Create Co., Ltd.",0,0,0,0,3290270208.0,営業CF合計マイナス/EPS低い/2回減配あり/無配年あり/減収傾向,-0.12079022342180237,
4367.T,Unknown,0,0,0,0,,EPS低い/無配年あり/営業CF合計マイナス,,
4556.T,Unknown,0,0,0,0,,EPS低い/無配年あり/営業CF合計マイナス,,
4598.T,"Delta-Fly Pharma, Inc.",0,0,0,0,1635852288.0,自己資本比率低い/営業CF合計マイナス/現金比率低い/EPS低い/無配年あり/減収傾向/ROE低い,,
5727.T,Unknown,0,0,0,0,,EPS低い/無配年あり/営業CF合計マイナス,,
5619.T,MRSO Inc.,0,0,0,0,3052375808.0,減収傾向/無配年あり/EPS低い,,
3639.T,Voltage Incorporation,0,0,0,0,1523596032.0,営業CF合計マイナス/EPS低い/2回減配あり/無配年あり/ROE低い/3回以上減配あり,-0.7777777777777777,
218A.T,"Liberaware Co., Ltd.",0,0,0,0,20484630528.0,ROE低い/EPS低い/無配年あり/営業CF合計マイナス,,
7317.T,Unknown,0,0,0,0,,EPS低い/無配年あり/営業CF合計マイナス,,
6612.T,BALMUDA Inc.,0,0,0,0,5013752832.0,ROE低い/減収傾向/無配年あり/EPS低い,,
4263.T,"SUSMED,Inc.",0,0,0,0,7267460096.0,ROE低い/EPS低い/無配年あり/営業CF合計マイナス,,
9417.T,"Smartvalue Co., Ltd.",0,0,0,0,3349075712.0,ROE低い/EPS低い/2回減配あり/無配年あり,0.19444444444444445,
4582.T,SymBio Pharmaceuticals Limited,0,0,0,0,4488693248.0,営業CF合計マイナス/EPS低い/無配年あり/減収傾向/ROE低い,,
5856.T,Unknown,0,0,0,0,,EPS低い/無配年あり/営業CF合計マイナス,,
7940.T,Unknown,0,0,0,0,,EPS低い/無配年あり/営業CF合計マイナス,,
3815.T,"Media Kobo, Inc.",0,0,0,0,4667236864.0,EPS低い/2回減配あり/無配年あり/減収傾向/ROE低い,-0.6666666666666666,
6565.T,Unknown,0,0,0,0,,EPS低い/無配年あり/営業CF合計マイナス,,
3135.T,"MarketEnterprise Co.,Ltd",0,0,0,0,6257098752.0,ROE低い/EPS低い/無配年あり/営業CF合計マイナス,,
7999.T,Unknown,0,0,0,0,,EPS低い/無配年あり/営業CF合計マイナス,,
2540.T,Unknown,0,0,0,0,,EPS低い/無配年あり/営業CF合計マイナス,,
7088.T,Unknown,0,0,0,0,,EPS低い/無配年あり/営業CF合計マイナス,,
7074.T,Twenty-four seven Holdings Inc.,0,0,0,0,1603871616.0,営業CF合計マイナス/EPS低い/無配年あり/減収傾向/ROE低い,,
4974.T,Unknown,0,0,0,0,,EPS低い/無配年あり/営業CF合計マイナス,,
3672.T,AltPlus Holdings Inc.,0,0,0,0,2605534208.0,営業CF合計マイナス/EPS低い/無配年あり/減収傾向/ROE低い,,
6901.T,Unknown,0,0,0,0,,EPS低い/無配年あり/営業CF合計マイナス,,
7063.T,Birdman Inc.,0,0,0,0,2009537152.0,ROE低い/EPS低い/無配年あり/営業CF合計マイナス,,
3624.T,Axel Mark Inc.,0,0,0,0,5551619072.0,減収傾向/無配年あり/営業CF合計マイナス/EPS低い,,
2315.T,CAICA DIGITAL Inc.,0,0,0,0,12232010752.0,営業CF合計マイナス/EPS低い/無配年あり/減収傾向/ROE低い,,
5131.T,Linkers Corporation,0,0,0,0,2518860800.0,ROE低い/EPS低い/無配年あり,,
5129.T,FIXER Inc.,0,0,0,0,3836960768.0,ROE低い/減収傾向/無配年あり/EPS低い,,
3546.T,Unknown,0,0,0,0,,EPS低い/無配年あり/営業CF合計マイナス,,
520A.T,"J-Pharma Co., Ltd.",0,0,0,0,7463627264.0,ROE低い/EPS低い/無配年あり/営業CF合計マイナス,,
504A.T,Innovacell Inc.,0,0,0,0,28039481344.0,EPS低い/無配年あり/営業CF合計マイナス,,
2344.T,Unknown,0,0,0,0,,EPS低い/無配年あり/営業CF合計マイナス,,
4883.T,Modalis Therapeutics Corporation,0,0,0,0,3339969024.0,営業CF合計マイナス/EPS低い/無配年あり/減収傾向/ROE低い,,
1840.T,"Tsuchiya Holdings Co., Ltd.",0,0,0,0,6675721728.0,ROE低い/減収傾向/無配年あり/EPS低い,0.587037037037037,
